"text","postUrl","replies/0/id","replies/0/likesCount","replies/0/owner/fbid_v2","replies/0/owner/full_name","replies/0/owner/has_onboarded_to_text_post_app","replies/0/owner/id","replies/0/owner/is_mentionable","replies/0/owner/is_private","replies/0/owner/is_verified","replies/0/owner/latest_reel_media","replies/0/owner/profile_pic_id","replies/0/owner/profile_pic_url","replies/0/owner/username","replies/0/ownerProfilePicUrl","replies/0/ownerUsername","replies/0/repliesCount","replies/0/text","replies/0/timestamp"
"@mars.shaa","https://www.instagram.com/p/DScXOsbknyJ/",,,,,,,,,,,,,,,,,,
"❤️❤️❤️❤️❤️❤️","https://www.instagram.com/p/DM967zAySj9/",,,,,,,,,,,,,,,,,,
"ajuuu naiseu!!! @neogendermalogy.id","https://www.instagram.com/p/DM967zAySj9/",,,,,,,,,,,,,,,,,,
"@neogendermalogy.id 🙌🙌🙌🙌","https://www.instagram.com/p/DM967zAySj9/",,,,,,,,,,,,,,,,,,
"🩵🩵🩵","https://www.instagram.com/p/DM967zAySj9/",,,,,,,,,,,,,,,,,,
"Whoopsss ❤️","https://www.instagram.com/p/DM967zAySj9/",,,,,,,,,,,,,,,,,,
"@officialhanasui menyala wi🔥","https://www.instagram.com/p/DSKMdOLktok/",,,,,,,,,,,,,,,,,,
"@blpbeauty pastikan stock selalu aman yessss","https://www.instagram.com/p/DM7bXlayZks/",,,,,,,,,,,,,,,,,,
"Keren dah selalu! @blpbeauty","https://www.instagram.com/p/DM7bXlayZks/",,,,,,,,,,,,,,,,,,
"❤️❤️❤️","https://www.instagram.com/p/DNXr31pyB0w/",,,,,,,,,,,,,,,,,,
"white inc emng best bngtt sih😍🔥 @whiteinc_id","https://www.instagram.com/p/DSRwEfJkr4K/",,,,,,,,,,,,,,,,,,
"Sukses white inc kerennn bangettt 🔥","https://www.instagram.com/p/DSRwEfJkr4K/",,,,,,,,,,,,,,,,,,
"Yookkk white ink yok bisa 😍","https://www.instagram.com/p/DSRwEfJkr4K/",,,,,,,,,,,,,,,,,,
"Kereenn banget @whiteinc_id 😍😍😍","https://www.instagram.com/p/DSRwEfJkr4K/",,,,,,,,,,,,,,,,,,
"white inc baguss bangett aku lagi pake","https://www.instagram.com/p/DSRwEfJkr4K/",,,,,,,,,,,,,,,,,,
"Keren banget @whiteinc_id 👏🔥🩷🩷","https://www.instagram.com/p/DSRwEfJkr4K/",,,,,,,,,,,,,,,,,,
"Pokoknya love bgt sama produk white Inc","https://www.instagram.com/p/DSRwEfJkr4K/",,,,,,,,,,,,,,,,,,
"White inc the best 🔥❤️","https://www.instagram.com/p/DSRwEfJkr4K/",,,,,,,,,,,,,,,,,,
"semoga semakin sukses white inc ❤️🙌","https://www.instagram.com/p/DSRwEfJkr4K/",,,,,,,,,,,,,,,,,,
"white inc emang sebagus itu sihhh😍","https://www.instagram.com/p/DSRwEfJkr4K/",,,,,,,,,,,,,,,,,,
"Wawww White inc kerennn banget sih naik signifikan semoga konsisten, Marina sama Vaseline juga bagus banget sih aku suka, ketiganya bagus bagus banget, 3 produk yg suka aku pake white inc, Marina and Vaseline emang bagus bagus banget sih recommended pokonya, semuanya bagus sampe bingung milih, jadi Klo pake sesuai mood deh, tapi yg lain juga ngk kalah bagus, citra Purbasari juga bagus, bagus bagus sih semuanya kerennnnnn, sukses semuanya 🔥🔥🔥","https://www.instagram.com/p/DSRwEfJkr4K/",,,,,,,,,,,,,,,,,,
"Wawwwwwww white inc 🔥🔥🔥🔥💚","https://www.instagram.com/p/DSRwEfJkr4K/",,,,,,,,,,,,,,,,,,
"@whiteinc_id 👏👏","https://www.instagram.com/p/DSRwEfJkr4K/",,,,,,,,,,,,,,,,,,
"congrats @whiteinc_id","https://www.instagram.com/p/DSRwEfJkr4K/",,,,,,,,,,,,,,,,,,
"White inc❤️🔥","https://www.instagram.com/p/DSRwEfJkr4K/",,,,,,,,,,,,,,,,,,
"WAH congratulations @moell.id brand baru tp bs nyalip para brand legend 👏👏👏","https://www.instagram.com/p/DNkj0vxyJnT/",,,,,,,,,,,,,,,,,,
"Keren banget @moell_healthybabyclub @moell.id 😍😍😍","https://www.instagram.com/p/DNkj0vxyJnT/",,,,,,,,,,,,,,,,,,
"🙌🙌","https://www.instagram.com/p/DNkj0vxyJnT/",,,,,,,,,,,,,,,,,,
"@moell.id  sangat sangat best pokoknya....🤎🤎🤎🤎🤎 Maju terus moell untuk anak Indonesia ❤️","https://www.instagram.com/p/DNkj0vxyJnT/",,,,,,,,,,,,,,,,,,
"Yeee @moell.id emang best banget 😍","https://www.instagram.com/p/DNkj0vxyJnT/",,,,,,,,,,,,,,,,,,
"🔥🔥👏","https://www.instagram.com/p/DNkj0vxyJnT/",,,,,,,,,,,,,,,,,,
"Tencu sudah menemani tumbuh kembang anakku Moell 😍❤️","https://www.instagram.com/p/DNkj0vxyJnT/",,,,,,,,,,,,,,,,,,
"Termoell moell😍🤎🤎🤎🫶🏻 @moell.id","https://www.instagram.com/p/DNkj0vxyJnT/",,,,,,,,,,,,,,,,,,
"@expertcare.id 😍😍","https://www.instagram.com/p/DNkj0vxyJnT/",,,,,,,,,,,,,,,,,,
"@moell.id skincare andalan anakku nih 😍😍 cocok banget mulai dr shampoo, hair lotion, sepaket dr ujung rambut sampai kulit 😍","https://www.instagram.com/p/DNkj0vxyJnT/",,,,,,,,,,,,,,,,,,
"Skincare @moell.id favorit anak aku😍","https://www.instagram.com/p/DNkj0vxyJnT/",,,,,,,,,,,,,,,,,,
"Moell emang sekeren itu","https://www.instagram.com/p/DNkj0vxyJnT/",,,,,,,,,,,,,,,,,,
"@moell.id","https://www.instagram.com/p/DNkj0vxyJnT/",,,,,,,,,,,,,,,,,,
"makasih smua ibu2 untuk kepercayaanya","https://www.instagram.com/p/DNkj0vxyJnT/",,,,,,,,,,,,,,,,,,
"🐝🐝🐝 semangat @beeme.official keren banget bisa bareng2 brand besar lainnya. terimakasih supportnya buibu sudah sedia Beeme sebagai pelengkap skincare andalan keluarga.","https://www.instagram.com/p/DNkj0vxyJnT/",,,,,,,,,,,,,,,,,,
"Dr LSW itu aja produk non bpom?? Bukan local brand juga","https://www.instagram.com/p/DMpViQLy8mU/",,,,,,,,,,,,,,,,,,
"coolvita itu RRC bukan local brand🤭 @compas.co.id","https://www.instagram.com/p/DMpViQLy8mU/",,,,,,,,,,,,,,,,,,
"Thankyou for featuring us! 🧡🧡","https://www.instagram.com/p/DS7A_F7Eubn/",,,,,,,,,,,,,,,,,,
"masyaAllah @camille.beauty @nadshavv 😍❤️🔥","https://www.instagram.com/p/DN701ppEo8W/",,,,,,,,,,,,,,,,,,
"@pratista.official  wahh congrats aku pecinta facemist mu😭❤️hhuuu seneng bgt brand yg ku pake jdi brand terbaik no 1😍","https://www.instagram.com/p/DN701ppEo8W/",,,,,,,,,,,,,,,,,,
"wihhh keren mamiyaa congratss @nadshavv 😍😍","https://www.instagram.com/p/DN701ppEo8W/",,,,,,,,,,,,,,,,,,
"@thisisyour.id @adelineweener kak congratss ikutan seneng liatnya masuk top list❤️","https://www.instagram.com/p/DN701ppEo8W/",,,,,,,,,,,,,,,,,,
"Hii ada @camille.beauty selamat mamiya🔥🙌❤️😍 @nadshavv  banggaa😍","https://www.instagram.com/p/DN701ppEo8W/",,,,,,,,,,,,,,,,,,
"Keren bgt mamiyaaaaa😍 @nadshavv @camille.beauty","https://www.instagram.com/p/DN701ppEo8W/",,,,,,,,,,,,,,,,,,
"alhamdulillah 🥺💖 @pratista.official","https://www.instagram.com/p/DN701ppEo8W/",,,,,,,,,,,,,,,,,,
"pratistaaaaaaa😍😍😍","https://www.instagram.com/p/DN701ppEo8W/",,,,,,,,,,,,,,,,,,
"Congrats Avene @eauthermaleaveneid ❤️❤️","https://www.instagram.com/p/DN701ppEo8W/",,,,,,,,,,,,,,,,,,
"@nadshavv selamat mamiyaa,makin laris manis yah❤️","https://www.instagram.com/p/DN701ppEo8W/",,,,,,,,,,,,,,,,,,
"Congrats mamiyaaa kesayangan😍😍 @nadshavv","https://www.instagram.com/p/DN701ppEo8W/",,,,,,,,,,,,,,,,,,
"@pratista.official akhirnyaa facemist kecintaan jadiiii no 1 best banget emang😍","https://www.instagram.com/p/DN701ppEo8W/",,,,,,,,,,,,,,,,,,
"ikut happy, keren bgt sumpilllll @thisisyour.id","https://www.instagram.com/p/DN701ppEo8W/",,,,,,,,,,,,,,,,,,
"ikt hppy , keren bgt sumpahh @pratista.official","https://www.instagram.com/p/DN701ppEo8W/",,,,,,,,,,,,,,,,,,
"masyaallah alhamdulillahh minstaaa🥹🤍 @pratista.official","https://www.instagram.com/p/DN701ppEo8W/",,,,,,,,,,,,,,,,,,
"Tim @expertcare.id 🔥😍💜","https://www.instagram.com/p/DSXAkx2EjAj/",,,,,,,,,,,,,,,,,,
"Alhamdulillah dermathib emang keren abizzz🔥","https://www.instagram.com/p/DR1jsZxkpmB/",,,,,,,,,,,,,,,,,,
"wiiih ukhtiy🙌","https://www.instagram.com/p/DR1jsZxkpmB/",,,,,,,,,,,,,,,,,,
"sukses terus Ukhtiy, Congrats!😍","https://www.instagram.com/p/DR1jsZxkpmB/",,,,,,,,,,,,,,,,,,
"ukhtiy memang bestt🙌🔥","https://www.instagram.com/p/DR1jsZxkpmB/",,,,,,,,,,,,,,,,,,
"dermathib emang keren bgt!! ❤️","https://www.instagram.com/p/DR1jsZxkpmB/",,,,,,,,,,,,,,,,,,
"suksesss terus ukhtiy!😍🔥","https://www.instagram.com/p/DR1jsZxkpmB/",,,,,,,,,,,,,,,,,,
"ukhtiyy tambah mantapp nih🔥","https://www.instagram.com/p/DR1jsZxkpmB/",,,,,,,,,,,,,,,,,,
"ukhtiy kerennn 🥰","https://www.instagram.com/p/DR1jsZxkpmB/",,,,,,,,,,,,,,,,,,
"wah ukhtiy mantappp😍😍😍","https://www.instagram.com/p/DR1jsZxkpmB/",,,,,,,,,,,,,,,,,,
"Dermathib pancen uapik pol jos tenan👏☺️","https://www.instagram.com/p/DR1jsZxkpmB/",,,,,,,,,,,,,,,,,,
"Sukses terus Ukhtiy!!😍😍","https://www.instagram.com/p/DR1jsZxkpmB/",,,,,,,,,,,,,,,,,,
"ukhtiy 🙌","https://www.instagram.com/p/DR1jsZxkpmB/",,,,,,,,,,,,,,,,,,
"ukhtiy kolagen keren polll🙌❤️","https://www.instagram.com/p/DR1jsZxkpmB/",,,,,,,,,,,,,,,,,,
"ukhtiy kerenn!😍","https://www.instagram.com/p/DR1jsZxkpmB/",,,,,,,,,,,,,,,,,,
"Dermathib paling best sih👏","https://www.instagram.com/p/DR1jsZxkpmB/",,,,,,,,,,,,,,,,,,
"❤️🙌","https://www.instagram.com/p/DQq2f5QksrS/",,,,,,,,,,,,,,,,,,
"elformula sama madame gie brand prc","https://www.instagram.com/p/DRJsfL4Eo-4/",,,,,,,,,,,,,,,,,,
"@vectorlabsofficial 😍😍😍🔥","https://www.instagram.com/p/DRy7V3JElWQ/",,,,,,,,,,,,,,,,,,
"Omg🔥","https://www.instagram.com/p/DR_z1NgkjcV/",,,,,,,,,,,,,,,,,,
"Wardahku😍","https://www.instagram.com/p/DR_z1NgkjcV/",,,,,,,,,,,,,,,,,,
"Ni kak @airacomel14","https://www.instagram.com/p/DR_z1NgkjcV/",,,,,,,,,,,,,,,,,,
"Mashaa Allah @paragoncorp 👏","https://www.instagram.com/p/DR_z1NgkjcV/",,,,,,,,,,,,,,,,,,
"@vitamindiskon #pastiasli","https://www.instagram.com/p/DR4I63mEozx/",,,,,,,,,,,,,,,,,,
"Wihh keren jugaa @spencersindonesia","https://www.instagram.com/p/DNNXyffy8hV/",,,,,,,,,,,,,,,,,,
"Lencir ❤️ @micellehalim","https://www.instagram.com/p/DNNXyffy8hV/",,,,,,,,,,,,,,,,,,
"Keren banget dong @lencirindonesia by @micellehalim 🔥🔥","https://www.instagram.com/p/DNNXyffy8hV/",,,,,,,,,,,,,,,,,,
"Menyala @micellehalim ❤️","https://www.instagram.com/p/DNNXyffy8hV/",,,,,,,,,,,,,,,,,,
"parah sih keren oy @spencersindonesia","https://www.instagram.com/p/DNNXyffy8hV/",,,,,,,,,,,,,,,,,,
"Congratss @rayaathaya_ @kitslimy 🙌","https://www.instagram.com/p/DNNXyffy8hV/",,,,,,,,,,,,,,,,,,
"Aku pernah coba flimty dan lencir, lencir repeat order sih 🔥","https://www.instagram.com/p/DNNXyffy8hV/",,,,,,,,,,,,,,,,,,
"herbalife😍👏 @herbalifeindonesiaofficial","https://www.instagram.com/p/DNNXyffy8hV/",,,,,,,,,,,,,,,,,,
"MasyaAllahhhh mantep bener spencers, semoga bisa naik terus jadi top 5 yakk🔥","https://www.instagram.com/p/DNNXyffy8hV/",,,,,,,,,,,,,,,,,,
"kalo di aku, lencir lebih works daripada flimty. dua²nya sama² strong tapi lencir lebih strong drpd flimty padahal flimty aja uda strong (lencir yg silver yak kalo yg biru aku belom pernah coba), kalo flimty juga strong tapi ga peres isi perut keseluruhan. so i choose lencir~","https://www.instagram.com/p/DNNXyffy8hV/",,,,,,,,,,,,,,,,,,
"belum pernah seumur- umur minum ginian, emang yang rekomen buat yang lemah karena aslam tuh yang mana ya? pengen banget kurus 😭","https://www.instagram.com/p/DNNXyffy8hV/",,,,,,,,,,,,,,,,,,
".","https://www.instagram.com/p/DNNXyffy8hV/",,,,,,,,,,,,,,,,,,
"Herbalife itu kan MLM, dan bukan Lokal deh setahuku .. itu juga produknya masih mengandung gula 🤔🤔🤔","https://www.instagram.com/p/DNNXyffy8hV/",,,,,,,,,,,,,,,,,,
"Diethy kok bisa masuk ? 😅 Fake order gitu semua","https://www.instagram.com/p/DNNXyffy8hV/",,,,,,,,,,,,,,,,,,
"so far hampir semuanya udh dicobain, tapi paling cocok sama produknya spencers","https://www.instagram.com/p/DNNXyffy8hV/",,,,,,,,,,,,,,,,,,
"3 dari top 5 ini dari perusahaan yang sama","https://www.instagram.com/p/DTKd7fNkre1/",,,,,,,,,,,,,,,,,,
"Nomor 😭mojok koko","https://www.instagram.com/p/DTKd7fNkre1/",,,,,,,,,,,,,,,,,,
"Qreen @annisa_muthia @fizabella.ru 🔥","https://www.instagram.com/p/DTKd7fNkre1/",,,,,,,,,,,,,,,,,,
"whooop 😮 thank you Min ❤️","https://www.instagram.com/p/DQv_9WXkq1c/",,,,,,,,,,,,,,,,,,
"Minnnnnn💙 @gently_indonesia","https://www.instagram.com/p/DQv_9WXkq1c/",,,,,,,,,,,,,,,,,,
"Terima kasih banyak @compas.co.id dan mommy2 semua yang sudah dukung dan menggunakan produk Bambi baby🙏🏻","https://www.instagram.com/p/DQv_9WXkq1c/",,,,,,,,,,,,,,,,,,
"Octarinē😍","https://www.instagram.com/p/DRwaaHnklxs/",,,,,,,,,,,,,,,,,,
"Raecca DABESTT 💗💗💗","https://www.instagram.com/p/DSE8uBPEoaX/",,,,,,,,,,,,,,,,,,
"Best Raecca memang ❤️❤️❤️🙌😍","https://www.instagram.com/p/DSE8uBPEoaX/",,,,,,,,,,,,,,,,,,
"Raecca! Brand aku asal Bandung 🥺🩷","https://www.instagram.com/p/DSE8uBPEoaX/",,,,,,,,,,,,,,,,,,
"Kalo ditotal Paragon jadi pemimpin pasar ya karena ada 3 brand masuk top 5","https://www.instagram.com/p/DP55dngEnkb/",,,,,,,,,,,,,,,,,,
"kereennn @yoana.joana","https://www.instagram.com/p/DP55dngEnkb/",,,,,,,,,,,,,,,,,,
"Masyaallah sukses terus Noera❤️❤️","https://www.instagram.com/p/DQlqkUcEuU-/",,,,,,,,,,,,,,,,,,
"Noeraaaa bestttt","https://www.instagram.com/p/DQlqkUcEuU-/",,,,,,,,,,,,,,,,,,
"@noerabeautycare by @kismissreisha @bryanmulyawan JAYA JAYA JAYA 🔥🔥🔥","https://www.instagram.com/p/DQlqkUcEuU-/",,,,,,,,,,,,,,,,,,
"bestt bgtt noeraaa❤❤❤","https://www.instagram.com/p/DQlqkUcEuU-/",,,,,,,,,,,,,,,,,,
"Masyalaah kereeen bgt emg 🔥🔥","https://www.instagram.com/p/DQlqkUcEuU-/",,,,,,,,,,,,,,,,,,
"Masya’alloh noera❤️❤️❤️❤️","https://www.instagram.com/p/DQlqkUcEuU-/",,,,,,,,,,,,,,,,,,
"Masyaallah @noerabeautycare emang best banget😍❤️","https://www.instagram.com/p/DQlqkUcEuU-/",,,,,,,,,,,,,,,,,,
"@noerabeautycare @noerabeautybeestie brand kesayangan aku dri tahun 2019 ❤️noera emang gacorr banget sih🔥🔥🔥🔥","https://www.instagram.com/p/DQlqkUcEuU-/",,,,,,,,,,,,,,,,,,
"Selamat noera..makin sukses..semoga terus menjadi produk incaran semua kalangan❤️❤️😍","https://www.instagram.com/p/DQlqkUcEuU-/",,,,,,,,,,,,,,,,,,
"Woowwww keren banget , sukses terus noera jaya dan makin terkenal lagi aamiin❤️😍","https://www.instagram.com/p/DQlqkUcEuU-/",,,,,,,,,,,,,,,,,,
"Brand mana min yg asal US?","https://www.instagram.com/p/DQlqkUcEuU-/",,,,,,,,,,,,,,,,,,
"Ihhhh keren bgt Noera ❤️❤️❤️❤️❤️😍😍😍😍","https://www.instagram.com/p/DQlqkUcEuU-/",,,,,,,,,,,,,,,,,,
"Wihh menyala brand kesayangan akuu❤️","https://www.instagram.com/p/DQlqkUcEuU-/",,,,,,,,,,,,,,,,,,
"Noera selalu di hati ❤️","https://www.instagram.com/p/DQlqkUcEuU-/",,,,,,,,,,,,,,,,,,
"noera emang the best sih ❤️❤️ kualitas ngga kaleng2","https://www.instagram.com/p/DQlqkUcEuU-/",,,,,,,,,,,,,,,,,,
"Saniye dari brand abal² jadi masuk top 5 pemimpin pasar. Ini pake strategi apa ya?","https://www.instagram.com/p/DQd9cQfEj-P/",,,,,,,,,,,,,,,,,,
"❤️❤️❤️🔥","https://www.instagram.com/p/DQBmSlWkquc/",,,,,,,,,,,,,,,,,,
"Paragon mah menyala 🔥🔥🔥🔥❤️❤️","https://www.instagram.com/p/DQBmSlWkquc/",,,,,,,,,,,,,,,,,,
"Keren bangt wardah❤️","https://www.instagram.com/p/DQBmSlWkquc/",,,,,,,,,,,,,,,,,,
"keren local on the top 😍😍😍🔥🔥🔥","https://www.instagram.com/p/DQBmSlWkquc/",,,,,,,,,,,,,,,,,,
"Semoga tetap jaya.barokallah","https://www.instagram.com/p/DQBmSlWkquc/",,,,,,,,,,,,,,,,,,
"Omg kan lokal?","https://www.instagram.com/p/DQBmSlWkquc/",,,,,,,,,,,,,,,,,,
"🔥🔥🔥🔥🔥🔥","https://www.instagram.com/p/DN5J5C7kiGm/",,,,,,,,,,,,,,,,,,
"@provusofficial  @kevinlevroneindonesia @musclefirstofficial 🔥🔥🔥","https://www.instagram.com/p/DQL6kXuEu-1/",,,,,,,,,,,,,,,,,,
"Sea makeup bukan lokal kan?","https://www.instagram.com/p/DNDEh0Fy-Ao/",,,,,,,,,,,,,,,,,,
"@officialhanasui 😍❤️","https://www.instagram.com/p/DQWO5s-krIO/",,,,,,,,,,,,,,,,,,
"@officialhanasui 😍","https://www.instagram.com/p/DQWO5s-krIO/",,,,,,,,,,,,,,,,,,
"Wajar si kahf no 1, produknya oke banget soalnya","https://www.instagram.com/p/DMznwL3yFxw/",,,,,,,,,,,,,,,,,,
"Masya Allah @kahfeveryday produk fav suamiku, papaku, adik iparku 🙌😍","https://www.instagram.com/p/DMznwL3yFxw/",,,,,,,,,,,,,,,,,,
"👏 teman perjalanan terbaik @kahfeveryday @kahfbrotherhood","https://www.instagram.com/p/DMznwL3yFxw/",,,,,,,,,,,,,,,,,,
"Bismillah @kahfeveryday jalan yang kupilih...❤️❤️","https://www.instagram.com/p/DMznwL3yFxw/",,,,,,,,,,,,,,,,,,
"Best sih @msglowbeauty ,dikenalin besti berakhir jadi langganan❤️","https://www.instagram.com/p/DMznwL3yFxw/",,,,,,,,,,,,,,,,,,
"Andalan dari dulu @msglowformen  ga ada yang lain","https://www.instagram.com/p/DMznwL3yFxw/",,,,,,,,,,,,,,,,,,
"@rch.nurhida","https://www.instagram.com/p/DMznwL3yFxw/",,,,,,,,,,,,,,,,,,
"Kahf memang juara @kahfeveryday","https://www.instagram.com/p/DMznwL3yFxw/",,,,,,,,,,,,,,,,,,
"Kahf gada duanya, dari awal launching sampai sekarang gapernah ke lain hati❤️","https://www.instagram.com/p/DMznwL3yFxw/",,,,,,,,,,,,,,,,,,
"","https://www.instagram.com/p/DMznwL3yFxw/",,,,,,,,,,,,,,,,,,
"Kahf emang sebagus itu 🔥","https://www.instagram.com/p/DMznwL3yFxw/",,,,,,,,,,,,,,,,,,
"Semua produk kahf suami mau, kayaknya bikin helm motor merek kahf aja mau dah 😂","https://www.instagram.com/p/DMznwL3yFxw/",,,,,,,,,,,,,,,,,,
"Pengguna setia @msglowbeauty","https://www.instagram.com/p/DMznwL3yFxw/",,,,,,,,,,,,,,,,,,
"Sudah kelihatan hasilnya—glow, bersih, dan keren!
🔥The best @msglowformen","https://www.instagram.com/p/DMznwL3yFxw/",,,,,,,,,,,,,,,,,,
"👏👏 keren @msglowformen aq jg pake produknya emng sebagus itu sih buat kulit pria Indonesia ataupun Asia","https://www.instagram.com/p/DMznwL3yFxw/",,,,,,,,,,,,,,,,,,
"Skincare Routine KAHF emang Best! 👏👏","https://www.instagram.com/p/DP3R9K3krRg/",,,,,,,,,,,,,,,,,,
"MasyaAllah @kahfeveryday berkah ❤️","https://www.instagram.com/p/DP3R9K3krRg/",,,,,,,,,,,,,,,,,,
"Menyala teruuss 🔥🔥 @kahfeveryday 👏","https://www.instagram.com/p/DP3R9K3krRg/",,,,,,,,,,,,,,,,,,
"🔥🔥","https://www.instagram.com/p/DP3R9K3krRg/",,,,,,,,,,,,,,,,,,
"@kahfeveryday 🔥🙌","https://www.instagram.com/p/DP3R9K3krRg/",,,,,,,,,,,,,,,,,,
"MasyAllah BerKahf terus local on the top 😍😍😍🔥🔥🔥","https://www.instagram.com/p/DP3R9K3krRg/",,,,,,,,,,,,,,,,,,
"Warbiasah @sombong.id @sultanankrj","https://www.instagram.com/p/DP3R9K3krRg/",,,,,,,,,,,,,,,,,,
"Emang terbaik Kahf","https://www.instagram.com/p/DP3R9K3krRg/",,,,,,,,,,,,,,,,,,
"Uhuy @vito.xavier","https://www.instagram.com/p/DP3R9K3krRg/",,,,,,,,,,,,,,,,,,
"KAHFFFF❤️","https://www.instagram.com/p/DP3R9K3krRg/",,,,,,,,,,,,,,,,,,
"Kahf memang keren👏","https://www.instagram.com/p/DP3R9K3krRg/",,,,,,,,,,,,,,,,,,
"Keren bgt market share @kahfeveryday jauh diatas kempetitornya. Insya Allah susah disalip nih kalau Kahf terus berinovasi di kualitas, marketing dan service","https://www.instagram.com/p/DP3R9K3krRg/",,,,,,,,,,,,,,,,,,
"@bromen.official uhuyy tetep jadi andalankuuu","https://www.instagram.com/p/DP3R9K3krRg/",,,,,,,,,,,,,,,,,,
"Menyala @kahfeveryday","https://www.instagram.com/p/DP3R9K3krRg/",,,,,,,,,,,,,,,,,,
"Mantapss Mowell ❤️","https://www.instagram.com/p/DT2ZHVcEksl/",,,,,,,,,,,,,,,,,,
"@moell.id 😍😍😍 besttt bngt bodylotion nyaa😍😍","https://www.instagram.com/p/DT2ZHVcEksl/",,,,,,,,,,,,,,,,,,
"Wah ada brand lotionnya anakku 💜💜 Lotion @expertcare.id salah satu yang bantu permasalahan kulit anakku sampai sekarang masih setia pakai 💜","https://www.instagram.com/p/DT2ZHVcEksl/",,,,,,,,,,,,,,,,,,
"Aku udh pakai face mist dri @camille.beauty  3 tahun rutin gak pernah putus❤️❤️❤️ bangga bangett sukses selalu mamiyaaa @nadshavv ❤️🔥","https://www.instagram.com/p/DQtZY-5Etyn/",,,,,,,,,,,,,,,,,,
"aku juga pke face spary tiy nihh udh dri tahun 2024, soalnya cocok dan hasilnya bagus di aku🥰","https://www.instagram.com/p/DQtZY-5Etyn/",,,,,,,,,,,,,,,,,,
"menyalaaa camille🔥😍 @camille.beauty @nadshavv @rifqimubarakkk","https://www.instagram.com/p/DQtZY-5Etyn/",,,,,,,,,,,,,,,,,,
"Whaaaaa hebat banget @camille.beauty selamat untuk kakkaku @nadshavv 💖🥰","https://www.instagram.com/p/DQtZY-5Etyn/",,,,,,,,,,,,,,,,,,
"GO CAMILLE GOOOOO CAMILLE🔥🔥🔥","https://www.instagram.com/p/DQtZY-5Etyn/",,,,,,,,,,,,,,,,,,
"MASYAALLAH GO CAMILLE GO CAMILLE GO🔥💖 GAK HERAN SIH CAMILLE NOMOR SATU, SOALNYA BRAND NYA AJA SEBAGUS ITU WOIII YG KULIT SENSITIF AJA COCOK!!!!! DITAMBAH OWNER-NYA SUKA BERBAGI😍😍🔥KU SUMPAHIN @camille.beauty MAKIN SUKSES,LANCAR DUNIA AKHIRAT🔥🔥🔥","https://www.instagram.com/p/DQtZY-5Etyn/",,,,,,,,,,,,,,,,,,
"Selamat mamiya semoga makin sukses karir nya menyalaaaaaa mamiya❤️❤️❤️❤️ @nadshavv","https://www.instagram.com/p/DQtZY-5Etyn/",,,,,,,,,,,,,,,,,,
"bangga bgt camille gueeee @camille.beauty @nadshavv","https://www.instagram.com/p/DQtZY-5Etyn/",,,,,,,,,,,,,,,,,,
"congratulations @camille.beauty @nadshavv","https://www.instagram.com/p/DQtZY-5Etyn/",,,,,,,,,,,,,,,,,,
"wii bangga bgt gue sbg pengguna camille🥰","https://www.instagram.com/p/DQtZY-5Etyn/",,,,,,,,,,,,,,,,,,
"I'm proud of you @camille.beauty @nadshavv 🔥❤️","https://www.instagram.com/p/DQtZY-5Etyn/",,,,,,,,,,,,,,,,,,
"@camille.beauty @nadshavv gacorrtt🔥😍","https://www.instagram.com/p/DQtZY-5Etyn/",,,,,,,,,,,,,,,,,,
"ih keren bngt tiy masup 10 besarrr congratsss😍😍","https://www.instagram.com/p/DQtZY-5Etyn/",,,,,,,,,,,,,,,,,,
"Camille emang gacor dan bagus bgt congrast mamiya, team @camille.beauty @nadshavv bangga bgt aku sebagai pengguna Camille 😍😍😍😍🔥❤️","https://www.instagram.com/p/DQtZY-5Etyn/",,,,,,,,,,,,,,,,,,
"Proud @nadshavv @camille.beauty camille memimpin tag dulu teamnya @karinameidy @den.kusumaa @ferdhyprataa @rismamel_ 🔥❤️","https://www.instagram.com/p/DQtZY-5Etyn/",,,,,,,,,,,,,,,,,,
"Saniye no 3 tp takut cobain productnya🙌","https://www.instagram.com/p/DTuldT9EsIA/",,,,,,,,,,,,,,,,,,
"Trnyta saniye product best jg yaa","https://www.instagram.com/p/DTuldT9EsIA/",,,,,,,,,,,,,,,,,,
"Yuu mulai skrg support brand local","https://www.instagram.com/p/DTuldT9EsIA/",,,,,,,,,,,,,,,,,,
"SANIYE SIAPEEEE","https://www.instagram.com/p/DTuldT9EsIA/",,,,,,,,,,,,,,,,,,
"Pixy?.. waaaw👏","https://www.instagram.com/p/DTuldT9EsIA/",,,,,,,,,,,,,,,,,,
"esqa bknnya luar ya?","https://www.instagram.com/p/DTuldT9EsIA/",,,,,,,,,,,,,,,,,,
"Pixyyyy the best👏","https://www.instagram.com/p/DTuldT9EsIA/",,,,,,,,,,,,,,,,,,
"Saniye saha","https://www.instagram.com/p/DTuldT9EsIA/",,,,,,,,,,,,,,,,,,
"Pixy global??","https://www.instagram.com/p/DTuldT9EsIA/",,,,,,,,,,,,,,,,,,
"Gila pixy diem2 ya, pdhl gak berisik loh dia 😂👏","https://www.instagram.com/p/DTuldT9EsIA/",,,,,,,,,,,,,,,,,,
"mulai skg produk lokal2 aja ges","https://www.instagram.com/p/DTuldT9EsIA/",,,,,,,,,,,,,,,,,,
"Gilaaakkk pixy diem gak brisik tau tau rangking 1😂😂😂😂 mana peminatnya banyak garis keras 😂","https://www.instagram.com/p/DTuldT9EsIA/",,,,,,,,,,,,,,,,,,
"Pixy u dit it🤙🏻😍","https://www.instagram.com/p/DTuldT9EsIA/",,,,,,,,,,,,,,,,,,
"Pixy emang dari mana?","https://www.instagram.com/p/DTuldT9EsIA/",,,,,,,,,,,,,,,,,,
"Ga expect gw Pixy wkwkwkw","https://www.instagram.com/p/DTuldT9EsIA/",,,,,,,,,,,,,,,,,,
"Skintific 😍😍","https://www.instagram.com/p/DT9-43uEl3B/",,,,,,,,,,,,,,,,,,
"wuoh MS Glow","https://www.instagram.com/p/DT9-43uEl3B/",,,,,,,,,,,,,,,,,,
"Bangga @msglowbeauty masuk 10 besar  masyallah ❤️❤️ @shandypurnamasari  2026 naik podium yaaa","https://www.instagram.com/p/DT9-43uEl3B/",,,,,,,,,,,,,,,,,,
"@wardahbeauty","https://www.instagram.com/p/DPn4C13khfF/",,,,,,,,,,,,,,,,,,
"@expertcare.id 🔥🔥💜💜 skincare kesayangan anakku 😍😍","https://www.instagram.com/p/DSpFMe6kg68/",,,,,,,,,,,,,,,,,,
"Woo hooo @derenfirdaus @iniyogi @ryanramadhanta 👏","https://www.instagram.com/p/DS4b0dgkoGj/",,,,,,,,,,,,,,,,,,
"Gelooo @derenfirdaus 🔥","https://www.instagram.com/p/DS4b0dgkoGj/",,,,,,,,,,,,,,,,,,
"Gatsby ga bisa diemm😍","https://www.instagram.com/p/DS4b0dgkoGj/",,,,,,,,,,,,,,,,,,
"🔥❤️","https://www.instagram.com/p/DS4b0dgkoGj/",,,,,,,,,,,,,,,,,,
"Yeaaay congrats 🍎","https://www.instagram.com/p/DO-x85Zkheq/",,,,,,,,,,,,,,,,,,
"","https://www.instagram.com/p/DTr7GqFEraK/",,,,,,,,,,,,,,,,,,
"Mantep saya bangga kahf @kahfeveryday @kahfbrobekasi @kahfbrotherhood","https://www.instagram.com/p/DTr7GqFEraK/",,,,,,,,,,,,,,,,,,
"MS Glow numb 1 🔥🔥🔥🔥🔥🔥","https://www.instagram.com/p/DTr7GqFEraK/",,,,,,,,,,,,,,,,,,
"❤️❤️❤️","https://www.instagram.com/p/DTr7GqFEraK/",,,,,,,,,,,,,,,,,,
"Komennya di spam sama tim ms glow 😅","https://www.instagram.com/p/DTr7GqFEraK/",,,,,,,,,,,,,,,,,,
"Kahf Gacor banget💥","https://www.instagram.com/p/DTr7GqFEraK/",,,,,,,,,,,,,,,,,,
"Masyaallah bangga sama Kahf 🥹","https://www.instagram.com/p/DTr7GqFEraK/",,,,,,,,,,,,,,,,,,
"Pelan tapi pasti🔥🚀","https://www.instagram.com/p/DTr7GqFEraK/",,,,,,,,,,,,,,,,,,
"@msglowbeauty @msglowformen 😍 tetap yg terrbaikkk msglow kuu 😍😍","https://www.instagram.com/p/DTr7GqFEraK/",,,,,,,,,,,,,,,,,,
"Msglowmen facial wash suamiku 👏🏻","https://www.instagram.com/p/DTr7GqFEraK/",,,,,,,,,,,,,,,,,,
"@andika_dws2","https://www.instagram.com/p/DTr7GqFEraK/",,,,,,,,,,,,,,,,,,
"Cow ya MS Glow For Men!","https://www.instagram.com/p/DTr7GqFEraK/",,,,,,,,,,,,,,,,,,
"Kahfbrooo 🙌","https://www.instagram.com/p/DTr7GqFEraK/",,,,,,,,,,,,,,,,,,
"Kerennnn mami @nadshavv @camille.beauty","https://www.instagram.com/p/DTcgS_DEvz1/",,,,,,,,,,,,,,,,,,
"Wiiii HEBAT Sekaliii @thisisyour.id Emang BAGUS BANGET!!!","https://www.instagram.com/p/DTcgS_DEvz1/",,,,,,,,,,,,,,,,,,
"emangg bestt bangett @camille.beauty  kunci ke glowingann nyaa mami @nadshavv 🥰🥰🥰","https://www.instagram.com/p/DTcgS_DEvz1/",,,,,,,,,,,,,,,,,,
"Masyallah seneng banget skincare aku top 1 emang paling bagus gong banget pokoknya @camille.beauty @nadshavv 🩷🩷","https://www.instagram.com/p/DTcgS_DEvz1/",,,,,,,,,,,,,,,,,,
"@nadshavv nad tengok nad bangga banget aku nad","https://www.instagram.com/p/DTcgS_DEvz1/",,,,,,,,,,,,,,,,,,
"Best @thisisyour.id 💖🔥🙌","https://www.instagram.com/p/DTcgS_DEvz1/",,,,,,,,,,,,,,,,,,
"Masyallah senang bgt brand yg aku pakai top 1,EMG paling gong sing apalgi sabunnya wangi bayik bgt 😍😍 lancar trus rezekinya mami 😍🔥👏@nadshavv @camille.beauty @rifqimubarakkk","https://www.instagram.com/p/DTcgS_DEvz1/",,,,,,,,,,,,,,,,,,
"aku pake herwell udah turun 30 kg, best btt emang🔥","https://www.instagram.com/p/DPOHjTLEgA7/",,,,,,,,,,,,,,,,,,
"Herwell emang bagus bangettt cooooo. DIA NIH BRANDINGNYA JUGA KAYAK CEWEK CEWEK BANGET LUCU GUE SUKAAA. Udah turun 5KG ihuyyy","https://www.instagram.com/p/DPOHjTLEgA7/",,,,,,,,,,,,,,,,,,
"congratz @brilliantthinkcenter @wookeyweight 😍🔥🎉","https://www.instagram.com/p/DPOHjTLEgA7/",,,,,,,,,,,,,,,,,,
"🤗🧡","https://www.instagram.com/p/DTNDXqZkvdW/",,,,,,,,,,,,,,,,,,
"Yeayy @expertcare.id 👏👏🔥🔥","https://www.instagram.com/p/DTNDXqZkvdW/",,,,,,,,,,,,,,,,,,
"@clorismen Juaraaaa 😍","https://www.instagram.com/p/DTfNcqkktCc/",,,,,,,,,,,,,,,,,,
"@bromen.official juaraa🔥","https://www.instagram.com/p/DTfNcqkktCc/",,,,,,,,,,,,,,,,,,
"@bromen.official paling worth it🔥","https://www.instagram.com/p/DTfNcqkktCc/",,,,,,,,,,,,,,,,,,
"Bromen terbaik sih 🔥  @bromen.official","https://www.instagram.com/p/DTfNcqkktCc/",,,,,,,,,,,,,,,,,,
"Emang bagus si bromen @bromen.official","https://www.instagram.com/p/DTfNcqkktCc/",,,,,,,,,,,,,,,,,,
"@bromen.official terbaik 🔥","https://www.instagram.com/p/DTfNcqkktCc/",,,,,,,,,,,,,,,,,,
"Bromen garis keras🔥 @bromen.official","https://www.instagram.com/p/DTfNcqkktCc/",,,,,,,,,,,,,,,,,,
"@bromen.official yg paling josjis","https://www.instagram.com/p/DTfNcqkktCc/",,,,,,,,,,,,,,,,,,
"ngerii"" @bromen.official 🔥🔥","https://www.instagram.com/p/DTfNcqkktCc/",,,,,,,,,,,,,,,,,,
"😍😍😍 @clorismen","https://www.instagram.com/p/DTfNcqkktCc/",,,,,,,,,,,,,,,,,,
"@bromen.official 👏","https://www.instagram.com/p/DTfNcqkktCc/",,,,,,,,,,,,,,,,,,
"Yaa pasti @bromen.official dong🔥🔥🔥","https://www.instagram.com/p/DTfNcqkktCc/",,,,,,,,,,,,,,,,,,
"@bromen.official 🔥🔥🔥🔥","https://www.instagram.com/p/DTfNcqkktCc/",,,,,,,,,,,,,,,,,,
"@bromen.official🔥🔥🔥","https://www.instagram.com/p/DTfNcqkktCc/",,,,,,,,,,,,,,,,,,
"@bromen.official 🔥🔥🔥","https://www.instagram.com/p/DTfNcqkktCc/",,,,,,,,,,,,,,,,,,
"ihiyyy, yang belum pakai Azalea, yuk cobain❤️❤️❤️","https://www.instagram.com/p/DOGBM4kkp_f/",,,,,,,,,,,,,,,,,,
"MasyaAllah MS GLOW menyalaaaaaa @novacantikmsglow 😍😍🔥🔥","https://www.instagram.com/p/DPgJKHpEqrd/",,,,,,,,,,,,,,,,,,
"MasyaAllah MS GLOW makin menyala 😍🔥❤️","https://www.instagram.com/p/DPgJKHpEqrd/",,,,,,,,,,,,,,,,,,
"Keren @msglowinhu 😍","https://www.instagram.com/p/DPgJKHpEqrd/",,,,,,,,,,,,,,,,,,
"MasyaAllah @msglowriau","https://www.instagram.com/p/DPgJKHpEqrd/",,,,,,,,,,,,,,,,,,
"MS Glow makin menyala🔥🔥🔥","https://www.instagram.com/p/DPgJKHpEqrd/",,,,,,,,,,,,,,,,,,
"Yg live sedetik langsung habis seribu pcs kok gak ada ya😂","https://www.instagram.com/p/DPgJKHpEqrd/",,,,,,,,,,,,,,,,,,
"Menyala msglow 👏🔥😍","https://www.instagram.com/p/DPgJKHpEqrd/",,,,,,,,,,,,,,,,,,
"Thank you @shopee_id  @compas.co.id 🔥","https://www.instagram.com/p/DPgJKHpEqrd/",,,,,,,,,,,,,,,,,,
"pdhl mk skin juga brand baru uda booming kok g msuk","https://www.instagram.com/p/DPgJKHpEqrd/",,,,,,,,,,,,,,,,,,
"Wow 🔥","https://www.instagram.com/p/DPBbBD4Eh6r/",,,,,,,,,,,,,,,,,,
"Keren banget skincare anak ku😍","https://www.instagram.com/p/DPBbBD4Eh6r/",,,,,,,,,,,,,,,,,,
"👍👍","https://www.instagram.com/p/DPBbBD4Eh6r/",,,,,,,,,,,,,,,,,,
"Yuhuuuu ❤️❤️❤️ selamat @purela.official  semoga semakin sukses...","https://www.instagram.com/p/DPBbBD4Eh6r/",,,,,,,,,,,,,,,,,,
"🥰🌸","https://www.instagram.com/p/DPBbBD4Eh6r/",,,,,,,,,,,,,,,,,,
"🔥🔥🔥","https://www.instagram.com/p/DPBbBD4Eh6r/",,,,,,,,,,,,,,,,,,
"❤️❤️❤️","https://www.instagram.com/p/DPBbBD4Eh6r/",,,,,,,,,,,,,,,,,,
"🔥🔥🔥","https://www.instagram.com/p/DPBbBD4Eh6r/",,,,,,,,,,,,,,,,,,
"wah, skincare andalan anakkuuu! 😍","https://www.instagram.com/p/DPBbBD4Eh6r/",,,,,,,,,,,,,,,,,,
"KEREEN ❤️","https://www.instagram.com/p/DPBbBD4Eh6r/",,,,,,,,,,,,,,,,,,
"wahhh masyaallah 😍","https://www.instagram.com/p/DPBbBD4Eh6r/",,,,,,,,,,,,,,,,,,
"Bangga menjadi bagian dari @purela.official","https://www.instagram.com/p/DPBbBD4Eh6r/",,,,,,,,,,,,,,,,,,
"😂😂 hmmm apakah benar","https://www.instagram.com/p/DPBbBD4Eh6r/",,,,,,,,,,,,,,,,,,
"gokiel","https://www.instagram.com/p/DPBbBD4Eh6r/",,,,,,,,,,,,,,,,,,
"Yuhuuuu cinta sekali sama  skincare andalan anakku ini ,yg bikin glowing muka anakku dan makin lembab kulit nya ❤️😍 @purela.official selamat makin sukses dan jaya terus 🔥","https://www.instagram.com/p/DPBbBD4Eh6r/",,,,,,,,,,,,,,,,,,
"❤️❤️❤️","https://www.instagram.com/p/DPlSnMDkkBY/",,,,,,,,,,,,,,,,,,
"@makeoverid ❤️","https://www.instagram.com/p/DPlSnMDkkBY/",,,,,,,,,,,,,,,,,,
"Wardah @wardahbeauty 😍","https://www.instagram.com/p/DPlSnMDkkBY/",,,,,,,,,,,,,,,,,,
"ga heran ❤️ emng bagus siii","https://www.instagram.com/p/DPTZzLjEjzz/",,,,,,,,,,,,,,,,,,
"Aku pecintaa sunscreen wardahhh😍","https://www.instagram.com/p/DPTZzLjEjzz/",,,,,,,,,,,,,,,,,,
"Alhamdulillah semoga suncreen wardah selalu no.1👏🏻👏🏻","https://www.instagram.com/p/DPTZzLjEjzz/",,,,,,,,,,,,,,,,,,
"❤️❤️❤️","https://www.instagram.com/p/DPTZzLjEjzz/",,,,,,,,,,,,,,,,,,
"Alhamdulillah🙌","https://www.instagram.com/p/DPTZzLjEjzz/",,,,,,,,,,,,,,,,,,
"😍masyaAllah wardahku😍","https://www.instagram.com/p/DPTZzLjEjzz/",,,,,,,,,,,,,,,,,,
"yuhuuuuuuuuuwwwww @wardahbeauty ❤️🙌","https://www.instagram.com/p/DPTZzLjEjzz/",,,,,,,,,,,,,,,,,,
"Wah keren wardah, dulu2nya azarine ya klo ga salah yg no 1, skg azarine agak slow produk baru di skincarenya","https://www.instagram.com/p/DPTZzLjEjzz/",,,,,,,,,,,,,,,,,,
"Kereeen bgt Wardah Juara 💙💙💙","https://www.instagram.com/p/DPTZzLjEjzz/",,,,,,,,,,,,,,,,,,
"Wardah kerenn.. Sunscreen kecintaan aku banget 😍😍","https://www.instagram.com/p/DPTZzLjEjzz/",,,,,,,,,,,,,,,,,,
"🔥🔥🔥👏👏👏","https://www.instagram.com/p/DPTZzLjEjzz/",,,,,,,,,,,,,,,,,,
"wardah emangg juaranya👏😍😍","https://www.instagram.com/p/DPTZzLjEjzz/",,,,,,,,,,,,,,,,,,
"Pengguna wardah cung ✌️😍","https://www.instagram.com/p/DPTZzLjEjzz/",,,,,,,,,,,,,,,,,,
"Uhuy @erszautonia","https://www.instagram.com/p/DPTZzLjEjzz/",,,,,,,,,,,,,,,,,,
"Dari dulu mager bgt pake sunscreen krn selalu bikin nyumbat pori, semenjak pake wardah jadi CINTA bangett karna super ringan feelsnya dan sensitive friendly😍","https://www.instagram.com/p/DPTZzLjEjzz/",,,,,,,,,,,,,,,,,,
"🔥🔥🔥","https://www.instagram.com/p/DRO3asIkhqj/",,,,,,,,,,,,,,,,,,
"Deorex bukannya tutup ya?","https://www.instagram.com/p/DMr5XnxShv0/",,,,,,,,,,,,,,,,,,
"lip mask atau lip balm min. somethinc emang punya lip maskk yaa?","https://www.instagram.com/p/DQoPPJqknun/",,,,,,,,,,,,,,,,,,
"Masyaallah 😇😍","https://www.instagram.com/p/DGdHzC_y3Wa/",,,,,,,,,,,,,,,,,,
"❤️❤️❤️","https://www.instagram.com/p/DNnMe-5S9SH/",,,,,,,,,,,,,,,,,,
"Vitamin anakku top 1 gummy vitamin anak 🔥🔥 Congratulations @expertboost.id 🧡🧡","https://www.instagram.com/p/DSuK7hqkm4Y/",,,,,,,,,,,,,,,,,,
"Congrats @expertboost.id sebagai emak2 anak toddler vit d gummy ini membantu banget jadi gak sulit minum2 vitamin ❤️","https://www.instagram.com/p/DSuK7hqkm4Y/",,,,,,,,,,,,,,,,,,
"Terbaikkk❤️","https://www.instagram.com/p/DPD0txWEnIi/",,,,,,,,,,,,,,,,,,
"Terima kasih untuk kepercayaan seluruh masyarakat Indonesia ❤️","https://www.instagram.com/p/DPD0txWEnIi/",,,,,,,,,,,,,,,,,,
"Weh pyary 🔥 @lusianna14 @tichaafauziah","https://www.instagram.com/p/DOLK63dkjBk/",,,,,,,,,,,,,,,,,,
"Terima kasih ❤️❤️❤️","https://www.instagram.com/p/DOLK63dkjBk/",,,,,,,,,,,,,,,,,,
"Misiii menscare mau lewat🙌","https://www.instagram.com/p/DOdMbsuEltw/",,,,,,,,,,,,,,,,,,
"❤️","https://www.instagram.com/p/DMPlzAVyUW_/","18072777169969372","0","17841438470072038","Compas.co.id","true","38576306335","true","false","false","1769658245","3429875095509241882","https://scontent-lga3-1.cdninstagram.com/v/t51.2885-19/454520212_457796940578233_4785411874053225121_n.jpg?stp=dst-jpg_e0_s150x150_tt6&_nc_cat=102&ig_cache_key=GJRtFxu5vQUoXaABAKH64Mi_MmlCbkULAAAB1501500j-ccb7-5&ccb=7-5&_nc_sid=669407&efg=eyJ2ZW5jb2RlX3RhZyI6InByb2ZpbGVfcGljLnd3dy4zMjAuQzMifQ%3D%3D&_nc_ohc=Bh_Jtb06bGoQ7kNvwFP5Eod&_nc_oc=AdlTBxMreVe2y1FGfXyRZNsOIODxeDyWIuJkX334gkBdMwMjdI_-R4hSZiWWYit2vos&_nc_ad=z-m&_nc_cid=0&_nc_zt=24&_nc_ht=scontent-lga3-1.cdninstagram.com&oh=00_AfrAlm34aLaQ62KyOHf_hB848uKTcx6gMB8trxJj9xxqLg&oe=6980D039","compas.co.id","https://scontent-lga3-1.cdninstagram.com/v/t51.2885-19/454520212_457796940578233_4785411874053225121_n.jpg?stp=dst-jpg_e0_s150x150_tt6&_nc_cat=102&ig_cache_key=GJRtFxu5vQUoXaABAKH64Mi_MmlCbkULAAAB1501500j-ccb7-5&ccb=7-5&_nc_sid=669407&efg=eyJ2ZW5jb2RlX3RhZyI6InByb2ZpbGVfcGljLnd3dy4zMjAuQzMifQ%3D%3D&_nc_ohc=Bh_Jtb06bGoQ7kNvwFP5Eod&_nc_oc=AdlTBxMreVe2y1FGfXyRZNsOIODxeDyWIuJkX334gkBdMwMjdI_-R4hSZiWWYit2vos&_nc_ad=z-m&_nc_cid=0&_nc_zt=24&_nc_ht=scontent-lga3-1.cdninstagram.com&oh=00_AfrAlm34aLaQ62KyOHf_hB848uKTcx6gMB8trxJj9xxqLg&oe=6980D039","compas.co.id","0","Selamat, @ultimaii_id! Berdasarkan data penjualan Shopee di dashboard compas.co.id, Ultima II konsisten masuk Top 10 brand makeup primer di Q1 2025. Performa yang layak untuk terus diperhatikan ke depannya!🤩👏🏻

Kalau ingin mengetahui posisi brand kamu di kategori tertentu, langsung saja hubungi tim compas.co.id yaa kami siap bantu!😉","2025-07-21T07:06:15.000Z"
"@dinanggrr @mutiaranugraha_ @ismar.wulans 👏👏👏👏","https://www.instagram.com/p/DMPlzAVyUW_/",,,,,,,,,,,,,,,,,,
"Embryolisse🔥","https://www.instagram.com/p/DMPlzAVyUW_/",,,,,,,,,,,,,,,,,,
"Wardah 🔥","https://www.instagram.com/p/DLzQhv8yXoV/",,,,,,,,,,,,,,,,,,
"Gassss 🔥💖 @officialhanasui","https://www.instagram.com/p/DLzQhv8yXoV/",,,,,,,,,,,,,,,,,,
"Kalahin broo @ekaputrasuhandojo 🙌","https://www.instagram.com/p/DOannRjElGx/",,,,,,,,,,,,,,,,,,
"Gloow&be asal mana yaa kak sebenernya? Aku cek pdki pemilik orang indo, pabrik di PT alfa trijaya","https://www.instagram.com/p/DL1-796S-hs/","18471328453078821","1","17841438470072038","Compas.co.id","true","38576306335","true","false","false","1769658245","3429875095509241882","https://scontent-dfw5-2.cdninstagram.com/v/t51.2885-19/454520212_457796940578233_4785411874053225121_n.jpg?stp=dst-jpg_e0_s150x150_tt6&_nc_cat=102&ig_cache_key=GJRtFxu5vQUoXaABAKH64Mi_MmlCbkULAAAB1501500j-ccb7-5&ccb=7-5&_nc_sid=669407&efg=eyJ2ZW5jb2RlX3RhZyI6InByb2ZpbGVfcGljLnd3dy4zMjAuQzMifQ%3D%3D&_nc_ohc=Bh_Jtb06bGoQ7kNvwFJDNub&_nc_oc=AdlmuNMsSwTkw_rI11ttWwogYeMw1w8JhbiP-K1j1k4UQqPXcanvH5z1_9lYTMrfxo8&_nc_ad=z-m&_nc_cid=0&_nc_zt=24&_nc_ht=scontent-dfw5-2.cdninstagram.com&oh=00_AfrFxS4qaAlhii64LCFk3W47BM_DjjQVg6bEqMQ_T75t7Q&oe=6980D039","compas.co.id","https://scontent-dfw5-2.cdninstagram.com/v/t51.2885-19/454520212_457796940578233_4785411874053225121_n.jpg?stp=dst-jpg_e0_s150x150_tt6&_nc_cat=102&ig_cache_key=GJRtFxu5vQUoXaABAKH64Mi_MmlCbkULAAAB1501500j-ccb7-5&ccb=7-5&_nc_sid=669407&efg=eyJ2ZW5jb2RlX3RhZyI6InByb2ZpbGVfcGljLnd3dy4zMjAuQzMifQ%3D%3D&_nc_ohc=Bh_Jtb06bGoQ7kNvwFJDNub&_nc_oc=AdlmuNMsSwTkw_rI11ttWwogYeMw1w8JhbiP-K1j1k4UQqPXcanvH5z1_9lYTMrfxo8&_nc_ad=z-m&_nc_cid=0&_nc_zt=24&_nc_ht=scontent-dfw5-2.cdninstagram.com&oh=00_AfrFxS4qaAlhii64LCFk3W47BM_DjjQVg6bEqMQ_T75t7Q&oe=6980D039","compas.co.id","0","@ema.ervita Terima kasih banyak atas koreksinya, Kak Ema. 🙏
Setelah kami telusuri kembali, benar bahwa Gloow&Be merupakan brand lokal Indonesia. Mohon maaf atas kekeliruan kami dalam pemetaan sebelumnya. Masukan seperti ini sangat kami apresiasi untuk perbaikan dan lebih teliti ke depannya ☺️","2025-07-17T09:25:06.000Z"
"Menyala  wardahku 🔥🔥🔥🔥","https://www.instagram.com/p/DL1-796S-hs/","18090494419644871","1","17841438470072038","Compas.co.id","true","38576306335","true","false","false","1769658245","3429875095509241882","https://scontent-dfw5-2.cdninstagram.com/v/t51.2885-19/454520212_457796940578233_4785411874053225121_n.jpg?stp=dst-jpg_e0_s150x150_tt6&_nc_cat=102&ig_cache_key=GJRtFxu5vQUoXaABAKH64Mi_MmlCbkULAAAB1501500j-ccb7-5&ccb=7-5&_nc_sid=669407&efg=eyJ2ZW5jb2RlX3RhZyI6InByb2ZpbGVfcGljLnd3dy4zMjAuQzMifQ%3D%3D&_nc_ohc=Bh_Jtb06bGoQ7kNvwFJDNub&_nc_oc=AdlmuNMsSwTkw_rI11ttWwogYeMw1w8JhbiP-K1j1k4UQqPXcanvH5z1_9lYTMrfxo8&_nc_ad=z-m&_nc_cid=0&_nc_zt=24&_nc_ht=scontent-dfw5-2.cdninstagram.com&oh=00_AfrFxS4qaAlhii64LCFk3W47BM_DjjQVg6bEqMQ_T75t7Q&oe=6980D039","compas.co.id","https://scontent-dfw5-2.cdninstagram.com/v/t51.2885-19/454520212_457796940578233_4785411874053225121_n.jpg?stp=dst-jpg_e0_s150x150_tt6&_nc_cat=102&ig_cache_key=GJRtFxu5vQUoXaABAKH64Mi_MmlCbkULAAAB1501500j-ccb7-5&ccb=7-5&_nc_sid=669407&efg=eyJ2ZW5jb2RlX3RhZyI6InByb2ZpbGVfcGljLnd3dy4zMjAuQzMifQ%3D%3D&_nc_ohc=Bh_Jtb06bGoQ7kNvwFJDNub&_nc_oc=AdlmuNMsSwTkw_rI11ttWwogYeMw1w8JhbiP-K1j1k4UQqPXcanvH5z1_9lYTMrfxo8&_nc_ad=z-m&_nc_cid=0&_nc_zt=24&_nc_ht=scontent-dfw5-2.cdninstagram.com&oh=00_AfrFxS4qaAlhii64LCFk3W47BM_DjjQVg6bEqMQ_T75t7Q&oe=6980D039","compas.co.id","0","@rully_sugiarto Menyala🔥, Wardah berhasil naik ke posisi 2 di Q1 2025 berdasarkan data penjualan di Shopee. Kenaikannya jadi salah satu highlight menarik di kategori sunscreen lokal 👏","2025-07-11T03:45:54.000Z"
"@_tungtaktungaini  gap","https://www.instagram.com/p/DL1-796S-hs/",,,,,,,,,,,,,,,,,,
"@waskos.bpom ini productnya semua lolos bpom?","https://www.instagram.com/p/DF-NSnoSEx-/",,,,,,,,,,,,,,,,,,
"BESTTT @itsomgbeauty","https://www.instagram.com/p/DRjgJTJkkFc/",,,,,,,,,,,,,,,,,,
"Mantap @mhadiyaa @m.raafi154","https://www.instagram.com/p/DMFRIWpyOQ6/",,,,,,,,,,,,,,,,,,
"😍😍😍👏👏👏","https://www.instagram.com/p/DGVYYcgyXPt/",,,,,,,,,,,,,,,,,,
"Kalo Oh My Glam yang dimaksud adalah ini @itsomgbeauty, #localpride kok. Masih keluarga #Paragon 😉","https://www.instagram.com/p/DMxDD2MSSMd/",,,,,,,,,,,,,,,,,,
"lets gooooooo🙌🔥 @makeoverid","https://www.instagram.com/p/DMxDD2MSSMd/",,,,,,,,,,,,,,,,,,
"Collins padamu ❤️","https://www.instagram.com/p/DGDCTseydyh/",,,,,,,,,,,,,,,,,,
"Idola emang ❤️","https://www.instagram.com/p/DGDCTseydyh/",,,,,,,,,,,,,,,,,,
"🤎🤎🤎","https://www.instagram.com/p/DGDCTseydyh/",,,,,,,,,,,,,,,,,,
"❤️❤️❤️❤️❤️","https://www.instagram.com/p/DGDCTseydyh/",,,,,,,,,,,,,,,,,,
"🔥🔥🔥","https://www.instagram.com/p/DGAyCKjSvW9/",,,,,,,,,,,,,,,,,,
"Beyond excited to be Hanasist’s choice and a top lippie product! ✨🙌","https://www.instagram.com/p/DQblcUbEtbo/",,,,,,,,,,,,,,,,,,
"🔥🔥","https://www.instagram.com/p/DQblcUbEtbo/",,,,,,,,,,,,,,,,,,
"Liat data ini jadi kayak curiga kenapa brand daviena dan ssskin disenggol. Disisi lain ya bagus. Disisi lain ya begitulah","https://www.instagram.com/p/DFNSN9XyqKW/",,,,,,,,,,,,,,,,,,
"Slide 11. Lifebuoy atau Hanasui??","https://www.instagram.com/p/DFNSN9XyqKW/",,,,,,,,,,,,,,,,,,
"🔥🔥🔥","https://www.instagram.com/p/DFNSN9XyqKW/",,,,,,,,,,,,,,,,,,
"yng  2","https://www.instagram.com/p/DL9jKFMSjEq/",,,,,,,,,,,,,,,,,,
". NK S. .","https://www.instagram.com/p/DL9jKFMSjEq/",,,,,,,,,,,,,,,,,,
"LM mm kk ppmonk kpkpkkmmpkk jonmmmmmmm  nnllnv bnnn n nnnnnn nnnnn m  m m nnnnmmmm m m m m m m  mmnmnm kkopl","https://www.instagram.com/p/DL9jKFMSjEq/",,,,,,,,,,,,,,,,,,
"..","https://www.instagram.com/p/DL9jKFMSjEq/",,,,,,,,,,,,,,,,,,
". .","https://www.instagram.com/p/DL9jKFMSjEq/",,,,,,,,,,,,,,,,,,
". n","https://www.instagram.com/p/DL9jKFMSjEq/",,,,,,,,,,,,,,,,,,
"Wardah, emina 🔥🔥🔥","https://www.instagram.com/p/DODcfU2EpVz/",,,,,,,,,,,,,,,,,,
"brand kecintaan ini yeay😍 @bambibaby.id","https://www.instagram.com/p/DMhnuINSV15/",,,,,,,,,,,,,,,,,,
"Kecintaan bangett 😍 @bambibaby.id","https://www.instagram.com/p/DMhnuINSV15/",,,,,,,,,,,,,,,,,,
"Bambi kesayangan @bambibaby.id skincare andalan anak2ku😍😍 secocok itu❤️❤️ congrats ya!","https://www.instagram.com/p/DMhnuINSV15/",,,,,,,,,,,,,,,,,,
"masyaallah brand kesayangan si kecil congrats @bambibaby.id 😍❤️","https://www.instagram.com/p/DMhnuINSV15/",,,,,,,,,,,,,,,,,,
"Congrats @bambibaby.id 🥳🥳
Cologne andalan anakku dari dulu sampek sekarang 🫶🏻🫶🏻","https://www.instagram.com/p/DMhnuINSV15/",,,,,,,,,,,,,,,,,,
"congratsss @bambibaby.id team! ga salah uda percayain cologne anakku pakai Bambi Milky Powdery🫶🏻","https://www.instagram.com/p/DMhnuINSV15/",,,,,,,,,,,,,,,,,,
"andalanku bambi juara😍🔥","https://www.instagram.com/p/DMhnuINSV15/",,,,,,,,,,,,,,,,,,
"Waah congrats bambi 😍❤️ brand andalan buat anakku dari lahir, cologne nya juga gapernah ganti selalu pakai bambi ❤️ emg seenak itu varian wanginya","https://www.instagram.com/p/DMhnuINSV15/",,,,,,,,,,,,,,,,,,
"😍😍😍 congrats @bambibaby.id","https://www.instagram.com/p/DMhnuINSV15/",,,,,,,,,,,,,,,,,,
"Bambii the best pokonyaa 😍","https://www.instagram.com/p/DMhnuINSV15/",,,,,,,,,,,,,,,,,,
"Wawwwww😍😍","https://www.instagram.com/p/DMhnuINSV15/",,,,,,,,,,,,,,,,,,
"brand kesayangankuuu! congrats😍🔥 @bambibaby.id","https://www.instagram.com/p/DMhnuINSV15/",,,,,,,,,,,,,,,,,,
"Yayyy congrats bambi alt always pake @bambibaby.id jugakk🔥😍❤️","https://www.instagram.com/p/DMhnuINSV15/",,,,,,,,,,,,,,,,,,
"Bambi terbaik ❤️❤️","https://www.instagram.com/p/DMhnuINSV15/",,,,,,,,,,,,,,,,,,
"Suka sm wanginy😍","https://www.instagram.com/p/DMhnuINSV15/",,,,,,,,,,,,,,,,,,
"Riset dr mana make over brand global?","https://www.instagram.com/p/DL4ahGRyMQS/",,,,,,,,,,,,,,,,,,
"Wardah 🔥","https://www.instagram.com/p/DL4ahGRyMQS/",,,,,,,,,,,,,,,,,,
"Makeover 🔥","https://www.instagram.com/p/DL4ahGRyMQS/",,,,,,,,,,,,,,,,,,
"Make over itu lokal kak grup wardah","https://www.instagram.com/p/DL4ahGRyMQS/",,,,,,,,,,,,,,,,,,
"Waaaaawww @corry_c_rahman","https://www.instagram.com/p/DFuwdv2yqDz/",,,,,,,,,,,,,,,,,,
"🙌😍😍","https://www.instagram.com/p/DFsT-hFy5zV/",,,,,,,,,,,,,,,,,,
"Wiih bromen masuk 👏👏👏 terbaik dr Tirta @dr.tirta","https://www.instagram.com/p/DFsT-hFy5zV/",,,,,,,,,,,,,,,,,,
"Mmg mantap gas mas compas, sangat membantu 😍🔥","https://www.instagram.com/p/DFsT-hFy5zV/",,,,,,,,,,,,,,,,,,
"Selalu beli @safiyafood muesli berry yoghurt ukuran 1 kg ☺️ Tiap bulan brli 3-4 pcs buat stok sarapan sekaligus buat camilan sehat 👍👍 Tapi belinya di toko ijo","https://www.instagram.com/p/DKv_Zw-yYcE/",,,,,,,,,,,,,,,,,,
"Aneh kl menurutku fukumi masih di atas hotto","https://www.instagram.com/p/DKv_Zw-yYcE/",,,,,,,,,,,,,,,,,,
"Shampoo nya tuh bener2 cocok di anak aku😍","https://www.instagram.com/p/DMccn0-yeGV/",,,,,,,,,,,,,,,,,,
"Yeyy masukkk skincare fav Nadin @tropeebebe.id 🥹❤️","https://www.instagram.com/p/DMccn0-yeGV/",,,,,,,,,,,,,,,,,,
"Tropee Bebe ❤️❤️❤️","https://www.instagram.com/p/DMccn0-yeGV/",,,,,,,,,,,,,,,,,,
"Wahh brand kesayangan adikku, tropee bebe masuk kategori juga😍🔥","https://www.instagram.com/p/DMccn0-yeGV/",,,,,,,,,,,,,,,,,,
"Sampo dan hairlotionnya tropee mantul sih. Jadi penasaran juga sama sabunnya","https://www.instagram.com/p/DMccn0-yeGV/",,,,,,,,,,,,,,,,,,
"Wah anak ku pakai tropee bebe ❤️😍","https://www.instagram.com/p/DMccn0-yeGV/",,,,,,,,,,,,,,,,,,
"ada Tropee Bebe aku pake buat aku sm keponakan emang bagus bgttt buat aku yg dry skin😍","https://www.instagram.com/p/DMccn0-yeGV/",,,,,,,,,,,,,,,,,,
"Gokilll tropee bebe 😍😍 @tropeebebe.id","https://www.instagram.com/p/DMccn0-yeGV/",,,,,,,,,,,,,,,,,,
"Tropeebebe ada di listt wahhh brand favorit keponakan akuuu 😍","https://www.instagram.com/p/DMccn0-yeGV/",,,,,,,,,,,,,,,,,,
"Tropeeee hadir😍❤️❤️❤️","https://www.instagram.com/p/DMccn0-yeGV/",,,,,,,,,,,,,,,,,,
"Tropee tuh yang kemarin ngeluarin Serum Alis gak si?","https://www.instagram.com/p/DMccn0-yeGV/",,,,,,,,,,,,,,,,,,
"Sabun favorite anak akuu!! @tropeebebe.id 😍 , lembuut bgtt cocok di kulit anakku yg dermatitis atopii","https://www.instagram.com/p/DMccn0-yeGV/",,,,,,,,,,,,,,,,,,
"Tropee Bebe masuk top brand, sabun favorit anakku banget. Teksturnya lembut, wanginya bikin gemash, dan gak bikin iritasi sama sekali😍","https://www.instagram.com/p/DMccn0-yeGV/",,,,,,,,,,,,,,,,,,
"@browit.id","https://www.instagram.com/p/DOYD_eaEge-/",,,,,,,,,,,,,,,,,,
"Obat tradisional untuk bantu gula darah terkendali  yang dikemas dengan formulasi bahan alami pilihan 🙌 @yaconaindonesia","https://www.instagram.com/p/DFcu5sKStrs/",,,,,,,,,,,,,,,,,,
"customer loyal nih @ivan_rivandi","https://www.instagram.com/p/DFcu5sKStrs/",,,,,,,,,,,,,,,,,,
"Data gak dibuat 10 besar min??","https://www.instagram.com/p/DFcu5sKStrs/",,,,,,,,,,,,,,,,,,
"Yeayy ada produk skincarenya anakku nih @expertcare.id 💜💜","https://www.instagram.com/p/DFcu5sKStrs/",,,,,,,,,,,,,,,,,,
"Ada Gently brand favoritku🥹🥹 pake produk Gently Mamacare & Gently Baby krn emg bagus banget. Ga heraan sii jadi viral terutama produk calming baby creamnyaa gong bgt buat baby😍👏","https://www.instagram.com/p/DFcu5sKStrs/",,,,,,,,,,,,,,,,,,
"Sangat membantu bangett mas compas 😍🔥","https://www.instagram.com/p/DFcu5sKStrs/",,,,,,,,,,,,,,,,,,
"Perfectwhite AHA Body Serum","https://www.instagram.com/p/DFnCGAfyti0/",,,,,,,,,,,,,,,,,,
"Terima kasih mas compas 😍🔥","https://www.instagram.com/p/DFnCGAfyti0/",,,,,,,,,,,,,,,,,,
"@personalbeautyskincare_ @estamaofficial  yuk goo 😍🚀","https://www.instagram.com/p/DFnCGAfyti0/",,,,,,,,,,,,,,,,,,
"Min ada data pembelian ini di tahun 2024 ga warga indo min","https://www.instagram.com/p/DGLFQ8_S66K/",,,,,,,,,,,,,,,,,,
"Slide 2 kok bsp harusnya mykonos","https://www.instagram.com/p/DGLFQ8_S66K/",,,,,,,,,,,,,,,,,,
"😍😍😍 🙏","https://www.instagram.com/p/DGLFQ8_S66K/",,,,,,,,,,,,,,,,,,
"saya affiliate parfum kebagian rejeki juga dari hype nya produk BSP beberapa bulan lalu, sukses selalu bang ade🙌","https://www.instagram.com/p/DGLFQ8_S66K/",,,,,,,,,,,,,,,,,,
"Matelovers rapatkan barisan 🔥❤️","https://www.instagram.com/p/DI_L5oayVCn/","17990237762804087","0","17841438470072038","Compas.co.id","true","38576306335","true","false","false","1769658245","3429875095509241882","https://scontent-atl3-2.cdninstagram.com/v/t51.2885-19/454520212_457796940578233_4785411874053225121_n.jpg?stp=dst-jpg_e0_s150x150_tt6&_nc_cat=102&ig_cache_key=GJRtFxu5vQUoXaABAKH64Mi_MmlCbkULAAAB1501500j-ccb7-5&ccb=7-5&_nc_sid=669407&efg=eyJ2ZW5jb2RlX3RhZyI6InByb2ZpbGVfcGljLnd3dy4zMjAuQzMifQ%3D%3D&_nc_ohc=Bh_Jtb06bGoQ7kNvwEyo4Dr&_nc_oc=Adk6x0LMnOGGdrVAG8unzHpe6UnjVFSvQmTse0hdNhxBs8Daar35qJRuWc6-mMZ7XTk&_nc_ad=z-m&_nc_cid=0&_nc_zt=24&_nc_ht=scontent-atl3-2.cdninstagram.com&oh=00_AfpQiUuCLcTPjbhnbRxuzcAs1MSbCirRTe0mHRMAB12AjA&oe=6980D039","compas.co.id","https://scontent-atl3-2.cdninstagram.com/v/t51.2885-19/454520212_457796940578233_4785411874053225121_n.jpg?stp=dst-jpg_e0_s150x150_tt6&_nc_cat=102&ig_cache_key=GJRtFxu5vQUoXaABAKH64Mi_MmlCbkULAAAB1501500j-ccb7-5&ccb=7-5&_nc_sid=669407&efg=eyJ2ZW5jb2RlX3RhZyI6InByb2ZpbGVfcGljLnd3dy4zMjAuQzMifQ%3D%3D&_nc_ohc=Bh_Jtb06bGoQ7kNvwEyo4Dr&_nc_oc=Adk6x0LMnOGGdrVAG8unzHpe6UnjVFSvQmTse0hdNhxBs8Daar35qJRuWc6-mMZ7XTk&_nc_ad=z-m&_nc_cid=0&_nc_zt=24&_nc_ht=scontent-atl3-2.cdninstagram.com&oh=00_AfpQiUuCLcTPjbhnbRxuzcAs1MSbCirRTe0mHRMAB12AjA&oe=6980D039","compas.co.id","0","@animateofficial.id Gass🔥🔥, semangatnya keren nih Matelovers🤩👏🏻","2025-04-29T06:25:04.000Z"
"Bangga banyak sama @officialhanasui 😍❤️","https://www.instagram.com/p/DI_L5oayVCn/","18135900382368611","0","17841438470072038","Compas.co.id","true","38576306335","true","false","false","1769658245","3429875095509241882","https://scontent-atl3-2.cdninstagram.com/v/t51.2885-19/454520212_457796940578233_4785411874053225121_n.jpg?stp=dst-jpg_e0_s150x150_tt6&_nc_cat=102&ig_cache_key=GJRtFxu5vQUoXaABAKH64Mi_MmlCbkULAAAB1501500j-ccb7-5&ccb=7-5&_nc_sid=669407&efg=eyJ2ZW5jb2RlX3RhZyI6InByb2ZpbGVfcGljLnd3dy4zMjAuQzMifQ%3D%3D&_nc_ohc=Bh_Jtb06bGoQ7kNvwEyo4Dr&_nc_oc=Adk6x0LMnOGGdrVAG8unzHpe6UnjVFSvQmTse0hdNhxBs8Daar35qJRuWc6-mMZ7XTk&_nc_ad=z-m&_nc_cid=0&_nc_zt=24&_nc_ht=scontent-atl3-2.cdninstagram.com&oh=00_AfpQiUuCLcTPjbhnbRxuzcAs1MSbCirRTe0mHRMAB12AjA&oe=6980D039","compas.co.id","https://scontent-atl3-2.cdninstagram.com/v/t51.2885-19/454520212_457796940578233_4785411874053225121_n.jpg?stp=dst-jpg_e0_s150x150_tt6&_nc_cat=102&ig_cache_key=GJRtFxu5vQUoXaABAKH64Mi_MmlCbkULAAAB1501500j-ccb7-5&ccb=7-5&_nc_sid=669407&efg=eyJ2ZW5jb2RlX3RhZyI6InByb2ZpbGVfcGljLnd3dy4zMjAuQzMifQ%3D%3D&_nc_ohc=Bh_Jtb06bGoQ7kNvwEyo4Dr&_nc_oc=Adk6x0LMnOGGdrVAG8unzHpe6UnjVFSvQmTse0hdNhxBs8Daar35qJRuWc6-mMZ7XTk&_nc_ad=z-m&_nc_cid=0&_nc_zt=24&_nc_ht=scontent-atl3-2.cdninstagram.com&oh=00_AfpQiUuCLcTPjbhnbRxuzcAs1MSbCirRTe0mHRMAB12AjA&oe=6980D039","compas.co.id","0","@lalalamaura19 Iya Kak, setuju banget! Hanasui sukses menunjukkan kekuatan brand🤩","2025-04-29T06:20:38.000Z"
"@personalbeautyskincare_ bangga jd produk local indonesia dari daerah 🚀😍","https://www.instagram.com/p/DI_L5oayVCn/","18043670831616069","1","17841438470072038","Compas.co.id","true","38576306335","true","false","false","1769658245","3429875095509241882","https://scontent-atl3-2.cdninstagram.com/v/t51.2885-19/454520212_457796940578233_4785411874053225121_n.jpg?stp=dst-jpg_e0_s150x150_tt6&_nc_cat=102&ig_cache_key=GJRtFxu5vQUoXaABAKH64Mi_MmlCbkULAAAB1501500j-ccb7-5&ccb=7-5&_nc_sid=669407&efg=eyJ2ZW5jb2RlX3RhZyI6InByb2ZpbGVfcGljLnd3dy4zMjAuQzMifQ%3D%3D&_nc_ohc=Bh_Jtb06bGoQ7kNvwEyo4Dr&_nc_oc=Adk6x0LMnOGGdrVAG8unzHpe6UnjVFSvQmTse0hdNhxBs8Daar35qJRuWc6-mMZ7XTk&_nc_ad=z-m&_nc_cid=0&_nc_zt=24&_nc_ht=scontent-atl3-2.cdninstagram.com&oh=00_AfpQiUuCLcTPjbhnbRxuzcAs1MSbCirRTe0mHRMAB12AjA&oe=6980D039","compas.co.id","https://scontent-atl3-2.cdninstagram.com/v/t51.2885-19/454520212_457796940578233_4785411874053225121_n.jpg?stp=dst-jpg_e0_s150x150_tt6&_nc_cat=102&ig_cache_key=GJRtFxu5vQUoXaABAKH64Mi_MmlCbkULAAAB1501500j-ccb7-5&ccb=7-5&_nc_sid=669407&efg=eyJ2ZW5jb2RlX3RhZyI6InByb2ZpbGVfcGljLnd3dy4zMjAuQzMifQ%3D%3D&_nc_ohc=Bh_Jtb06bGoQ7kNvwEyo4Dr&_nc_oc=Adk6x0LMnOGGdrVAG8unzHpe6UnjVFSvQmTse0hdNhxBs8Daar35qJRuWc6-mMZ7XTk&_nc_ad=z-m&_nc_cid=0&_nc_zt=24&_nc_ht=scontent-atl3-2.cdninstagram.com&oh=00_AfpQiUuCLcTPjbhnbRxuzcAs1MSbCirRTe0mHRMAB12AjA&oe=6980D039","compas.co.id","0","@nanin_atmaja Setuju banget kak, bangga! 🙌 Produk lokal kini makin kuat dan kompetitif 🤩","2025-04-29T06:26:52.000Z"
"Menyala Animate @animateofficial.id 🫶😄","https://www.instagram.com/p/DI_L5oayVCn/","17904963681151738","0","17841438470072038","Compas.co.id","true","38576306335","true","false","false","1769658245","3429875095509241882","https://scontent-atl3-2.cdninstagram.com/v/t51.2885-19/454520212_457796940578233_4785411874053225121_n.jpg?stp=dst-jpg_e0_s150x150_tt6&_nc_cat=102&ig_cache_key=GJRtFxu5vQUoXaABAKH64Mi_MmlCbkULAAAB1501500j-ccb7-5&ccb=7-5&_nc_sid=669407&efg=eyJ2ZW5jb2RlX3RhZyI6InByb2ZpbGVfcGljLnd3dy4zMjAuQzMifQ%3D%3D&_nc_ohc=Bh_Jtb06bGoQ7kNvwEyo4Dr&_nc_oc=Adk6x0LMnOGGdrVAG8unzHpe6UnjVFSvQmTse0hdNhxBs8Daar35qJRuWc6-mMZ7XTk&_nc_ad=z-m&_nc_cid=0&_nc_zt=24&_nc_ht=scontent-atl3-2.cdninstagram.com&oh=00_AfpQiUuCLcTPjbhnbRxuzcAs1MSbCirRTe0mHRMAB12AjA&oe=6980D039","compas.co.id","https://scontent-atl3-2.cdninstagram.com/v/t51.2885-19/454520212_457796940578233_4785411874053225121_n.jpg?stp=dst-jpg_e0_s150x150_tt6&_nc_cat=102&ig_cache_key=GJRtFxu5vQUoXaABAKH64Mi_MmlCbkULAAAB1501500j-ccb7-5&ccb=7-5&_nc_sid=669407&efg=eyJ2ZW5jb2RlX3RhZyI6InByb2ZpbGVfcGljLnd3dy4zMjAuQzMifQ%3D%3D&_nc_ohc=Bh_Jtb06bGoQ7kNvwEyo4Dr&_nc_oc=Adk6x0LMnOGGdrVAG8unzHpe6UnjVFSvQmTse0hdNhxBs8Daar35qJRuWc6-mMZ7XTk&_nc_ad=z-m&_nc_cid=0&_nc_zt=24&_nc_ht=scontent-atl3-2.cdninstagram.com&oh=00_AfpQiUuCLcTPjbhnbRxuzcAs1MSbCirRTe0mHRMAB12AjA&oe=6980D039","compas.co.id","0","@ferimispandi_ Semangat positifnya terasa banget, Kak! 🔥👏","2025-04-29T06:10:05.000Z"
"@estamaofficial @officialpersonalbeauty  go gass cuuws 🚀😍","https://www.instagram.com/p/DI_L5oayVCn/","18081645634678243","0","17841438470072038","Compas.co.id","true","38576306335","true","false","false","1769658245","3429875095509241882","https://scontent-atl3-2.cdninstagram.com/v/t51.2885-19/454520212_457796940578233_4785411874053225121_n.jpg?stp=dst-jpg_e0_s150x150_tt6&_nc_cat=102&ig_cache_key=GJRtFxu5vQUoXaABAKH64Mi_MmlCbkULAAAB1501500j-ccb7-5&ccb=7-5&_nc_sid=669407&efg=eyJ2ZW5jb2RlX3RhZyI6InByb2ZpbGVfcGljLnd3dy4zMjAuQzMifQ%3D%3D&_nc_ohc=Bh_Jtb06bGoQ7kNvwEyo4Dr&_nc_oc=Adk6x0LMnOGGdrVAG8unzHpe6UnjVFSvQmTse0hdNhxBs8Daar35qJRuWc6-mMZ7XTk&_nc_ad=z-m&_nc_cid=0&_nc_zt=24&_nc_ht=scontent-atl3-2.cdninstagram.com&oh=00_AfpQiUuCLcTPjbhnbRxuzcAs1MSbCirRTe0mHRMAB12AjA&oe=6980D039","compas.co.id","https://scontent-atl3-2.cdninstagram.com/v/t51.2885-19/454520212_457796940578233_4785411874053225121_n.jpg?stp=dst-jpg_e0_s150x150_tt6&_nc_cat=102&ig_cache_key=GJRtFxu5vQUoXaABAKH64Mi_MmlCbkULAAAB1501500j-ccb7-5&ccb=7-5&_nc_sid=669407&efg=eyJ2ZW5jb2RlX3RhZyI6InByb2ZpbGVfcGljLnd3dy4zMjAuQzMifQ%3D%3D&_nc_ohc=Bh_Jtb06bGoQ7kNvwEyo4Dr&_nc_oc=Adk6x0LMnOGGdrVAG8unzHpe6UnjVFSvQmTse0hdNhxBs8Daar35qJRuWc6-mMZ7XTk&_nc_ad=z-m&_nc_cid=0&_nc_zt=24&_nc_ht=scontent-atl3-2.cdninstagram.com&oh=00_AfpQiUuCLcTPjbhnbRxuzcAs1MSbCirRTe0mHRMAB12AjA&oe=6980D039","compas.co.id","0","@nanin_atmaja 🔥🔥🔥","2025-04-29T06:20:56.000Z"
"Glad2Glow produk China min @compas.co.id","https://www.instagram.com/p/DI_L5oayVCn/","17903393679155844","0","17841438470072038","Compas.co.id","true","38576306335","true","false","false","1769658245","3429875095509241882","https://scontent-atl3-2.cdninstagram.com/v/t51.2885-19/454520212_457796940578233_4785411874053225121_n.jpg?stp=dst-jpg_e0_s150x150_tt6&_nc_cat=102&ig_cache_key=GJRtFxu5vQUoXaABAKH64Mi_MmlCbkULAAAB1501500j-ccb7-5&ccb=7-5&_nc_sid=669407&efg=eyJ2ZW5jb2RlX3RhZyI6InByb2ZpbGVfcGljLnd3dy4zMjAuQzMifQ%3D%3D&_nc_ohc=Bh_Jtb06bGoQ7kNvwEyo4Dr&_nc_oc=Adk6x0LMnOGGdrVAG8unzHpe6UnjVFSvQmTse0hdNhxBs8Daar35qJRuWc6-mMZ7XTk&_nc_ad=z-m&_nc_cid=0&_nc_zt=24&_nc_ht=scontent-atl3-2.cdninstagram.com&oh=00_AfpQiUuCLcTPjbhnbRxuzcAs1MSbCirRTe0mHRMAB12AjA&oe=6980D039","compas.co.id","https://scontent-atl3-2.cdninstagram.com/v/t51.2885-19/454520212_457796940578233_4785411874053225121_n.jpg?stp=dst-jpg_e0_s150x150_tt6&_nc_cat=102&ig_cache_key=GJRtFxu5vQUoXaABAKH64Mi_MmlCbkULAAAB1501500j-ccb7-5&ccb=7-5&_nc_sid=669407&efg=eyJ2ZW5jb2RlX3RhZyI6InByb2ZpbGVfcGljLnd3dy4zMjAuQzMifQ%3D%3D&_nc_ohc=Bh_Jtb06bGoQ7kNvwEyo4Dr&_nc_oc=Adk6x0LMnOGGdrVAG8unzHpe6UnjVFSvQmTse0hdNhxBs8Daar35qJRuWc6-mMZ7XTk&_nc_ad=z-m&_nc_cid=0&_nc_zt=24&_nc_ht=scontent-atl3-2.cdninstagram.com&oh=00_AfpQiUuCLcTPjbhnbRxuzcAs1MSbCirRTe0mHRMAB12AjA&oe=6980D039","compas.co.id","0","@theverraoktavianti Halo Kak Verra! 👋 Kami crosscheck langsung ke LinkedIn Glad2Glow, dan di sana tertulis bahwa mereka adalah beauty brand berbasis di Indonesia. Terima kasih sudah perhatian dengan detail data, Kak! 😊 Kalau ada pertanyaan lainnya, boleh banget ngobrol bareng tim Compas ya! 🙌","2025-04-29T06:03:28.000Z"
"Love❤️❤️ bangga jadi produk lokal yang affordable, no overclaim & terjamin kualitasnya🤩✨","https://www.instagram.com/p/DI_L5oayVCn/","17932011960013524","2","17841438470072038","Compas.co.id","true","38576306335","true","false","false","1769658245","3429875095509241882","https://scontent-atl3-2.cdninstagram.com/v/t51.2885-19/454520212_457796940578233_4785411874053225121_n.jpg?stp=dst-jpg_e0_s150x150_tt6&_nc_cat=102&ig_cache_key=GJRtFxu5vQUoXaABAKH64Mi_MmlCbkULAAAB1501500j-ccb7-5&ccb=7-5&_nc_sid=669407&efg=eyJ2ZW5jb2RlX3RhZyI6InByb2ZpbGVfcGljLnd3dy4zMjAuQzMifQ%3D%3D&_nc_ohc=Bh_Jtb06bGoQ7kNvwEyo4Dr&_nc_oc=Adk6x0LMnOGGdrVAG8unzHpe6UnjVFSvQmTse0hdNhxBs8Daar35qJRuWc6-mMZ7XTk&_nc_ad=z-m&_nc_cid=0&_nc_zt=24&_nc_ht=scontent-atl3-2.cdninstagram.com&oh=00_AfpQiUuCLcTPjbhnbRxuzcAs1MSbCirRTe0mHRMAB12AjA&oe=6980D039","compas.co.id","https://scontent-atl3-2.cdninstagram.com/v/t51.2885-19/454520212_457796940578233_4785411874053225121_n.jpg?stp=dst-jpg_e0_s150x150_tt6&_nc_cat=102&ig_cache_key=GJRtFxu5vQUoXaABAKH64Mi_MmlCbkULAAAB1501500j-ccb7-5&ccb=7-5&_nc_sid=669407&efg=eyJ2ZW5jb2RlX3RhZyI6InByb2ZpbGVfcGljLnd3dy4zMjAuQzMifQ%3D%3D&_nc_ohc=Bh_Jtb06bGoQ7kNvwEyo4Dr&_nc_oc=Adk6x0LMnOGGdrVAG8unzHpe6UnjVFSvQmTse0hdNhxBs8Daar35qJRuWc6-mMZ7XTk&_nc_ad=z-m&_nc_cid=0&_nc_zt=24&_nc_ht=scontent-atl3-2.cdninstagram.com&oh=00_AfpQiUuCLcTPjbhnbRxuzcAs1MSbCirRTe0mHRMAB12AjA&oe=6980D039","compas.co.id","0","@officialhanasui Big applause untuk Hanasui! 👏 Konsisten menghadirkan produk yang berkualitas dengan harga terjangkau adalah kunci yang luar biasa. Terus sukses dan menginspirasi ya Hanasui ! 🚀🤩","2025-04-29T06:22:26.000Z"
"Glad2glow product china min.","https://www.instagram.com/p/DI_L5oayVCn/","18045095102595153","0","17841438470072038","Compas.co.id","true","38576306335","true","false","false","1769658245","3429875095509241882","https://scontent-atl3-2.cdninstagram.com/v/t51.2885-19/454520212_457796940578233_4785411874053225121_n.jpg?stp=dst-jpg_e0_s150x150_tt6&_nc_cat=102&ig_cache_key=GJRtFxu5vQUoXaABAKH64Mi_MmlCbkULAAAB1501500j-ccb7-5&ccb=7-5&_nc_sid=669407&efg=eyJ2ZW5jb2RlX3RhZyI6InByb2ZpbGVfcGljLnd3dy4zMjAuQzMifQ%3D%3D&_nc_ohc=Bh_Jtb06bGoQ7kNvwEyo4Dr&_nc_oc=Adk6x0LMnOGGdrVAG8unzHpe6UnjVFSvQmTse0hdNhxBs8Daar35qJRuWc6-mMZ7XTk&_nc_ad=z-m&_nc_cid=0&_nc_zt=24&_nc_ht=scontent-atl3-2.cdninstagram.com&oh=00_AfpQiUuCLcTPjbhnbRxuzcAs1MSbCirRTe0mHRMAB12AjA&oe=6980D039","compas.co.id","https://scontent-atl3-2.cdninstagram.com/v/t51.2885-19/454520212_457796940578233_4785411874053225121_n.jpg?stp=dst-jpg_e0_s150x150_tt6&_nc_cat=102&ig_cache_key=GJRtFxu5vQUoXaABAKH64Mi_MmlCbkULAAAB1501500j-ccb7-5&ccb=7-5&_nc_sid=669407&efg=eyJ2ZW5jb2RlX3RhZyI6InByb2ZpbGVfcGljLnd3dy4zMjAuQzMifQ%3D%3D&_nc_ohc=Bh_Jtb06bGoQ7kNvwEyo4Dr&_nc_oc=Adk6x0LMnOGGdrVAG8unzHpe6UnjVFSvQmTse0hdNhxBs8Daar35qJRuWc6-mMZ7XTk&_nc_ad=z-m&_nc_cid=0&_nc_zt=24&_nc_ht=scontent-atl3-2.cdninstagram.com&oh=00_AfpQiUuCLcTPjbhnbRxuzcAs1MSbCirRTe0mHRMAB12AjA&oe=6980D039","compas.co.id","0","@vie_chandraa Halo Kak Vie! 👋 Berdasarkan info resmi dari akun Linkedin Glad2Glow, mereka adalah beauty brand yang berbasis di Indonesia, Kak.","2025-04-29T06:07:27.000Z"
"Sejak kapan glad2g*w produk lokal? Ini produk china kabarnya masih sodaraan sm skint*fic emang katanya ditarget nyalip brand lokal di kelas harga murah lebih cepat dan massive daripada skint*fic","https://www.instagram.com/p/DI_L5oayVCn/","18058864360928499","0","17841438470072038","Compas.co.id","true","38576306335","true","false","false","1769658245","3429875095509241882","https://scontent-atl3-2.cdninstagram.com/v/t51.2885-19/454520212_457796940578233_4785411874053225121_n.jpg?stp=dst-jpg_e0_s150x150_tt6&_nc_cat=102&ig_cache_key=GJRtFxu5vQUoXaABAKH64Mi_MmlCbkULAAAB1501500j-ccb7-5&ccb=7-5&_nc_sid=669407&efg=eyJ2ZW5jb2RlX3RhZyI6InByb2ZpbGVfcGljLnd3dy4zMjAuQzMifQ%3D%3D&_nc_ohc=Bh_Jtb06bGoQ7kNvwEyo4Dr&_nc_oc=Adk6x0LMnOGGdrVAG8unzHpe6UnjVFSvQmTse0hdNhxBs8Daar35qJRuWc6-mMZ7XTk&_nc_ad=z-m&_nc_cid=0&_nc_zt=24&_nc_ht=scontent-atl3-2.cdninstagram.com&oh=00_AfpQiUuCLcTPjbhnbRxuzcAs1MSbCirRTe0mHRMAB12AjA&oe=6980D039","compas.co.id","https://scontent-atl3-2.cdninstagram.com/v/t51.2885-19/454520212_457796940578233_4785411874053225121_n.jpg?stp=dst-jpg_e0_s150x150_tt6&_nc_cat=102&ig_cache_key=GJRtFxu5vQUoXaABAKH64Mi_MmlCbkULAAAB1501500j-ccb7-5&ccb=7-5&_nc_sid=669407&efg=eyJ2ZW5jb2RlX3RhZyI6InByb2ZpbGVfcGljLnd3dy4zMjAuQzMifQ%3D%3D&_nc_ohc=Bh_Jtb06bGoQ7kNvwEyo4Dr&_nc_oc=Adk6x0LMnOGGdrVAG8unzHpe6UnjVFSvQmTse0hdNhxBs8Daar35qJRuWc6-mMZ7XTk&_nc_ad=z-m&_nc_cid=0&_nc_zt=24&_nc_ht=scontent-atl3-2.cdninstagram.com&oh=00_AfpQiUuCLcTPjbhnbRxuzcAs1MSbCirRTe0mHRMAB12AjA&oe=6980D039","compas.co.id","0","Halo Kak Rosdiana! Terima kasih sudah berbagi pendapat. 🤝 Berdasarkan info resmi di LinkedIn Glad2Glow, disebutkan bahwa mereka merupakan beauty brand yang berbasis di Indonesia. Semoga informasi ini membantu ya Kak! 😊✨ Kalau mau diskusi lebih lanjut soal data market, feel free hubungi tim Compas.co.id ya!","2025-04-29T06:04:54.000Z"
"Bb","https://www.instagram.com/p/DI_L5oayVCn/",,,,,,,,,,,,,,,,,,
"Lee Minho King of Hallyu the best 😍😍🔥🔥🔥❤️❤️❤️","https://www.instagram.com/p/DJoNBveSi9U/",,,,,,,,,,,,,,,,,,
"Lee Minho the best 👍❤️❤️❤️❤️❤️","https://www.instagram.com/p/DJoNBveSi9U/",,,,,,,,,,,,,,,,,,
"😍😍😍 @personalbeautyskincare_ 👍🚀","https://www.instagram.com/p/DE2HCN6SlrG/",,,,,,,,,,,,,,,,,,
"👍👍🔥🔥🔥🔥🚀🚀🚀","https://www.instagram.com/p/DGQAjjqS15P/",,,,,,,,,,,,,,,,,,
"Tx u mas Compas 🔥🚀","https://www.instagram.com/p/DFKtWL8STTh/",,,,,,,,,,,,,,,,,,
"Terimakasih telah mempercayakan kesehatan mata kepada Eyebost🙌","https://www.instagram.com/p/DDMiZ6NSUUP/",,,,,,,,,,,,,,,,,,
"Siapkan amunisi plan 🔥. Makasii 😍🙏","https://www.instagram.com/p/DDMiZ6NSUUP/",,,,,,,,,,,,,,,,,,
"Glad to be part of the Top 5 FMCG Brands😍❤️","https://www.instagram.com/p/DKgGkZWymiF/",,,,,,,,,,,,,,,,,,
"versi tiktok adakah min?","https://www.instagram.com/p/DKtTTnhycpd/",,,,,,,,,,,,,,,,,,
"😍😍","https://www.instagram.com/p/DKtTTnhycpd/",,,,,,,,,,,,,,,,,,
"🔥🚀","https://www.instagram.com/p/DFHikV6SUAu/",,,,,,,,,,,,,,,,,,
"@compas.co.id semoga persaingan bisnis skincare membaik & pasti terdaftar di BPOM, tdk mengandung bahan berbahaya & tidak Overclaim🤲","https://www.instagram.com/p/DDhIwVGSXUD/",,,,,,,,,,,,,,,,,,
"Data ini harus dikonversi jadi cuan","https://www.instagram.com/p/DDhIwVGSXUD/",,,,,,,,,,,,,,,,,,
"Fakta dong @officialpersonalbeauty 😍🔥","https://www.instagram.com/p/DDhIwVGSXUD/",,,,,,,,,,,,,,,,,,
"@msglowbeauty","https://www.instagram.com/p/DDhIwVGSXUD/",,,,,,,,,,,,,,,,,,
"Kak layanan konsultasinya ini soal apa?","https://www.instagram.com/p/DIOLF-RSBwH/",,,,,,,,,,,,,,,,,,
"@naturalherbalkosmetindo @ronnynhk","https://www.instagram.com/p/DDePVifyR7j/",,,,,,,,,,,,,,,,,,
"Menyalaaa cintakuuu 😍🔥","https://www.instagram.com/p/DDePVifyR7j/",,,,,,,,,,,,,,,,,,
"😍😍😍","https://www.instagram.com/p/DDePVifyR7j/",,,,,,,,,,,,,,,,,,
"👏👏 @jojo.hp","https://www.instagram.com/p/DDePVifyR7j/",,,,,,,,,,,,,,,,,,
"Momuung best, andalan 👍🏻","https://www.instagram.com/p/DDePVifyR7j/",,,,,,,,,,,,,,,,,,
"🙌🔥","https://www.instagram.com/p/DDePVifyR7j/",,,,,,,,,,,,,,,,,,
"Makasiii tim compas 🔥😍","https://www.instagram.com/p/DDePVifyR7j/",,,,,,,,,,,,,,,,,,
"Mantap mbak @retno.yummys @dickyafni09","https://www.instagram.com/p/DDePVifyR7j/",,,,,,,,,,,,,,,,,,
"Kak data TikTok Shop keluarin lagi dongg","https://www.instagram.com/p/DDePVifyR7j/",,,,,,,,,,,,,,,,,,
"#SkincareAnakAktif pilihan #AnakHebatAnakPurela @purela.official 💜💜 Sven suka bangettt foaming facial wash nyaa 💜","https://www.instagram.com/p/DNz_tCQZFPw/",,,,,,,,,,,,,,,,,,
"💜","https://www.instagram.com/p/DNz_tCQZFPw/",,,,,,,,,,,,,,,,,,
"Wow... Skincare andalanku ❤️ @purela.official @bintangpurela","https://www.instagram.com/p/DNz_tCQZFPw/",,,,,,,,,,,,,,,,,,
"Dari newborn sampai anakku toddler masih konsisten pakai local brand yang satu ini. Gak heran juga kalau peminatnya sangat tinggi, karena secara ingredients dan kualitas Purela memang unggul. 👏🏻✨","https://www.instagram.com/p/DNz_tCQZFPw/",,,,,,,,,,,,,,,,,,
"Di tiap konten compass ada love nya @mhma_arif 😂 btw congratss @ivannoor10 🔥🔥🔥","https://www.instagram.com/p/DNz_tCQZFPw/",,,,,,,,,,,,,,,,,,
"Mamypoko brand kecantikan ya?","https://www.instagram.com/p/DHnxW8AyxUO/",,,,,,,,,,,,,,,,,,
"😍😍😍","https://www.instagram.com/p/DHnxW8AyxUO/",,,,,,,,,,,,,,,,,,
"Bisa buat peluang expan 😅🚀","https://www.instagram.com/p/DHsm3K8yazk/",,,,,,,,,,,,,,,,,,
"Daviena dong min","https://www.instagram.com/p/DCZCfANSBpp/",,,,,,,,,,,,,,,,,,
"MasyaAllah semoga bisa lebih baik lagi🥰🥰","https://www.instagram.com/p/DJJUmCLynbt/","17899043913190423","1","17841438470072038","Compas.co.id","true","38576306335","true","false","false","1769658245","3429875095509241882","https://scontent-sjc3-1.cdninstagram.com/v/t51.2885-19/454520212_457796940578233_4785411874053225121_n.jpg?stp=dst-jpg_e0_s150x150_tt6&_nc_cat=102&ig_cache_key=GJRtFxu5vQUoXaABAKH64Mi_MmlCbkULAAAB1501500j-ccb7-5&ccb=7-5&_nc_sid=669407&efg=eyJ2ZW5jb2RlX3RhZyI6InByb2ZpbGVfcGljLnd3dy4zMjAuQzMifQ%3D%3D&_nc_ohc=Bh_Jtb06bGoQ7kNvwFmUP4_&_nc_oc=AdlJIrwdmeQ8SvalgSiALdSUGTQlucuE8EDjDRSb0bo0PjbUJOimq2VjS-jmZWPOf08&_nc_ad=z-m&_nc_cid=0&_nc_zt=24&_nc_ht=scontent-sjc3-1.cdninstagram.com&oh=00_AfopOqNx4YjaIVtF1gO500Nd5evcFZ2mxcrGrgMk9RpUqg&oe=6980D039","compas.co.id","https://scontent-sjc3-1.cdninstagram.com/v/t51.2885-19/454520212_457796940578233_4785411874053225121_n.jpg?stp=dst-jpg_e0_s150x150_tt6&_nc_cat=102&ig_cache_key=GJRtFxu5vQUoXaABAKH64Mi_MmlCbkULAAAB1501500j-ccb7-5&ccb=7-5&_nc_sid=669407&efg=eyJ2ZW5jb2RlX3RhZyI6InByb2ZpbGVfcGljLnd3dy4zMjAuQzMifQ%3D%3D&_nc_ohc=Bh_Jtb06bGoQ7kNvwFmUP4_&_nc_oc=AdlJIrwdmeQ8SvalgSiALdSUGTQlucuE8EDjDRSb0bo0PjbUJOimq2VjS-jmZWPOf08&_nc_ad=z-m&_nc_cid=0&_nc_zt=24&_nc_ht=scontent-sjc3-1.cdninstagram.com&oh=00_AfopOqNx4YjaIVtF1gO500Nd5evcFZ2mxcrGrgMk9RpUqg&oe=6980D039","compas.co.id","0","@sohoney.jr Aamiin, dan selamat atas pencapaian luar biasanya! 🤩
Compas.co.id ikut senang melihat performa positif Sohoney Jr yang terus menunjukkan pertumbuhan yang konsisten di e-commerce.
Sukses terus untuk tim Sohoney! 🙌

Menariknya, tren positif di kategori vitamin anak memang semakin terlihat di kuartal terakhir dan Sohoney Jr jadi salah satu contoh brand yang mampu menjawab kebutuhan pasar dengan strategi yang tepat.

Kalau ada pertanyaan atau ingin menggali insight lebih dalam, tim expert kami dengan senang hati siap bantu ya! 😉","2025-05-05T07:28:05.000Z"
"👏👏👏","https://www.instagram.com/p/DJJUmCLynbt/","17903998968171383","0","17841438470072038","Compas.co.id","true","38576306335","true","false","false","1769658245","3429875095509241882","https://scontent-sjc3-1.cdninstagram.com/v/t51.2885-19/454520212_457796940578233_4785411874053225121_n.jpg?stp=dst-jpg_e0_s150x150_tt6&_nc_cat=102&ig_cache_key=GJRtFxu5vQUoXaABAKH64Mi_MmlCbkULAAAB1501500j-ccb7-5&ccb=7-5&_nc_sid=669407&efg=eyJ2ZW5jb2RlX3RhZyI6InByb2ZpbGVfcGljLnd3dy4zMjAuQzMifQ%3D%3D&_nc_ohc=Bh_Jtb06bGoQ7kNvwFmUP4_&_nc_oc=AdlJIrwdmeQ8SvalgSiALdSUGTQlucuE8EDjDRSb0bo0PjbUJOimq2VjS-jmZWPOf08&_nc_ad=z-m&_nc_cid=0&_nc_zt=24&_nc_ht=scontent-sjc3-1.cdninstagram.com&oh=00_AfopOqNx4YjaIVtF1gO500Nd5evcFZ2mxcrGrgMk9RpUqg&oe=6980D039","compas.co.id","https://scontent-sjc3-1.cdninstagram.com/v/t51.2885-19/454520212_457796940578233_4785411874053225121_n.jpg?stp=dst-jpg_e0_s150x150_tt6&_nc_cat=102&ig_cache_key=GJRtFxu5vQUoXaABAKH64Mi_MmlCbkULAAAB1501500j-ccb7-5&ccb=7-5&_nc_sid=669407&efg=eyJ2ZW5jb2RlX3RhZyI6InByb2ZpbGVfcGljLnd3dy4zMjAuQzMifQ%3D%3D&_nc_ohc=Bh_Jtb06bGoQ7kNvwFmUP4_&_nc_oc=AdlJIrwdmeQ8SvalgSiALdSUGTQlucuE8EDjDRSb0bo0PjbUJOimq2VjS-jmZWPOf08&_nc_ad=z-m&_nc_cid=0&_nc_zt=24&_nc_ht=scontent-sjc3-1.cdninstagram.com&oh=00_AfopOqNx4YjaIVtF1gO500Nd5evcFZ2mxcrGrgMk9RpUqg&oe=6980D039","compas.co.id","0","@nanin_atmaja 🔥🔥🔥","2025-05-05T03:19:30.000Z"
"Sukses terus @sohoney.jr 🥰😍","https://www.instagram.com/p/DJJUmCLynbt/",,,,,,,,,,,,,,,,,,
"Generos masih terbaik khasiat nya","https://www.instagram.com/p/DJJUmCLynbt/",,,,,,,,,,,,,,,,,,
"Alhamdulillah Terbaik memang @sohoney.jr  sukses terus","https://www.instagram.com/p/DJJUmCLynbt/",,,,,,,,,,,,,,,,,,
"Masyaallah sukses slalu @sohoney.jr❤️😍","https://www.instagram.com/p/DJJUmCLynbt/",,,,,,,,,,,,,,,,,,
"Masyaa Allah, congrast @sohoney.jr 🔥🔥❤️ Barakallahufiik, doa terbaik, sukses terus mmbersamai buah hati kamu semua utk tumbuh kembang yang optimal.. terima kasih SOHONEY JR❤️❤️","https://www.instagram.com/p/DJJUmCLynbt/",,,,,,,,,,,,,,,,,,
"Masya Allah sukses selalu untuk @sohoney.jr  semoga semakin sukses dan makin banyak peminat untuk si kecil nya bunda bunda ❤️","https://www.instagram.com/p/DJJUmCLynbt/",,,,,,,,,,,,,,,,,,
"Masyaallah sukses terus @sohoney.jr semoga makin sukses ya ❤️","https://www.instagram.com/p/DJJUmCLynbt/",,,,,,,,,,,,,,,,,,
"MasyaAllah bener2 multivitamin terbaik anaku.. Gara2 sohoneyjr anaku udah jauh dari kata GTM.. Makasih @sohoney.jr sukses selalu yaa🔥","https://www.instagram.com/p/DJJUmCLynbt/",,,,,,,,,,,,,,,,,,
"Masih bingung, sebelum perang 10,2, setelah perang 10,9, kenaikannya +7,4%?","https://www.instagram.com/p/DId_JYjSvvc/",,,,,,,,,,,,,,,,,,
"Lotion @expertcare.id love banget.. Andalan buat perawatan kulit anakku 💜💜","https://www.instagram.com/p/DE7QnybytLZ/",,,,,,,,,,,,,,,,,,
"Bikin yuk @estamaofficial 😍","https://www.instagram.com/p/DE7QnybytLZ/",,,,,,,,,,,,,,,,,,
"Emang mantul bgt lotionnya expert care, sayang ga ada ukuran galon 🙏🏻🙏🏻🙏🏻","https://www.instagram.com/p/DE7QnybytLZ/",,,,,,,,,,,,,,,,,,
"Momami, mamaschoice donk","https://www.instagram.com/p/DE7QnybytLZ/",,,,,,,,,,,,,,,,,,
"❤️❤️ pilih lokal aja Expert Care 👏👏","https://www.instagram.com/p/DE7QnybytLZ/",,,,,,,,,,,,,,,,,,
"Zwitsal gift pack itu pilihan gampang buat ngado org baru lahiran, karena jumlah kelahiran tinggi otomatis gift pack produk bayi kaya zwitsal laku","https://www.instagram.com/p/DE7QnybytLZ/",,,,,,,,,,,,,,,,,,
"@expertcare.id 🔥🔥🔥🔥 lotion nya sangat2 berimpact baik utk anak2ku","https://www.instagram.com/p/DE7QnybytLZ/",,,,,,,,,,,,,,,,,,
"Mantapp @officialpersonalbeauty 😍🔥","https://www.instagram.com/p/DHqBlUDSCRK/",,,,,,,,,,,,,,,,,,
"🤩🤩","https://www.instagram.com/p/DITOzDSS3xI/",,,,,,,,,,,,,,,,,,
"❤️🔥","https://www.instagram.com/p/DIQp8hRSr65/",,,,,,,,,,,,,,,,,,
"Kalo parfum min tahun 2024","https://www.instagram.com/p/DJRWZ5Zy9_5/",,,,,,,,,,,,,,,,,,
"Wahhh brand lokal pride bisa masuk 10 besar, menyala Animate @animateofficial.id bangga lokal produk 🔥🔥❤️❤️😍","https://www.instagram.com/p/DJRWZ5Zy9_5/",,,,,,,,,,,,,,,,,,
"Sukak banget konten2 gini😍🙌","https://www.instagram.com/p/DCT48O5SCaN/",,,,,,,,,,,,,,,,,,
"👍👍👍👍keren","https://www.instagram.com/p/DF5DuEOS7sY/",,,,,,,,,,,,,,,,,,
"@expertcare.id 🥰🥰","https://www.instagram.com/p/DDHY2ipyJbA/",,,,,,,,,,,,,,,,,,
"Peluang bertambah nih 😍🔥","https://www.instagram.com/p/DDHY2ipyJbA/",,,,,,,,,,,,,,,,,,
"Sangat membantu skali mas compas 🔥","https://www.instagram.com/p/DDgRzaFSlbb/",,,,,,,,,,,,,,,,,,
"Sebelum sama hits gara gara dia, so far onix emg salah satu parfum lokal yg lumayan sih, dg harga yg terjangkau. Wanginya mayan awet sama kecium dr jauh","https://www.instagram.com/p/DGNvLApSGA4/",,,,,,,,,,,,,,,,,,
"👏👏👏👏👏","https://www.instagram.com/p/DGNvLApSGA4/",,,,,,,,,,,,,,,,,,
"Boleh direview sampai desember min? Terimakasih","https://www.instagram.com/p/DC1XPnVySzS/",,,,,,,,,,,,,,,,,,
"Terima kasih inponya 😍","https://www.instagram.com/p/DC1XPnVySzS/",,,,,,,,,,,,,,,,,,
"❤️❤️❤️","https://www.instagram.com/p/DC1XPnVySzS/",,,,,,,,,,,,,,,,,,
"🔥🔥","https://www.instagram.com/p/DC1XPnVySzS/",,,,,,,,,,,,,,,,,,
"Panen","https://www.instagram.com/p/DC1XPnVySzS/",,,,,,,,,,,,,,,,,,
"Sangat membantu para umkm 🔥","https://www.instagram.com/p/DC6g4UCy2Qn/",,,,,,,,,,,,,,,,,,
"Waaah kereen. Bisa nih unt plan 2025 🔥","https://www.instagram.com/p/DD9div6ydn7/",,,,,,,,,,,,,,,,,,
"Min, request data marketsharenya Teh Celup dong 🙏
Saya coba scroll-scroll postingan sebelumnya tapi belum ada ya","https://www.instagram.com/p/DFub9wMyYcu/",,,,,,,,,,,,,,,,,,
"👍🔥","https://www.instagram.com/p/DFub9wMyYcu/",,,,,,,,,,,,,,,,,,
"❤️","https://www.instagram.com/p/DDwlh9SSuUz/",,,,,,,,,,,,,,,,,,
"wah aku udah lama ga riset2 big data, liat2 konten di akun ini puas rasanya","https://www.instagram.com/p/DDwlh9SSuUz/",,,,,,,,,,,,,,,,,,
"min aku mau unduh laporan lengkap yg ini tapi kok di bio gak ada ya kayaknya?","https://www.instagram.com/p/DDwlh9SSuUz/",,,,,,,,,,,,,,,,,,
"Local best @wardahbeauty 😍","https://www.instagram.com/p/DDwlh9SSuUz/",,,,,,,,,,,,,,,,,,
"Wajibbb dukung brand locall😍 @somethincofficial","https://www.instagram.com/p/DDwlh9SSuUz/",,,,,,,,,,,,,,,,,,
"Sayang Hanasui banyak banyak 😍😍😍","https://www.instagram.com/p/DDwlh9SSuUz/",,,,,,,,,,,,,,,,,,
"Efek boycott , Scarlett dan loreal menghilang 😍","https://www.instagram.com/p/DDwlh9SSuUz/",,,,,,,,,,,,,,,,,,
"@msglowbeauty 😍🔥","https://www.instagram.com/p/DDwlh9SSuUz/",,,,,,,,,,,,,,,,,,
"Tim lokal brand 😍 @wardahbeauty","https://www.instagram.com/p/DDwlh9SSuUz/",,,,,,,,,,,,,,,,,,
"Lokal dooong 😍 @officialpersonalbeauty","https://www.instagram.com/p/DDwlh9SSuUz/",,,,,,,,,,,,,,,,,,
"nyoba jd pembeli. Ternyata 👍👍👍","https://www.instagram.com/p/DDo3ICpyiNz/",,,,,,,,,,,,,,,,,,
"Yeaaay","https://www.instagram.com/p/DB0_XytSjzc/",,,,,,,,,,,,,,,,,,
"Kenapa pake garis miring min?","https://www.instagram.com/p/DDPHL3hSIxU/",,,,,,,,,,,,,,,,,,
"👍👍👍🔥","https://www.instagram.com/p/DDPHL3hSIxU/",,,,,,,,,,,,,,,,,,
"Wuihhh ada moell","https://www.instagram.com/p/DCRUIwSSASf/",,,,,,,,,,,,,,,,,,
"Mantaaaaff. Terima kasih 😍🔥","https://www.instagram.com/p/DDJ9oHxyweZ/",,,,,,,,,,,,,,,,,,
"Goksss pak @ricodelwyn dan pak rafly 🔥👏🏻 kereen","https://www.instagram.com/p/DDy1yxTSHi0/",,,,,,,,,,,,,,,,,,
"Wah, thank you compas🩷","https://www.instagram.com/p/DDy1yxTSHi0/",,,,,,,,,,,,,,,,,,
"Woohooo Coolvita🔥😍👏","https://www.instagram.com/p/DCOvZHvS1At/",,,,,,,,,,,,,,,,,,
"Aku Bangga Aku Bangian Dari Azarine❤️🔥","https://www.instagram.com/p/DCyd4kIyiys/",,,,,,,,,,,,,,,,,,
"😍😍😍","https://www.instagram.com/p/DCyd4kIyiys/",,,,,,,,,,,,,,,,,,
"🔥🔥🔥🔥🔥meNyaLa AzaRine Kuuuuu......❤️❤️❤️❤️❤️❤️❤️❤️❤️❤️❤️❤️❤️❤️❤️❤️❤️","https://www.instagram.com/p/DCyd4kIyiys/",,,,,,,,,,,,,,,,,,
"🔥🔥🔥🔥","https://www.instagram.com/p/DCyd4kIyiys/",,,,,,,,,,,,,,,,,,
"Wowww 👏","https://www.instagram.com/p/DCyd4kIyiys/",,,,,,,,,,,,,,,,,,
"👍👍👍","https://www.instagram.com/p/DCyd4kIyiys/",,,,,,,,,,,,,,,,,,
"Penasaran yang versi cowonya deh😍","https://www.instagram.com/p/DDb_NCcSpWS/",,,,,,,,,,,,,,,,,,
"Alhamdulillah sangat membantu 😇","https://www.instagram.com/p/DDb_NCcSpWS/",,,,,,,,,,,,,,,,,,
"1 kata buat moell. Bangga🙌🏻 wah, congrats moell, jadi brand body lotion yg best🤎 sukses selalu ya, jujur anakku cocok semua produk moell. Apalagi hair lotion nya, wah parah si sehat bgt skrg rambutnyaa","https://www.instagram.com/p/DAiYPcuSmsT/",,,,,,,,,,,,,,,,,,
"Bunda gak beli skincare lagi,, pake face cream moell bareng bocil aja, kulit jadi balik kenyel2 lembab kayak baby lg 😍 😍","https://www.instagram.com/p/DAiYPcuSmsT/",,,,,,,,,,,,,,,,,,
"Terbaik 😍😍","https://www.instagram.com/p/DAiYPcuSmsT/",,,,,,,,,,,,,,,,,,
"Hihi recomended awal coba2 punya ponakan ternyata enak bikin lembab kulitku 😂 sekarang ketagihan beli sendiri pas ada promo 😂😍","https://www.instagram.com/p/DAiYPcuSmsT/",,,,,,,,,,,,,,,,,,
"jujur moell emg paling bagus😩👏🏻","https://www.instagram.com/p/DAiYPcuSmsT/",,,,,,,,,,,,,,,,,,
"Ga cuma buat bayi sih, dipake emaknya jg lembut bgt dikulit","https://www.instagram.com/p/DAiYPcuSmsT/",,,,,,,,,,,,,,,,,,
"Sejak ada moell gamau pake yg lain karna anakku secocok itu sm semua produknyaa😍😍 berasa pake hair & body care mahal❤️","https://www.instagram.com/p/DAiYPcuSmsT/",,,,,,,,,,,,,,,,,,
"Pertama kali tau dan pakai wkt anakku newborn kulit kakinya mengelupas, pake ini 2 hari lgsg membaik.. se soft itu baunya suka bgt","https://www.instagram.com/p/DAiYPcuSmsT/",,,,,,,,,,,,,,,,,,
"Asekkkkk ... Selalu repeat moell terusss. Mulai shampoo, sabun, face cream, sunscreen hair lotion, body lotion semiala moell 🥰 menyalaaa moellll  brand favorite kui","https://www.instagram.com/p/DAiYPcuSmsT/",,,,,,,,,,,,,,,,,,
"Wahh Moell ku lagi dan lagi menyala Moell ku ❤️❤️ @moell.id  dari Awal emang Moell sihh yang no tipu tipu produk sebelah hanya hmmmm pokoknya tetap Moell ku yg paling menyala dan terbukti 🥰🥰 secinta itu pakai semua produknya Moell 😍😍😍","https://www.instagram.com/p/DAiYPcuSmsT/",,,,,,,,,,,,,,,,,,
"Menyalaaa moell ku 🔥🔥 tiap bulan gapernah skip CO moell 😍 dah paling cocok di anak2 ku semua produk nya, bekas iritasi putih2 jd bersih lagi pake body lotion nya 😘","https://www.instagram.com/p/DAiYPcuSmsT/",,,,,,,,,,,,,,,,,,
"Expertcare kesayangan anak anakku 💕💕 @expertcare.id","https://www.instagram.com/p/DAiYPcuSmsT/",,,,,,,,,,,,,,,,,,
"pake moell dr awal launching sampai skrg masih setia pake moell.. lembut banget dikulit , nak Lanang suka poll . .paksu juga ikutan pake, serumah auto pake moell semua nih😍😍 secinta ituuu👏👏","https://www.instagram.com/p/DAiYPcuSmsT/",,,,,,,,,,,,,,,,,,
"Emg mantul lotion moell ini 😍 kulit anakku kering, ku pakein ini auto lembab 🥰🥰","https://www.instagram.com/p/DAiYPcuSmsT/",,,,,,,,,,,,,,,,,,
"Min, kenapa Lazada gak diperhitungkan dalam survei ini ya?","https://www.instagram.com/p/DD64vVpSOwM/",,,,,,,,,,,,,,,,,,
"@lemonilo ai lop yu semua rasa 😅😍","https://www.instagram.com/p/DD64vVpSOwM/",,,,,,,,,,,,,,,,,,
"Kok bisa min? @azarinecosmeticofficial jelasin dong usp-nya 🤔","https://www.instagram.com/p/DEzpwqwy5D_/",,,,,,,,,,,,,,,,,,
"Extrajoss gmn min?","https://www.instagram.com/p/DA1Aimry4RA/",,,,,,,,,,,,,,,,,,
"@kapalapi_id 👏👏👏","https://www.instagram.com/p/DA1Aimry4RA/",,,,,,,,,,,,,,,,,,
"Alhamdulillah ya allah.... 🤲🤲🤲 produk lokal pasti bisa... Yuk cinta produk Indonesia","https://www.instagram.com/p/C_21mtaydj1/",,,,,,,,,,,,,,,,,,
"❤️❤️❤️ wardah","https://www.instagram.com/p/C_21mtaydj1/",,,,,,,,,,,,,,,,,,
"Tapi regulasi harga masih jadi masalah. 😢 Imbasnya pada brand2 lokal yang naik tapi spread hancur gara2 rusak harga. Banyak yang ngalamin. 😢","https://www.instagram.com/p/DABH5I2SgnN/",,,,,,,,,,,,,,,,,,
"Terima kasih 😍🔥","https://www.instagram.com/p/DC9Fmk-S3MB/",,,,,,,,,,,,,,,,,,
"penyebab menurunnya market share originote apa ya?","https://www.instagram.com/p/DAQ_U31yAlM/",,,,,,,,,,,,,,,,,,
"Please bring back local brand😢😢 sedih sih didominasi brand CHINA","https://www.instagram.com/p/DAQ_U31yAlM/",,,,,,,,,,,,,,,,,,
"Kok aku lebih yakin pakai wardah yah , bran yg udah bertahun tahun dan jadi top of mind nya para wanita 😍","https://www.instagram.com/p/DAQ_U31yAlM/",,,,,,,,,,,,,,,,,,
"Go go wardah 🔥🔥🔥","https://www.instagram.com/p/DAQ_U31yAlM/",,,,,,,,,,,,,,,,,,
"Skintific aja drop","https://www.instagram.com/p/DAQ_U31yAlM/",,,,,,,,,,,,,,,,,,
"go wardah","https://www.instagram.com/p/DAQ_U31yAlM/",,,,,,,,,,,,,,,,,,
"Produk & paket apa aja?","https://www.instagram.com/p/DBqsK7MyyKj/",,,,,,,,,,,,,,,,,,
"🔥🔥 gokil","https://www.instagram.com/p/DBqsK7MyyKj/",,,,,,,,,,,,,,,,,,
"🔥🔥🔥","https://www.instagram.com/p/DCEcL16ydrv/",,,,,,,,,,,,,,,,,,
"😍😍😍","https://www.instagram.com/p/DCEcL16ydrv/",,,,,,,,,,,,,,,,,,
"❤️❤️❤️","https://www.instagram.com/p/DCEcL16ydrv/",,,,,,,,,,,,,,,,,,
"Bahas the originote yg overclaim min. Apakah penjualannya menurun ?","https://www.instagram.com/p/DDzKWtAyCyO/",,,,,,,,,,,,,,,,,,
"Tapi ternyata ada konten kreator ahli di bidang ini yang membuktikan kalo produk doktif juga overclaim lo 😭","https://www.instagram.com/p/DDzKWtAyCyO/",,,,,,,,,,,,,,,,,,
"Hrs piawai ambil peluang di fenomena alam ini 😂🔥","https://www.instagram.com/p/DDzKWtAyCyO/",,,,,,,,,,,,,,,,,,
"Kasta bakpia yg paling enak adalah bakpia Jogkem yg sdh dirasakan ishowspeed","https://www.instagram.com/p/DAgBG4ny3x-/",,,,,,,,,,,,,,,,,,
"Kopi G-Max 🔥","https://www.instagram.com/p/DB_Sg5qyPym/",,,,,,,,,,,,,,,,,,
"Boleh tanya, bagus mana purella dengan moel ?","https://www.instagram.com/p/DAF8sfzyaoV/",,,,,,,,,,,,,,,,,,
"Alhamdulillah 😍😍😍","https://www.instagram.com/p/DAF8sfzyaoV/",,,,,,,,,,,,,,,,,,
"Menyala purela ku 🔥🔥","https://www.instagram.com/p/DAF8sfzyaoV/",,,,,,,,,,,,,,,,,,
"MasyaAllah tabarakallah....selamat purela, smg makin sukses kedepannya","https://www.instagram.com/p/DAF8sfzyaoV/",,,,,,,,,,,,,,,,,,
"Purela kesayangan akuh nih 😍","https://www.instagram.com/p/DAF8sfzyaoV/",,,,,,,,,,,,,,,,,,
"Masya Allah 😍👏🙌","https://www.instagram.com/p/DAF8sfzyaoV/",,,,,,,,,,,,,,,,,,
"Emang the best nya siih purela 🔥🔥🔥","https://www.instagram.com/p/DAF8sfzyaoV/",,,,,,,,,,,,,,,,,,
"Alhamdulillah, yeaaay Expert Care ada. Awalnya aku beli sabun & shampoo karena anak kulit kering, lotionnua juga lembab banget, pas anak bapil pake calming rubs Bessst local & expert pride ❤️❤️","https://www.instagram.com/p/DAF8sfzyaoV/",,,,,,,,,,,,,,,,,,
"Menyalaa purela kuh. 🔥🔥🔥","https://www.instagram.com/p/DAF8sfzyaoV/",,,,,,,,,,,,,,,,,,
"Wah Congrats Produk Favoritku @purela.official 👏😍 Sukses Selalu ibu Dokter @dr.shindyputri_ 🤲","https://www.instagram.com/p/DAF8sfzyaoV/",,,,,,,,,,,,,,,,,,
"Wuihhh congrats purela🥳 Skincare anakku yg bikin glowing😍","https://www.instagram.com/p/DAF8sfzyaoV/",,,,,,,,,,,,,,,,,,
"masaya allahh, keren poll purela😍🔥","https://www.instagram.com/p/DAF8sfzyaoV/",,,,,,,,,,,,,,,,,,
"MasyaAllah keren purela🔥","https://www.instagram.com/p/DAF8sfzyaoV/",,,,,,,,,,,,,,,,,,
"MasyaAllah sekeren itu purela😍","https://www.instagram.com/p/DAF8sfzyaoV/",,,,,,,,,,,,,,,,,,
"Purela emang best. Verry verry good🔥🔥","https://www.instagram.com/p/DAF8sfzyaoV/",,,,,,,,,,,,,,,,,,
"🔥🔥","https://www.instagram.com/p/DCB232RSmkY/",,,,,,,,,,,,,,,,,,
"Menyalaa 🔥🔥🔥","https://www.instagram.com/p/DCB232RSmkY/",,,,,,,,,,,,,,,,,,
"😍😍😍😍😍","https://www.instagram.com/p/DCB232RSmkY/",,,,,,,,,,,,,,,,,,
"@makeoverid","https://www.instagram.com/p/DMH23U2yI8x/",,,,,,,,,,,,,,,,,,
"@wardahbeauty","https://www.instagram.com/p/DMH23U2yI8x/",,,,,,,,,,,,,,,,,,
"Min cek DM Min","https://www.instagram.com/p/DBd0QA9SLX7/",,,,,,,,,,,,,,,,,,
"Ready serum VIVA, 🤭🤭","https://www.instagram.com/p/DBd0QA9SLX7/",,,,,,,,,,,,,,,,,,
"waaa @finallyfoundyou.id!! 😍🫶🏻","https://www.instagram.com/p/DBd0QA9SLX7/",,,,,,,,,,,,,,,,,,
"Some by mi emang the best bgttt😭❤️❤️❤️ @somebymi.official_id","https://www.instagram.com/p/DBd0QA9SLX7/",,,,,,,,,,,,,,,,,,
"OJinot apa ajarin nih?","https://www.instagram.com/p/DBd0QA9SLX7/",,,,,,,,,,,,,,,,,,
"Brandnya kok g di tulis kak  hehehe #kepo beneran 😁","https://www.instagram.com/p/DBd0QA9SLX7/",,,,,,,,,,,,,,,,,,
"kenapa lazada ga masuk ke data nya min?","https://www.instagram.com/p/DByaocFS1ZJ/",,,,,,,,,,,,,,,,,,
"ini versi link googlenyaa compas ada ga min","https://www.instagram.com/p/DByaocFS1ZJ/",,,,,,,,,,,,,,,,,,
"kak ini ga ada report kaya file nyaa?","https://www.instagram.com/p/DByaocFS1ZJ/",,,,,,,,,,,,,,,,,,
"kok bs daviena pnjualan trtinggi😢 pdhal di live dy isi komennya hujatan smua 😮","https://www.instagram.com/p/DByaocFS1ZJ/",,,,,,,,,,,,,,,,,,
"Menyala Wardahku 😍😍😍","https://www.instagram.com/p/C_shwnjSQxb/",,,,,,,,,,,,,,,,,,
"WARDAH ❤️❤️","https://www.instagram.com/p/C_shwnjSQxb/",,,,,,,,,,,,,,,,,,
"OTWOO GILASEH","https://www.instagram.com/p/C_shwnjSQxb/",,,,,,,,,,,,,,,,,,
"Wardah matte lip cream juaraak","https://www.instagram.com/p/C_shwnjSQxb/",,,,,,,,,,,,,,,,,,
"❤️‍🔥❤️‍🔥❤️‍🔥❤️‍🔥❤️‍🔥❤️‍🔥","https://www.instagram.com/p/C_shwnjSQxb/",,,,,,,,,,,,,,,,,,
"@sidomuncultbk","https://www.instagram.com/p/DBQ8S1Py5h2/",,,,,,,,,,,,,,,,,,
"@yusronabdlh_ itu d kontak coba sakha","https://www.instagram.com/p/DBOfgz9yMMb/",,,,,,,,,,,,,,,,,,
"Tak ada yg protes kopi naik 👏 mengeluh tapi dinikmati 🙌 yang paling mahal kopi hitam","https://www.instagram.com/p/DBOfgz9yMMb/",,,,,,,,,,,,,,,,,,
"Menyala glastingku🔥🔥🔥❤️❤️","https://www.instagram.com/p/C9128xLSgpN/",,,,,,,,,,,,,,,,,,
"@errerica upss loreal where are you?🤭","https://www.instagram.com/p/C9128xLSgpN/",,,,,,,,,,,,,,,,,,
"Genk Paragon ga pernah gagal bikin produk 😍🔥","https://www.instagram.com/p/C9128xLSgpN/",,,,,,,,,,,,,,,,,,
"Sampe nyetok glasting 😍","https://www.instagram.com/p/C9128xLSgpN/",,,,,,,,,,,,,,,,,,
"IMPLORA🔥🔥🔥","https://www.instagram.com/p/C9128xLSgpN/",,,,,,,,,,,,,,,,,,
"Jd lgsung pengen co wardah glasting😢","https://www.instagram.com/p/C9128xLSgpN/",,,,,,,,,,,,,,,,,,
"Kalau per lipstikan wardah emang ngga usah diraguin lagi deh luv banget 😍 @wardahbeauty","https://www.instagram.com/p/C9128xLSgpN/",,,,,,,,,,,,,,,,,,
"Lipstick maybelline bagus bgt, tp kok ga masuk?","https://www.instagram.com/p/C9128xLSgpN/",,,,,,,,,,,,,,,,,,
"@sweetsparklesssssss masuk wak si purba","https://www.instagram.com/p/C9128xLSgpN/",,,,,,,,,,,,,,,,,,
"Paragon grup menguasai pasar lipstick 😍 menyala gincuku 🔥🔥🔥","https://www.instagram.com/p/C9128xLSgpN/",,,,,,,,,,,,,,,,,,
"wawwww 😍 wardah , omg","https://www.instagram.com/p/C9128xLSgpN/",,,,,,,,,,,,,,,,,,
"SO PROUD!😍👏","https://www.instagram.com/p/C9128xLSgpN/",,,,,,,,,,,,,,,,,,
"Ga cukup satu siiih emang. Favorite akuu glasting 01, 04, 08 🔥🔥🔥","https://www.instagram.com/p/C9128xLSgpN/",,,,,,,,,,,,,,,,,,
"Wardah, makeover, omg semua syukaaaa karna warna yg syantik2 sekaliiii🔥😍❤️","https://www.instagram.com/p/C9128xLSgpN/",,,,,,,,,,,,,,,,,,
"Semakin terdepan @paragon.id @wardahbeauty @makeoverid @itsomgbeauty 😍😍","https://www.instagram.com/p/C9128xLSgpN/",,,,,,,,,,,,,,,,,,
"Emg konon ktnya warga konoha lebih takut jelek, daripada missqueen","https://www.instagram.com/p/DBJU1_wShl7/",,,,,,,,,,,,,,,,,,
"Scarlett?","https://www.instagram.com/p/DBJU1_wShl7/",,,,,,,,,,,,,,,,,,
"🔥🔥🔥 👍","https://www.instagram.com/p/DBJU1_wShl7/",,,,,,,,,,,,,,,,,,
"Tolong dong min kasih tauu brand yg dimaksud brand A dan brand B","https://www.instagram.com/p/DBYqlz3yz92/",,,,,,,,,,,,,,,,,,
"Viva jelas bagus bgt tapi gapernah berisik🔥","https://www.instagram.com/p/DBYqlz3yz92/",,,,,,,,,,,,,,,,,,
"Bran a brand b itu apaaann","https://www.instagram.com/p/DBYqlz3yz92/",,,,,,,,,,,,,,,,,,
"Tau brand ""A"" dan ""B"" ini overclaim dari mana? Apa dari review dokter di tiktok? Itu saja kah landasannya?","https://www.instagram.com/p/DBYqlz3yz92/",,,,,,,,,,,,,,,,,,
"Brand A , Brand B apaan sih ? Beneran gak tau dan gak bakalan kena somasi jugakan kalo langsung nyebut brand yg dimaksud (overclaim) drpd bikin bingung yg baca","https://www.instagram.com/p/DBYqlz3yz92/",,,,,,,,,,,,,,,,,,
"viva Brand fav dari zaman kelas 5 SD dulu,udah 30 tahun jadi cust loyal @viva.cosmetics","https://www.instagram.com/p/DBYqlz3yz92/",,,,,,,,,,,,,,,,,,
"Menyalaaa Vivaa 🔥","https://www.instagram.com/p/DBYqlz3yz92/",,,,,,,,,,,,,,,,,,
"Min kira kira apa yang mempengaruhi produk tersebut cocok ² anndengan pelanggan apa yang sebenarnya terjadi bantuin dong min mau jadi jdul skripsi","https://www.instagram.com/p/C-m_vv5ycan/",,,,,,,,,,,,,,,,,,
"Trend penjualan somethinc dong min","https://www.instagram.com/p/C-m_vv5ycan/",,,,,,,,,,,,,,,,,,
"Hallo min data penjualan produk implora 2024 belum ada ya🥲?","https://www.instagram.com/p/DAYLNQvyXXX/",,,,,,,,,,,,,,,,,,
"🔥🔥","https://www.instagram.com/p/C-uuNMwya7W/",,,,,,,,,,,,,,,,,,
"Halo kalau mau pricing tanya ke siapa?","https://www.instagram.com/p/C94x2UWSRPp/",,,,,,,,,,,,,,,,,,
"Data Present","https://www.instagram.com/p/C94x2UWSRPp/",,,,,,,,,,,,,,,,,,
"best! 🔥 @sahabatmarina","https://www.instagram.com/p/C_SxWHfSdz8/",,,,,,,,,,,,,,,,,,
"Wah terima kasih sudah suka GIV Body Wash yang selalu siap jagain kulit cantikmu!
Enjoy, because #EveryGIVMatters 💗","https://www.instagram.com/p/C_QOv2eyVxR/",,,,,,,,,,,,,,,,,,
"@madutava","https://www.instagram.com/p/C9r48HYN4NW/",,,,,,,,,,,,,,,,,,
"@azarinecosmeticofficial 🔥","https://www.instagram.com/p/C9mu1Mdy9PX/",,,,,,,,,,,,,,,,,,
"Best sunscreen @eminacosmetics & @whitelab_id","https://www.instagram.com/p/C9mu1Mdy9PX/",,,,,,,,,,,,,,,,,,
"@wardahbeauty ❤️❤️❤️❤️❤️❤️","https://www.instagram.com/p/C9mu1Mdy9PX/",,,,,,,,,,,,,,,,,,
"@nufaceid bagus juga","https://www.instagram.com/p/C9mu1Mdy9PX/",,,,,,,,,,,,,,,,,,
"Alhamdulillah @fastnaturalherbal 🔥🔥❤️❤️ sukses terus @anggipratamazayn 🔥🔥","https://www.instagram.com/p/C9ziODJy72b/",,,,,,,,,,,,,,,,,,
"@fastnaturalherbal","https://www.instagram.com/p/C9ziODJy72b/",,,,,,,,,,,,,,,,,,
"wuuuhhh menyala @fastnaturalherbal 🔥❤️","https://www.instagram.com/p/C9ziODJy72b/",,,,,,,,,,,,,,,,,,
"🔥🔥🔥 @fastnaturalherbal @anggipratamazayn & 🤍 @steviagnecya","https://www.instagram.com/p/C9ziODJy72b/",,,,,,,,,,,,,,,,,,
"@fastnaturalherbal @anggipratamazayn sukses selalu 👏❤️❤️🔥🔥🔥","https://www.instagram.com/p/C9ziODJy72b/",,,,,,,,,,,,,,,,,,
"Wowww.. berkah ibu bos 2023 @steviagnecya 😍. Semoga 2024 dan tahun2 slnjutnya insyaAllah gacor dipegang pa bos @anggipratamazayn 🔥","https://www.instagram.com/p/C9ziODJy72b/",,,,,,,,,,,,,,,,,,
"@fastnaturalherbal ❤️❤️❤️❤️🔥🔥🔥🔥","https://www.instagram.com/p/C9ziODJy72b/",,,,,,,,,,,,,,,,,,
"@fastnaturalherbal","https://www.instagram.com/p/C9ziODJy72b/",,,,,,,,,,,,,,,,,,
"@fastnaturalherbal 🔥❤️❤️❤️","https://www.instagram.com/p/C9ziODJy72b/",,,,,,,,,,,,,,,,,,
"@fastnaturalherbal 🔥🔥 sukses terussss @anggipratamazayn","https://www.instagram.com/p/C9ziODJy72b/",,,,,,,,,,,,,,,,,,
"@fastnaturalherbal Best product...😍😍❤️❤️","https://www.instagram.com/p/C9ziODJy72b/",,,,,,,,,,,,,,,,,,
"@fastnaturalherbal @anggipratamazayn 🔥🔥♥️♥️♥️","https://www.instagram.com/p/C9ziODJy72b/",,,,,,,,,,,,,,,,,,
"@fastnaturalherbal 🔥","https://www.instagram.com/p/C9ziODJy72b/",,,,,,,,,,,,,,,,,,
"@fastnaturalherbal 👏❤️❤️❤️🔥🔥🔥","https://www.instagram.com/p/C9ziODJy72b/",,,,,,,,,,,,,,,,,,
"@fastnaturalherbal 🔥🔥❤️❤️👏","https://www.instagram.com/p/C9ziODJy72b/",,,,,,,,,,,,,,,,,,
"Thank you for the feature, Compas! Menambah komitmen kami untuk memberikan yang #1 paling aman dan paling efektif untuk Mama & Baby 💯","https://www.instagram.com/p/C-4znsQSZvE/",,,,,,,,,,,,,,,,,,
"😍 Waaaaaa🔥 Guys @aquilamombaby @aquilaskinbeauty","https://www.instagram.com/p/C-4znsQSZvE/",,,,,,,,,,,,,,,,,,
"Sukses terus","https://www.instagram.com/p/C9v2YxvS6Qm/",,,,,,,,,,,,,,,,,,
"#selection 🔥","https://www.instagram.com/p/C9v2YxvS6Qm/",,,,,,,,,,,,,,,,,,
"@imploracosmetics 🔥","https://www.instagram.com/p/C9uYTLly9-3/",,,,,,,,,,,,,,,,,,
"Menyala emina kuuu🔥","https://www.instagram.com/p/C9uYTLly9-3/",,,,,,,,,,,,,,,,,,
"Thank you☺️","https://www.instagram.com/p/C9uYTLly9-3/",,,,,,,,,,,,,,,,,,
"Yuk bisa yuk @filosofiinsani 🔥","https://www.instagram.com/p/C-sQnvISenj/",,,,,,,,,,,,,,,,,,
"CBD baru berusia 5 tahun bisa market share segitu👍👍👍","https://www.instagram.com/p/C-sQnvISenj/",,,,,,,,,,,,,,,,,,
"@maybelline 🔥","https://www.instagram.com/p/C9w88qKy84n/",,,,,,,,,,,,,,,,,,
"Akan ada nominasi Hair Care ga nih Min?","https://www.instagram.com/p/C9w88qKy84n/",,,,,,,,,,,,,,,,,,
"Thank you for the support 🔥","https://www.instagram.com/p/C-IGNILS2ck/",,,,,,,,,,,,,,,,,,
"Pada tahun 2023 nya ada datanya ini min?","https://www.instagram.com/p/C-SZbS3yC28/",,,,,,,,,,,,,,,,,,
"Wardah ❤️❤️","https://www.instagram.com/p/C_LC5JMyc7G/",,,,,,,,,,,,,,,,,,
"Ini maksudnya datanya diambil dari e-commerce atau marketplace ya?","https://www.instagram.com/p/C_LC5JMyc7G/",,,,,,,,,,,,,,,,,,
"skintific ❤️","https://www.instagram.com/p/C_LC5JMyc7G/",,,,,,,,,,,,,,,,,,
"Menyala Wardah 🔥 @liajuariah131 😂","https://www.instagram.com/p/C_LC5JMyc7G/",,,,,,,,,,,,,,,,,,
"Wardah emng the best😍","https://www.instagram.com/p/C_LC5JMyc7G/",,,,,,,,,,,,,,,,,,
"@bellasantika1005","https://www.instagram.com/p/C_LC5JMyc7G/",,,,,,,,,,,,,,,,,,
"Ada daviena dong @melvhinahusyanti","https://www.instagram.com/p/C_LC5JMyc7G/",,,,,,,,,,,,,,,,,,
"Cm tau wardah doang😂👏","https://www.instagram.com/p/C_LC5JMyc7G/",,,,,,,,,,,,,,,,,,
"😂","https://www.instagram.com/p/C_LC5JMyc7G/",,,,,,,,,,,,,,,,,,
"Dulu sempet pake lactacyd skrng dah ganti ke mamas choiceee","https://www.instagram.com/p/C9MqRkzyhSG/",,,,,,,,,,,,,,,,,,
"ini mmg untuk bumil sj atau bgm ya? tp mmg sbg bumil kputihan sering lebih byk","https://www.instagram.com/p/C9MqRkzyhSG/",,,,,,,,,,,,,,,,,,
"👏👏👏 rekomen banget pake Mama Coice","https://www.instagram.com/p/C9MqRkzyhSG/",,,,,,,,,,,,,,,,,,
"wiiiih brand favorit aku nangkring nomor 1 😮","https://www.instagram.com/p/C9MqRkzyhSG/",,,,,,,,,,,,,,,,,,
"Thank you!❤️","https://www.instagram.com/p/C-FhdI4Sieg/",,,,,,,,,,,,,,,,,,
"🔥😍","https://www.instagram.com/p/C-ZzMxOStb9/",,,,,,,,,,,,,,,,,,
"Menyala Moell kuu @moell.id 😍😍😍😍😍😍😍😍😍","https://www.instagram.com/p/C-ZzMxOStb9/",,,,,,,,,,,,,,,,,,
"Menyala Moellku 🤎","https://www.instagram.com/p/C-ZzMxOStb9/",,,,,,,,,,,,,,,,,,
"emang sebagus itu sih @moell.id ga diragukan lagi❤️","https://www.instagram.com/p/C-ZzMxOStb9/",,,,,,,,,,,,,,,,,,
"MS GLOW gamasuk kenapa ya?","https://www.instagram.com/p/C9PO-vbS7eM/",,,,,,,,,,,,,,,,,,
"😍😍😍","https://www.instagram.com/p/C9PO-vbS7eM/",,,,,,,,,,,,,,,,,,
"MENYALAAA NBS KUUUU😍😍🔥🔥🔥KALIMANTAN BIASA JOIN MEMBER DI SAYA @nbs_banjarmasin 🤩🥳🥳🥳🔥🔥🔥🔥","https://www.instagram.com/p/C9PO-vbS7eM/",,,,,,,,,,,,,,,,,,
"🔥🔥","https://www.instagram.com/p/C9PO-vbS7eM/",,,,,,,,,,,,,,,,,,
"Nbs😍😍😍😍","https://www.instagram.com/p/C9PO-vbS7eM/",,,,,,,,,,,,,,,,,,
"😍😍❤️","https://www.instagram.com/p/C9PO-vbS7eM/",,,,,,,,,,,,,,,,,,
"NBS dipuncak dingin🥶🥶","https://www.instagram.com/p/C9PO-vbS7eM/",,,,,,,,,,,,,,,,,,
"😍NBS","https://www.instagram.com/p/C9PO-vbS7eM/",,,,,,,,,,,,,,,,,,
"menyala NBS skincarekuu 💜✨","https://www.instagram.com/p/C9PO-vbS7eM/",,,,,,,,,,,,,,,,,,
"NBS skincare dong ❤️🔥🔥","https://www.instagram.com/p/C9PO-vbS7eM/",,,,,,,,,,,,,,,,,,
"Coollllll @iswhite.id 🥹🥹🥹🥹🥹","https://www.instagram.com/p/C-U-OsfSG12/",,,,,,,,,,,,,,,,,,
"❤️❤️","https://www.instagram.com/p/C8eohx6SRKI/",,,,,,,,,,,,,,,,,,
"Tapi kalau di cek di website bpom the originote tetap brand china menggunakan maklon juga dari china","https://www.instagram.com/p/C8eohx6SRKI/",,,,,,,,,,,,,,,,,,
"Menyapa hanasui🔥🔥","https://www.instagram.com/p/C8eohx6SRKI/",,,,,,,,,,,,,,,,,,
"wahh, ditunggu top brand skincare terlarisnya kak🔥😍","https://www.instagram.com/p/C8eohx6SRKI/",,,,,,,,,,,,,,,,,,
"Bukannya originote merk luar ya? Dr kmrn kok baca banyak yg salah datanya","https://www.instagram.com/p/C8eohx6SRKI/",,,,,,,,,,,,,,,,,,
"@compas.co.id min betul bgt banyak produk skincare china bilangnya Local brand? Bgmn menurut kamu?","https://www.instagram.com/p/C8eohx6SRKI/",,,,,,,,,,,,,,,,,,
"Dia punya China","https://www.instagram.com/p/C8eohx6SRKI/",,,,,,,,,,,,,,,,,,
"@compas.co.id kak the originote bukan produk lokal","https://www.instagram.com/p/C8eohx6SRKI/",,,,,,,,,,,,,,,,,,
"@melvhinahusyanti 🔥🔥","https://www.instagram.com/p/C8rmZ_OyfVj/",,,,,,,,,,,,,,,,,,
"Kalau deodorant kak bisa dispill topbrand diurutan 1","https://www.instagram.com/p/C8rmZ_OyfVj/",,,,,,,,,,,,,,,,,,
"Menyala yuk @melvhinahusyanti 😍","https://www.instagram.com/p/C8rmZ_OyfVj/",,,,,,,,,,,,,,,,,,
"Athena ultah @dr.richard_lee  live di TT skg yokkk liat lounching produk baru buruan qt kepoinnnn","https://www.instagram.com/p/C-IGxbUSqHb/",,,,,,,,,,,,,,,,,,
"Woahh cica toner NPURE😍🔥💚💚💚","https://www.instagram.com/p/C-csqAry7BQ/",,,,,,,,,,,,,,,,,,
"Mksh @compas.co.id  sll ngsh informasi❤️❤️","https://www.instagram.com/p/C8M1vm9yPml/",,,,,,,,,,,,,,,,,,
"Min mohon cek dm ya min, terima kasih banyak","https://www.instagram.com/p/C-IHW9DSjzP/",,,,,,,,,,,,,,,,,,
"🔥🔥🔥 Terimakasih @swamediainc dan @compas.co.id","https://www.instagram.com/p/C-IHW9DSjzP/",,,,,,,,,,,,,,,,,,
"Thank you!❤️","https://www.instagram.com/p/C-IHW9DSjzP/",,,,,,,,,,,,,,,,,,
"🔥🔥🔥","https://www.instagram.com/p/C8HgCDXSCH7/",,,,,,,,,,,,,,,,,,
"Mana data per brand nya Kak","https://www.instagram.com/p/C4Fw3zDyEx2/",,,,,,,,,,,,,,,,,,
"Fashion , Home living & lifestyle dan electronic jg gede banget tp ga masuk di sini","https://www.instagram.com/p/C4Fw3zDyEx2/",,,,,,,,,,,,,,,,,,
"Fashion dimana kak","https://www.instagram.com/p/C4Fw3zDyEx2/",,,,,,,,,,,,,,,,,,
"6.6 kalodata nggi ada promo kah min😂","https://www.instagram.com/p/C7wUTmcytDb/",,,,,,,,,,,,,,,,,,
"👏","https://www.instagram.com/p/C3pGNBfSKgh/",,,,,,,,,,,,,,,,,,
"🥰saya pakai bambi. Wangi nya enak banget","https://www.instagram.com/p/C55JdrNyjtL/",,,,,,,,,,,,,,,,,,
"Bambi 😍🔥🔥🔥😍","https://www.instagram.com/p/C55JdrNyjtL/",,,,,,,,,,,,,,,,,,
"aku tim @bambibaby.id dong, dari anakku newborn sampai sekarang gak pernah ga ti apalagi yg morning breezy! Wanginya enaaak bgt 😍","https://www.instagram.com/p/C55JdrNyjtL/",,,,,,,,,,,,,,,,,,
"Anak q pakai skincare dari @bambibaby.id 😍 produknya bagus2 👍😍","https://www.instagram.com/p/C55JdrNyjtL/",,,,,,,,,,,,,,,,,,
"Aku sih tim @bambibaby.id , produknya bagus,  harganya terjangkau pula❤️","https://www.instagram.com/p/C55JdrNyjtL/",,,,,,,,,,,,,,,,,,
"Aku satu keluarga pakai Bambi..sampai org org bilang kok wangi nya enk bnget...😍😍😍","https://www.instagram.com/p/C55JdrNyjtL/",,,,,,,,,,,,,,,,,,
"Aku tim cologne dari @bambibaby.id ❤️","https://www.instagram.com/p/C55JdrNyjtL/",,,,,,,,,,,,,,,,,,
"Bambi sebagus itu emg,ga diragukan lagi🥰","https://www.instagram.com/p/C55JdrNyjtL/",,,,,,,,,,,,,,,,,,
"Bambi wangi nyaaa emg tahan lamaa😍","https://www.instagram.com/p/C55JdrNyjtL/",,,,,,,,,,,,,,,,,,
"Sukak wangi cologne @bambibaby.id wanginya tahan lama❤️","https://www.instagram.com/p/C55JdrNyjtL/",,,,,,,,,,,,,,,,,,
"Tim @bambibaby.id 😍😍","https://www.instagram.com/p/C55JdrNyjtL/",,,,,,,,,,,,,,,,,,
"@bambibaby.id emang terbaaaikkkk😍","https://www.instagram.com/p/C55JdrNyjtL/",,,,,,,,,,,,,,,,,,
"Produk @bambibaby.id memang juara untuk buah hatiku😍","https://www.instagram.com/p/C55JdrNyjtL/",,,,,,,,,,,,,,,,,,
"Aku punya banyak varian bambiiiiii😍😍 @bambibaby.id  morning breezy sama sweet floral best bgt asliiii","https://www.instagram.com/p/C55JdrNyjtL/",,,,,,,,,,,,,,,,,,
"❤️🥰Terima kasih buat mommy2 yang sudah menggunakan dan percaya produk bambi baby #ibupercayabambi","https://www.instagram.com/p/C55JdrNyjtL/",,,,,,,,,,,,,,,,,,
"Untuk mengatasi gigi sensitif, Pepsodent tetap juaranya.","https://www.instagram.com/p/C8W7XBxy_VD/",,,,,,,,,,,,,,,,,,
"Gigi sensitif tetap aman dengan Pepsodent.","https://www.instagram.com/p/C8W7XBxy_VD/",,,,,,,,,,,,,,,,,,
"Gigi sensitif? Pepsodent selalu bisa diandalkan.","https://www.instagram.com/p/C8W7XBxy_VD/",,,,,,,,,,,,,,,,,,
"Pepsodent tetap yang terpercaya untuk gigi sensitif.","https://www.instagram.com/p/C8W7XBxy_VD/",,,,,,,,,,,,,,,,,,
"Pepsodent masih terdepan dalam perawatan gigi sensitif.","https://www.instagram.com/p/C8W7XBxy_VD/",,,,,,,,,,,,,,,,,,
"Saat gigi sensitif menyerang, Pepsodent solusinya.","https://www.instagram.com/p/C8W7XBxy_VD/",,,,,,,,,,,,,,,,,,
"Pepsodent masih unggul dalam mengatasi gigi sensitif.","https://www.instagram.com/p/C8W7XBxy_VD/",,,,,,,,,,,,,,,,,,
"Pepsodent tetap juara dalam perawatan gigi sensitif.","https://www.instagram.com/p/C8W7XBxy_VD/",,,,,,,,,,,,,,,,,,
"Untuk gigi sensitif, Pepsodent tetap menjadi pilihan utama.","https://www.instagram.com/p/C8W7XBxy_VD/",,,,,,,,,,,,,,,,,,
"Dalam urusan gigi sensitif, Pepsodent masih yang terbaik.","https://www.instagram.com/p/C8W7XBxy_VD/",,,,,,,,,,,,,,,,,,
"Masih betah dengan Pepsodent, belum mau coba yang lain.","https://www.instagram.com/p/C8W7XBxy_VD/",,,,,,,,,,,,,,,,,,
"Pepsodent masih jadi pilihan utama, belum ada rencana ganti.","https://www.instagram.com/p/C8W7XBxy_VD/",,,,,,,,,,,,,,,,,,
"Pepsodent tetap yang terbaik, belum mau coba pasta gigi lain.","https://www.instagram.com/p/C8W7XBxy_VD/",,,,,,,,,,,,,,,,,,
"emang sebagus itu Pepsodent mangkanya laku bgt","https://www.instagram.com/p/C8W7XBxy_VD/",,,,,,,,,,,,,,,,,,
"Halo pak @zul.hasan @kemendag @tetenmasduki_  lihat ini nasib Tokopedia dibeli tiktok malah makin turun, bgmn ini, tiktok shop itu malah mematikan Tokopedia bukan malah membuat Tokopedia makin untung,","https://www.instagram.com/p/C4LIlrTyH2E/",,,,,,,,,,,,,,,,,,
"Gmn cara berlangangan compas,,,dm aja gak di blas","https://www.instagram.com/p/C4LIlrTyH2E/",,,,,,,,,,,,,,,,,,
"❤️","https://www.instagram.com/p/C-Cu-7Dy0wn/",,,,,,,,,,,,,,,,,,
"🔥🔥🔥❤️❤️❤️","https://www.instagram.com/p/C-Cu-7Dy0wn/",,,,,,,,,,,,,,,,,,
"Waahhh happy bangettt, aq juga pakai qardah dan cocok bangeeettt 😍","https://www.instagram.com/p/C7lBshtyMvJ/",,,,,,,,,,,,,,,,,,
"skincare yg di Shopee dong min","https://www.instagram.com/p/C7lBshtyMvJ/",,,,,,,,,,,,,,,,,,
"🔥🔥🔥🔥","https://www.instagram.com/p/C7lBshtyMvJ/",,,,,,,,,,,,,,,,,,
"Wardahhhhh ga ada matinyaaaaaaa cuyyyy launching produk the best terusss🔥🥰🥰","https://www.instagram.com/p/C7lBshtyMvJ/",,,,,,,,,,,,,,,,,,
"Yang pasti pasti saja kualitasnya, wardah is the bessssst","https://www.instagram.com/p/C7lBshtyMvJ/",,,,,,,,,,,,,,,,,,
"😍😍😍😍🔥🔥🔥","https://www.instagram.com/p/C7lBshtyMvJ/",,,,,,,,,,,,,,,,,,
"Keren bgt emanggg❤️","https://www.instagram.com/p/C7lBshtyMvJ/",,,,,,,,,,,,,,,,,,
"Udah lama mke wardah emang bagus 😊","https://www.instagram.com/p/C7lBshtyMvJ/",,,,,,,,,,,,,,,,,,
"Wardah emang menyala skin care nya, ngga ada lawan deh pelembabnya","https://www.instagram.com/p/C7lBshtyMvJ/",,,,,,,,,,,,,,,,,,
"Moisturizer wardah emang best bangettt😍🔥","https://www.instagram.com/p/C7lBshtyMvJ/",,,,,,,,,,,,,,,,,,
"Wardahh emang juaranya sihh🔥","https://www.instagram.com/p/C7lBshtyMvJ/",,,,,,,,,,,,,,,,,,
"Wardah n g2g sejauh ini aku pakai emang paling best sih. Skintific jg bagus tapi agak pricy wkwk","https://www.instagram.com/p/C7lBshtyMvJ/",,,,,,,,,,,,,,,,,,
"wardah memang produk lokal ter best banget sih🔥🔥❤","https://www.instagram.com/p/C7lBshtyMvJ/",,,,,,,,,,,,,,,,,,
"gilaaaa keren bangett❤️ emang ga salah pilihh dari dulu pake wardahh😍","https://www.instagram.com/p/C7lBshtyMvJ/",,,,,,,,,,,,,,,,,,
"Keren bgt😍","https://www.instagram.com/p/C7lBshtyMvJ/",,,,,,,,,,,,,,,,,,
"🔥🔥","https://www.instagram.com/p/C7RQZw4yPN6/",,,,,,,,,,,,,,,,,,
"👏👏","https://www.instagram.com/p/C7RQZw4yPN6/",,,,,,,,,,,,,,,,,,
"haloo,  bisa cek DM saya?","https://www.instagram.com/p/C7EFQsGSY5B/",,,,,,,,,,,,,,,,,,
"@sidomunculnatural","https://www.instagram.com/p/C8wqIlyyV1Y/",,,,,,,,,,,,,,,,,,
"Punya @alpriyadi_p nih","https://www.instagram.com/p/C4wrFbDyNX1/",,,,,,,,,,,,,,,,,,
"Suhu ane @mhma_arif","https://www.instagram.com/p/C4wrFbDyNX1/",,,,,,,,,,,,,,,,,,
"@amoy.meylani","https://www.instagram.com/p/C7jZVSHysbK/",,,,,,,,,,,,,,,,,,
"@riska.264","https://www.instagram.com/p/C7jZVSHysbK/",,,,,,,,,,,,,,,,,,
"Belum bisa move on dg sunscreen @whitelab_id min, sunscreen non comedogenic yg ada Niacinamide nya 😁","https://www.instagram.com/p/C7jZVSHysbK/",,,,,,,,,,,,,,,,,,
"Kerenn","https://www.instagram.com/p/C7jZVSHysbK/",,,,,,,,,,,,,,,,,,
"Ada artikelnya ngga? Atau web buat acuan data nya","https://www.instagram.com/p/C4QHo71yXZB/",,,,,,,,,,,,,,,,,,
"data yang tertinggi di shopee ada ga min?","https://www.instagram.com/p/C4QHo71yXZB/",,,,,,,,,,,,,,,,,,
"Thank you!😍🙌","https://www.instagram.com/p/C4QHo71yXZB/",,,,,,,,,,,,,,,,,,
"Menyala moell kuuu 🔥🔥🔥","https://www.instagram.com/p/C7ymQ1DywWg/",,,,,,,,,,,,,,,,,,
"Moell 🤎","https://www.instagram.com/p/C7ymQ1DywWg/",,,,,,,,,,,,,,,,,,
"❤️❤️","https://www.instagram.com/p/C6-usw4SlIv/",,,,,,,,,,,,,,,,,,
"🥳🥳","https://www.instagram.com/p/C3_9XPmybiu/",,,,,,,,,,,,,,,,,,
"🔥😍","https://www.instagram.com/p/C3_9XPmybiu/",,,,,,,,,,,,,,,,,,
"wow such a brave and insightful move, terima kasih compas dan segenap tim berani bersuara, not every company can do such a movement ✨ data proves boycott really works!! #alleyesonrafah","https://www.instagram.com/p/C8E9HmFS-gC/",,,,,,,,,,,,,,,,,,
"Ya iyalah israel tuh sekarang dah jd publik enemy.","https://www.instagram.com/p/C8E9HmFS-gC/",,,,,,,,,,,,,,,,,,
"Tapi marina dan emeron juga terafiliasi😢","https://www.instagram.com/p/C8E9HmFS-gC/",,,,,,,,,,,,,,,,,,
"Bagusss #boycottisrael 
Produk lokal bisa berjaya","https://www.instagram.com/p/C8E9HmFS-gC/",,,,,,,,,,,,,,,,,,
"Perasaan ttp lays ruffles kl global mah","https://www.instagram.com/p/C8Ze-omy7ny/",,,,,,,,,,,,,,,,,,
"Min tlong bantu Local Brand Vs China Brand? Soalnya ada banyak China brand bilangnya Local brand","https://www.instagram.com/p/C76lLUOSwU3/",,,,,,,,,,,,,,,,,,
"Kymmskin 😍😍😍😍","https://www.instagram.com/p/C76lLUOSwU3/",,,,,,,,,,,,,,,,,,
"@kymm_skin ❤️❤️❤️","https://www.instagram.com/p/C76lLUOSwU3/",,,,,,,,,,,,,,,,,,
"Kak mau tanya data penjualan brand skincare","https://www.instagram.com/p/C71cTGsS4jP/",,,,,,,,,,,,,,,,,,
"Amazing","https://www.instagram.com/p/C71cTGsS4jP/",,,,,,,,,,,,,,,,,,
"Dm ku undangannya di klik dong","https://www.instagram.com/p/C3tnKXCSLVK/",,,,,,,,,,,,,,,,,,
"seru bgt!! semoga kunjungan ini melahirkan project & kolaborasi yang mengedukasi ++ bermanfaat🙌👏","https://www.instagram.com/p/C3kZPeaywXN/",,,,,,,,,,,,,,,,,,
"Kereeen 🔥😍","https://www.instagram.com/p/DGSzrCeyXCA/",,,,,,,,,,,,,,,,,,
"Kerennnnn😍","https://www.instagram.com/p/DHFjdD0yGpo/",,,,,,,,,,,,,,,,,,
"❤️❤️❤️❤️","https://www.instagram.com/p/DHFjdD0yGpo/",,,,,,,,,,,,,,,,,,
"Fix bukan kaleng-kaleng! MPASI terenak & terpercaya! 🏆🥇","https://www.instagram.com/p/DHFjdD0yGpo/",,,,,,,,,,,,,,,,,,
"Selamaatttt ❤️❤️👏👏","https://www.instagram.com/p/DHFjdD0yGpo/",,,,,,,,,,,,,,,,,,
"Anakku suka sekali kalau makan cemilan dari yummybites 😍","https://www.instagram.com/p/DHFjdD0yGpo/",,,,,,,,,,,,,,,,,,
"Pasti menang lah enak2 makanannya😍","https://www.instagram.com/p/DHFjdD0yGpo/",,,,,,,,,,,,,,,,,,
"😍😍😍😍","https://www.instagram.com/p/DHFjdD0yGpo/",,,,,,,,,,,,,,,,,,
"Recommended banget 😍","https://www.instagram.com/p/DHFjdD0yGpo/",,,,,,,,,,,,,,,,,,
"Selamatttt❤️❤️❤️❤️ memang produk myyummybites enak bngt anak aku doyan semua","https://www.instagram.com/p/DHFjdD0yGpo/",,,,,,,,,,,,,,,,,,
"😍😍","https://www.instagram.com/p/DHFjdD0yGpo/",,,,,,,,,,,,,,,,,,
"congratulations yummy bites 🔥","https://www.instagram.com/p/DHFjdD0yGpo/",,,,,,,,,,,,,,,,,,
"Emg enk bnget pdhal anakku picky eater😍","https://www.instagram.com/p/DHFjdD0yGpo/",,,,,,,,,,,,,,,,,,
"Emg enk bget, anak pun doyan pdah6picj","https://www.instagram.com/p/DHFjdD0yGpo/",,,,,,,,,,,,,,,,,,
"Dari anakku mulai Mpasi sampai sekarang udh 2 tahun aku selalu pakai @myyummybites dan gk tau kenapa anakku juga cocoknya sama yummy bites ini,, pernah dikasih merk lain dia muntah dan ada yg timbul alergi juga,, alhasil balik lagi ke yummy bites 😂😍","https://www.instagram.com/p/DHFjdD0yGpo/",,,,,,,,,,,,,,,,,,
"The besttttt ! @myyummybites 😍😍😍","https://www.instagram.com/p/DHFjdD0yGpo/",,,,,,,,,,,,,,,,,,
"Gw Dm gak di balas2","https://www.instagram.com/p/C3sM3DvSAPa/",,,,,,,,,,,,,,,,,,
"Kalau mau ini, gimana ya","https://www.instagram.com/p/C3sM3DvSAPa/",,,,,,,,,,,,,,,,,,
"Terima kasih info data dll nya. Sangat mensuport skali 🔥","https://www.instagram.com/p/DDE0BXuS-M8/",,,,,,,,,,,,,,,,,,
"Halooo ka, apakah ada report file nya untuk pembahasan kategori ini?","https://www.instagram.com/p/DBgZArPyi5y/",,,,,,,,,,,,,,,,,,
"white inc 🔥","https://www.instagram.com/p/DRg_KGnEh8E/",,,,,,,,,,,,,,,,,,
"Minn bantu buat top brand skincare terlaris ditiktok shop dong min dan glow2glow msuk daftar ga min?","https://www.instagram.com/p/DQ3q7T1EkUI/",,,,,,,,,,,,,,,,,,
"Kalo Marshanda pake berarti itu bagus dan tidak berbahaya karena dia hanya promoin yang biasa dia pake ga asal endorse","https://www.instagram.com/p/DBv1vdeSwbk/",,,,,,,,,,,,,,,,,,
"My Idolaku @marshanda99 urutan ke-3 kol Approved 😍😍","https://www.instagram.com/p/DBv1vdeSwbk/",,,,,,,,,,,,,,,,,,
"Ka link berita ini di website apakah ada?","https://www.instagram.com/p/DBv1vdeSwbk/",,,,,,,,,,,,,,,,,,
"@tasyiiathasyia kweeennn","https://www.instagram.com/p/DBv1vdeSwbk/",,,,,,,,,,,,,,,,,,
"marshanda iya kah min baru tau😮","https://www.instagram.com/p/DBv1vdeSwbk/",,,,,,,,,,,,,,,,,,
"Sumpah jgn kan skincare. Parfume local aja klo dia bilang enak pasti gua beli🤣. The power of memong @tasyafarasya ❤️","https://www.instagram.com/p/DBv1vdeSwbk/",,,,,,,,,,,,,,,,,,
"@nicholassaputra gak perlu gembar gembor langsung top 2 🔥🔥","https://www.instagram.com/p/DBv1vdeSwbk/",,,,,,,,,,,,,,,,,,
"ganyangka marshanda","https://www.instagram.com/p/DBv1vdeSwbk/",,,,,,,,,,,,,,,,,,
"mamina @nandaarsynt juga ga sii","https://www.instagram.com/p/DBv1vdeSwbk/",,,,,,,,,,,,,,,,,,
"🔥🔥🔥","https://www.instagram.com/p/DBv1vdeSwbk/",,,,,,,,,,,,,,,,,,
"Bener semua bjiiirrr. Dulu heboh iklan Nicsap gue langsung beli nugget kenzler + nontonin iklannya mulu di yutuupppp","https://www.instagram.com/p/DBv1vdeSwbk/",,,,,,,,,,,,,,,,,,
"Aku termasuk tim tasya farasya approved 🙌","https://www.instagram.com/p/DBv1vdeSwbk/",,,,,,,,,,,,,,,,,,
"Bangga di barisan memong @tasyafarasya","https://www.instagram.com/p/DBv1vdeSwbk/",,,,,,,,,,,,,,,,,,
"Tapi ratenya ratusan juta buat dicoba tasya review selama sebulan 😳","https://www.instagram.com/p/DBv1vdeSwbk/",,,,,,,,,,,,,,,,,,
"Semua yg sedang aku pake sekarang, Hasil Approved Tasya Farasya😂❤️","https://www.instagram.com/p/DBv1vdeSwbk/",,,,,,,,,,,,,,,,,,
"Apa nih?kok blm nongol Coming soon nya lama euy...","https://www.instagram.com/p/C9kKXity269/",,,,,,,,,,,,,,,,,,
"Aslli memang keren keren semua ini isinya","https://www.instagram.com/p/DK9SzplSiDH/","18117021313484475","0","17841438470072038","Compas.co.id","true","38576306335","true","false","false","1769658245","3429875095509241882","https://scontent-sjc3-1.cdninstagram.com/v/t51.2885-19/454520212_457796940578233_4785411874053225121_n.jpg?stp=dst-jpg_e0_s150x150_tt6&_nc_cat=102&ig_cache_key=GJRtFxu5vQUoXaABAKH64Mi_MmlCbkULAAAB1501500j-ccb7-5&ccb=7-5&_nc_sid=669407&efg=eyJ2ZW5jb2RlX3RhZyI6InByb2ZpbGVfcGljLnd3dy4zMjAuQzMifQ%3D%3D&_nc_ohc=Bh_Jtb06bGoQ7kNvwGyAAH1&_nc_oc=Adkd-ERubWL1m-ds2KBVjr7d2tp73eIW6x_hQJNNo2ArhK-_Q04mFtGc5S6LB5nDv6k&_nc_ad=z-m&_nc_cid=0&_nc_zt=24&_nc_ht=scontent-sjc3-1.cdninstagram.com&oh=00_Afq8aPx_sTwUSF-C3R7_D6uBS2qkV18h1rNZQKa-im2zFQ&oe=6980D039","compas.co.id","https://scontent-sjc3-1.cdninstagram.com/v/t51.2885-19/454520212_457796940578233_4785411874053225121_n.jpg?stp=dst-jpg_e0_s150x150_tt6&_nc_cat=102&ig_cache_key=GJRtFxu5vQUoXaABAKH64Mi_MmlCbkULAAAB1501500j-ccb7-5&ccb=7-5&_nc_sid=669407&efg=eyJ2ZW5jb2RlX3RhZyI6InByb2ZpbGVfcGljLnd3dy4zMjAuQzMifQ%3D%3D&_nc_ohc=Bh_Jtb06bGoQ7kNvwGyAAH1&_nc_oc=Adkd-ERubWL1m-ds2KBVjr7d2tp73eIW6x_hQJNNo2ArhK-_Q04mFtGc5S6LB5nDv6k&_nc_ad=z-m&_nc_cid=0&_nc_zt=24&_nc_ht=scontent-sjc3-1.cdninstagram.com&oh=00_Afq8aPx_sTwUSF-C3R7_D6uBS2qkV18h1rNZQKa-im2zFQ&oe=6980D039","compas.co.id","0","@jem.soe Yes Kak! Semua yang masuk daftar top brand ini terbukti mencatat performa dari sisi nilai penjualan di Shopee selama Kuartal I 2025 🏆📊","2025-06-17T02:20:01.000Z"
"Alhmdulilah 🩷","https://www.instagram.com/p/DK9SzplSiDH/",,,,,,,,,,,,,,,,,,
"👏👏bismillah MS Glow bisa no 1❤️","https://www.instagram.com/p/DK9SzplSiDH/",,,,,,,,,,,,,,,,,,
"🔥🔥🔥🔥","https://www.instagram.com/p/DK9SzplSiDH/",,,,,,,,,,,,,,,,,,
"Terbaik emang MS GLOW🔥","https://www.instagram.com/p/DK9SzplSiDH/",,,,,,,,,,,,,,,,,,
"Tim yang selalu pake MS GLOW 😍","https://www.instagram.com/p/DK9SzplSiDH/",,,,,,,,,,,,,,,,,,
"Menyalaaahhh Ms Glow 🔥🔥","https://www.instagram.com/p/DK9SzplSiDH/","17892712854253454","0","17841438470072038","Compas.co.id","true","38576306335","true","false","false","1769658245","3429875095509241882","https://scontent-sjc3-1.cdninstagram.com/v/t51.2885-19/454520212_457796940578233_4785411874053225121_n.jpg?stp=dst-jpg_e0_s150x150_tt6&_nc_cat=102&ig_cache_key=GJRtFxu5vQUoXaABAKH64Mi_MmlCbkULAAAB1501500j-ccb7-5&ccb=7-5&_nc_sid=669407&efg=eyJ2ZW5jb2RlX3RhZyI6InByb2ZpbGVfcGljLnd3dy4zMjAuQzMifQ%3D%3D&_nc_ohc=Bh_Jtb06bGoQ7kNvwGyAAH1&_nc_oc=Adkd-ERubWL1m-ds2KBVjr7d2tp73eIW6x_hQJNNo2ArhK-_Q04mFtGc5S6LB5nDv6k&_nc_ad=z-m&_nc_cid=0&_nc_zt=24&_nc_ht=scontent-sjc3-1.cdninstagram.com&oh=00_Afq8aPx_sTwUSF-C3R7_D6uBS2qkV18h1rNZQKa-im2zFQ&oe=6980D039","compas.co.id","https://scontent-sjc3-1.cdninstagram.com/v/t51.2885-19/454520212_457796940578233_4785411874053225121_n.jpg?stp=dst-jpg_e0_s150x150_tt6&_nc_cat=102&ig_cache_key=GJRtFxu5vQUoXaABAKH64Mi_MmlCbkULAAAB1501500j-ccb7-5&ccb=7-5&_nc_sid=669407&efg=eyJ2ZW5jb2RlX3RhZyI6InByb2ZpbGVfcGljLnd3dy4zMjAuQzMifQ%3D%3D&_nc_ohc=Bh_Jtb06bGoQ7kNvwGyAAH1&_nc_oc=Adkd-ERubWL1m-ds2KBVjr7d2tp73eIW6x_hQJNNo2ArhK-_Q04mFtGc5S6LB5nDv6k&_nc_ad=z-m&_nc_cid=0&_nc_zt=24&_nc_ht=scontent-sjc3-1.cdninstagram.com&oh=00_Afq8aPx_sTwUSF-C3R7_D6uBS2qkV18h1rNZQKa-im2zFQ&oe=6980D039","compas.co.id","0","@apheprosyadi Beneran menyala Kak!🔥 dari data kami, performanya menyala banget nih selama kuartal pertama ini 🔥","2025-06-16T18:37:44.000Z"
"Gorgeous ms glow🥰","https://www.instagram.com/p/DK9SzplSiDH/",,,,,,,,,,,,,,,,,,
"Selalu Top memang MS GLOW ku ❤️🔥","https://www.instagram.com/p/DK9SzplSiDH/",,,,,,,,,,,,,,,,,,
"besssst emang ms glow ini😍🔥","https://www.instagram.com/p/DK9SzplSiDH/",,,,,,,,,,,,,,,,,,
"Congrats Gloglowing. Cepet banget bisa masuk jajaran Top 5 di Shopee","https://www.instagram.com/p/DK9SzplSiDH/",,,,,,,,,,,,,,,,,,
"Ga pernah nyesel pake ms glow😍","https://www.instagram.com/p/DK9SzplSiDH/",,,,,,,,,,,,,,,,,,
"Wahh isinya brand brand mantep nih","https://www.instagram.com/p/DK9SzplSiDH/","18178773052323430","0","17841438470072038","Compas.co.id","true","38576306335","true","false","false","1769658245","3429875095509241882","https://scontent-sjc3-1.cdninstagram.com/v/t51.2885-19/454520212_457796940578233_4785411874053225121_n.jpg?stp=dst-jpg_e0_s150x150_tt6&_nc_cat=102&ig_cache_key=GJRtFxu5vQUoXaABAKH64Mi_MmlCbkULAAAB1501500j-ccb7-5&ccb=7-5&_nc_sid=669407&efg=eyJ2ZW5jb2RlX3RhZyI6InByb2ZpbGVfcGljLnd3dy4zMjAuQzMifQ%3D%3D&_nc_ohc=Bh_Jtb06bGoQ7kNvwGyAAH1&_nc_oc=Adkd-ERubWL1m-ds2KBVjr7d2tp73eIW6x_hQJNNo2ArhK-_Q04mFtGc5S6LB5nDv6k&_nc_ad=z-m&_nc_cid=0&_nc_zt=24&_nc_ht=scontent-sjc3-1.cdninstagram.com&oh=00_Afq8aPx_sTwUSF-C3R7_D6uBS2qkV18h1rNZQKa-im2zFQ&oe=6980D039","compas.co.id","https://scontent-sjc3-1.cdninstagram.com/v/t51.2885-19/454520212_457796940578233_4785411874053225121_n.jpg?stp=dst-jpg_e0_s150x150_tt6&_nc_cat=102&ig_cache_key=GJRtFxu5vQUoXaABAKH64Mi_MmlCbkULAAAB1501500j-ccb7-5&ccb=7-5&_nc_sid=669407&efg=eyJ2ZW5jb2RlX3RhZyI6InByb2ZpbGVfcGljLnd3dy4zMjAuQzMifQ%3D%3D&_nc_ohc=Bh_Jtb06bGoQ7kNvwGyAAH1&_nc_oc=Adkd-ERubWL1m-ds2KBVjr7d2tp73eIW6x_hQJNNo2ArhK-_Q04mFtGc5S6LB5nDv6k&_nc_ad=z-m&_nc_cid=0&_nc_zt=24&_nc_ht=scontent-sjc3-1.cdninstagram.com&oh=00_Afq8aPx_sTwUSF-C3R7_D6uBS2qkV18h1rNZQKa-im2zFQ&oe=6980D039","compas.co.id","0","@fata.hie Setuju Kak! Semua top 10 brand ini berhasil tampil dan membuktikan dari data compas.co.id berdasarkan nilai penjualan tertinggi di Shopee sepanjang Kuartal I 2025 📊🔥","2025-06-17T02:12:42.000Z"
"Support terus brand Lokal ga sihhhh, congrats @msglowbeauty  selalu jadi pilihan skincare ayang dirumah 😁","https://www.instagram.com/p/DK9SzplSiDH/","18056989808202682","0","17841438470072038","Compas.co.id","true","38576306335","true","false","false","1769658245","3429875095509241882","https://scontent-sjc3-1.cdninstagram.com/v/t51.2885-19/454520212_457796940578233_4785411874053225121_n.jpg?stp=dst-jpg_e0_s150x150_tt6&_nc_cat=102&ig_cache_key=GJRtFxu5vQUoXaABAKH64Mi_MmlCbkULAAAB1501500j-ccb7-5&ccb=7-5&_nc_sid=669407&efg=eyJ2ZW5jb2RlX3RhZyI6InByb2ZpbGVfcGljLnd3dy4zMjAuQzMifQ%3D%3D&_nc_ohc=Bh_Jtb06bGoQ7kNvwGyAAH1&_nc_oc=Adkd-ERubWL1m-ds2KBVjr7d2tp73eIW6x_hQJNNo2ArhK-_Q04mFtGc5S6LB5nDv6k&_nc_ad=z-m&_nc_cid=0&_nc_zt=24&_nc_ht=scontent-sjc3-1.cdninstagram.com&oh=00_Afq8aPx_sTwUSF-C3R7_D6uBS2qkV18h1rNZQKa-im2zFQ&oe=6980D039","compas.co.id","https://scontent-sjc3-1.cdninstagram.com/v/t51.2885-19/454520212_457796940578233_4785411874053225121_n.jpg?stp=dst-jpg_e0_s150x150_tt6&_nc_cat=102&ig_cache_key=GJRtFxu5vQUoXaABAKH64Mi_MmlCbkULAAAB1501500j-ccb7-5&ccb=7-5&_nc_sid=669407&efg=eyJ2ZW5jb2RlX3RhZyI6InByb2ZpbGVfcGljLnd3dy4zMjAuQzMifQ%3D%3D&_nc_ohc=Bh_Jtb06bGoQ7kNvwGyAAH1&_nc_oc=Adkd-ERubWL1m-ds2KBVjr7d2tp73eIW6x_hQJNNo2ArhK-_Q04mFtGc5S6LB5nDv6k&_nc_ad=z-m&_nc_cid=0&_nc_zt=24&_nc_ht=scontent-sjc3-1.cdninstagram.com&oh=00_Afq8aPx_sTwUSF-C3R7_D6uBS2qkV18h1rNZQKa-im2zFQ&oe=6980D039","compas.co.id","0","@sopandi.sop Brand lokal sekarang makin keren dan makin dipercaya 💪, terima kasih sudah ikut dukung pertumbuhan industri kecantikan di e-commerce ✨","2025-06-16T18:29:22.000Z"
"MS GLOW sih habis ini 🔥 sudah nyata banget  hasilnya","https://www.instagram.com/p/DK9SzplSiDH/",,,,,,,,,,,,,,,,,,
"Terbaaaiiik ms glow 😍🔥🔥","https://www.instagram.com/p/DM7CwcgSj2I/",,,,,,,,,,,,,,,,,,
"Ms glow tetap 🔥🔥🔥 terrbaaikkkkk terussss mbaaak selalu adaaa di tingkatan terrbaaikkkkk pokok e 😍@shandypurnamasari 😍micuuuuu micuuu mbaakk 😘","https://www.instagram.com/p/DM7CwcgSj2I/",,,,,,,,,,,,,,,,,,
"Congratulations @shandypurnamasari @juragan_99 @risdacyogya @msglowbeauty 👏❤️👏❤️😍✨","https://www.instagram.com/p/DM7CwcgSj2I/",,,,,,,,,,,,,,,,,,
"NGGA perlu bayar membayar 🤣 emang sudah terbukti BAGUS BANGETTTT ❤️❤️❤️ @msglowbeauty ❤️","https://www.instagram.com/p/DM7CwcgSj2I/",,,,,,,,,,,,,,,,,,
"Selamat @shandypurnamasari @dr.okypratamaa 😍😍❤️❤️❤️","https://www.instagram.com/p/DM7CwcgSj2I/",,,,,,,,,,,,,,,,,,
"Pantes sih kalau ms glow best mah","https://www.instagram.com/p/DM7CwcgSj2I/",,,,,,,,,,,,,,,,,,
"ms glow ttp yangg pertama skincare andalanku dr jaman dlu😍","https://www.instagram.com/p/DM7CwcgSj2I/",,,,,,,,,,,,,,,,,,
"🙌🔥❤️","https://www.instagram.com/p/DCHBAJESVuN/",,,,,,,,,,,,,,,,,,
"mamypoko lokal? engga woi dia unicharm itu perusahaan jepang","https://www.instagram.com/p/C8cDwesy4aI/",,,,,,,,,,,,,,,,,,
"Cbd mantap🔥","https://www.instagram.com/p/DPit3NKEvTc/",,,,,,,,,,,,,,,,,,
"Menyala Maybelline ku🔥","https://www.instagram.com/p/C5VXCHlSssU/",,,,,,,,,,,,,,,,,,
"Salah mention @itsomgbeauty","https://www.instagram.com/p/C5VXCHlSssU/",,,,,,,,,,,,,,,,,,
