ownerUsername,text,post_url
compas.co.id,"📊 Gimana, udah siap nyusun strategi buat setengah tahun terakhir 2025?
Tenang, tim expert Compas.co.id baru aja rilis “Indonesian FMCG E-Commerce Report for 1st Half 2025” report yang bisa bantu kamu ambil keputusan lebih tepat dan berbasis data!

Di laporan ini, kamu bisa temukan:
🛍 Kategori dengan penjualan tertinggi
📈 Perbandingan kekuatan tiap e-commerce
🔍 Persaingan antar brand sepanjang Januari–Juni 2025

📥 Yuk, download dan pelajari reportnya sekarang!
🔗 Klik link di bio

#FMCGIndonesia #EcommerceTrends #MarketInsight #CompasReport #DataDrivenStrategy",https://www.instagram.com/p/DPVutjNEpJp/
compas.co.id,"📊 Gimana, udah siap nyusun strategi buat setengah tahun terakhir 2025?
Tenang, tim expert Compas.co.id baru aja rilis “Indonesian FMCG E-Commerce Report for 1st Half 2025” report yang bisa bantu kamu ambil keputusan lebih tepat dan berbasis data!

Di laporan ini, kamu bisa temukan:
🛍 Kategori dengan penjualan tertinggi
📈 Perbandingan kekuatan tiap e-commerce
🔍 Persaingan antar brand sepanjang Januari–Juni 2025

📥 Yuk, download dan pelajari reportnya sekarang!
🔗 Klik link di bio

#FMCGIndonesia #EcommerceTrends #MarketInsight #CompasReport #DataDrivenStrategy",https://www.instagram.com/p/DPVvCqXkiND/
compas.co.id,"Persaingan Compact Powder di E-Commerce makin ‘Solid’! 🧱✨

Berdasarkan data Compas.co.id periode Januari - Oktober 2025, Shopee memimpin kategori Compact Powder dengan nilai penjualan mencapai 66.2%. Menariknya, 52% dari total transaksi di kategori ini berasal dari Official Store, menunjukkan betapa krusialnya aspek kepercayaan (trust) bagi konsumen saat ini.

Compas.co.id bersama @cnbcindonesia dengan bangga mengumumkan 10 Daftar Nominasi Brand terbaik untuk kategori Compact Powder di ajang EPIC Awards 2026. Brand-brand ini terbukti unggul dalam performa penjualan dan konsistensi di e-commerce.

🏆 Selamat kepada 10 Official Nominees: 

@ohmyglam.indonesia

@wardahbeauty

@inezcosmetics

@makeoverid

@maybelline

@pigeon_teens_indonesia

@glad2glow

@skintificid

@azzuracosmetics.id

@seamakeup.id

⚠️ Apakah brand Kamu salah satunya? Jangan biarkan momentum ini lewat begitu saja! Validasi keberhasilan brand Kamu untuk meningkatkan conversion rate dan kepercayaan konsumen.

👉 Segera klaim “Official Nominee Badge” Kamu! Kirim pesan melalui DM ke @compas.co.id sekarang. Tim expert kami akan segera membantu Kamu memvalidasi data dan menyiapkan badge untuk kebutuhan promosi brand Kamu.

#EPICAwards2026 #CompasMarketInsight #CompactPowder #TopBrandEcommerce #FMCGInsights",https://www.instagram.com/p/DUDMzmmEvBt/
compas.co.id,"Produk bayi makin jadi perhatian di e-commerce termasuk kategori Sunscreen Bayi yang terus tumbuh seiring meningkatnya awareness para orang tua terhadap perlindungan kulit si kecil!

Compas.co.id x @cnbcindonesia resmi mengumumkan 10 daftar nominasi brand terbaik untuk kategori Sunscreen Bayi di ajang EPIC Awards 2026. Para brand ini dinilai berhasil menjaga konsistensi penjualan dan kepercayaan konsumen melalui edukasi dan positioning yang tepat.

📲 Ingin tahu performa penjualan brand kamu di kategori ini? Yuk ngobrol langsung bareng tim expert kami lewat link yang ada di bio!

#EPICAwards2026 #SunscreenBayi #TopBrandEcommerce #CompasMarketInsight #FMCGInsights",https://www.instagram.com/p/DTzwGbwEhbI/
compas.co.id,"Setelah sempat absen, brand lokal ini kembali menempati posisi top 5 hanya dalam satu kuartal. Persaingan di kategori ini makin menarik, terutama karena kontribusi brand lokal yang mulai terlihat signifikan.

📲 Untuk insight lengkapnya, scan barcode di slide terakhir atau kunjungi website kami lewat link di bio, ya!

#CompasMarketInsight #Concealer #BeautyCareInsights #TopBrandEcommerce #EcommerceIndonesia",https://www.instagram.com/p/DTuldT9EsIA/
compas.co.id,"Brand global ini kembali duduki posisi puncak! Di kuartal III 2025, brand global sukses memimpin kategori pelembab wajah. Namun, brand lokal yang sempat unggul di kuartal sebelumnya masih tetap konsisten di posisi top 5. 

Persaingannya makin sengit, siapa yang akan lebih unggul di akhir tahun 2025? Yuk komen di kolom komentar!!

Scan barcode dan diskusi bareng tim expert Compas.co.id untuk tahu performa brand kamu di e-commerce!

 📲 Klik link di bio kami untuk info lebih lanjut!

#TopBrandEcommerce #PelembabWajah #EcommerceIndonesia #CompasMarketInsight",https://www.instagram.com/p/DT9-43uEl3B/
compas.co.id,"Dulu dianggap pelengkap, kini baby lotion berubah jadi bagian penting dari rutinitas harian para orang tua. Tahun 2025, penjualannya tembus Rp626 Miliar dan naik +42% secara jumlah penjualan tanda bahwa kesadaran akan kesehatan kulit bayi makin tinggi di e-commerce. Menariknya lagi, brand yang fokus pada kemasan praktis, formula lembut, dan varian lengkap (ukuran, tekstur, aroma) justru lebih cepat tumbuh.

💡 Penasaran bagaimana strategi brand bisa menangkap peluang ini?

Yuk, Scan barcode dan diskusi bareng tim expert Compas.co.id untuk tahu performa brand kamu di e-commerce!

 📲 Klik link di bio kami untuk info lebih lanjut!

#CompasMarketInsight #BabyCareEcommerce #StrategiBrand #FMCGIndonesia #EcommerceInsight",https://www.instagram.com/p/DT2ZHVcEksl/
compas.co.id,"Konsistensi performa jadi kunci! Brand ini berhasil mempertahankan market share hampir 40% sejak awal tahun di kategori pembersih wajah pria.

Hal ini menandakan kebutuhan perawatan pria yang makin spesifik dan brand yang mampu menjawabnya secara konsisten, jadi kombinasi penting dalam membangun pasar jangka panjang di e-commerce.

📲 Untuk insight lengkapnya, scan barcode di slide terakhir atau kunjungi website kami lewat link di bio, ya!

#CompasMarketInsight #MenCareEcommerce #PembersihWajahPria  #EcommerceIndonesia #TopBrandEcommerce",https://www.instagram.com/p/DTr7GqFEraK/
compas.co.id,"🧴 Parfum pria bukan cuma pelengkap penampilan tapi jadi pendorong utama pertumbuhan kategori parfum di e-commerce 2025

Dengan kontribusi pertumbuhan +70%, segmen ini berhasil melampaui parfum wanita & unisex. Bukan cuma dari sisi jumlah pembelian, tapi juga dari total nilai penjualan dan jumlah unit yang meningkat signifikan menandakan konsumen semakin loyal dan percaya pada produk pilihannya.

💡 Temukan insight lengkap mulai dari tren harga, volume penjualan, hingga performa brand di Compas.co.id 

📲 Scan barcode di slide terakhir atau kunjungi website kami lewat link di bio ya!

#CompasMarketInsight #ParfumPria #EcommerceIndonesia #StrategiBrand #FMCGInsights",https://www.instagram.com/p/DTkZEB6EuY5/
compas.co.id,"Brand global ini kembali bertahan di posisi teratas kategori eyeshadow sejak awal tahun di Shopee pada Q3 2025, dengan selisih market share hingga 3x dari pesaing terdekat.

Sementara itu, pergerakan brand lain di jajaran Top 10 menunjukkan persaingan yang makin dinamis.

Cek data lengkap di postingan ini & kunjungi link di bio untuk kategori lainnya.
Yuk diskusi di kolom komentar 💬👇

#CompasMarketInsight #TopBrand #DataEcommerce #Eyeshadow",https://www.instagram.com/p/DTZ67ZOkkxX/
compas.co.id,"🎇 Welcome to 2026! 🎇

Tahun baru adalah momen tepat untuk melihat peluang dengan kacamata baru.
Mari jadikan setiap keputusan lebih tajam dan setiap langkah lebih pasti bersama Compas.co.id. Kami siap mendampingi brand-mu untuk tumbuh lebih tangguh dan unggul di e-commerce.

🚀 Ready to start Enabling Success together?

#HappyNewYear2026 #EnablingSuccess #compascoid #EcommerceStrategy #DataDriven",https://www.instagram.com/p/DS9JWIZEipG/
compas.co.id,"7 dari 10 top brand teratas di Q3 2025 berasal dari luar negeri, menunjukkan betapa kuatnya kepercayaan konsumen terhadap kualitas produk mereka.

Tapi, brand lokal nggak tinggal diam! Beberapa mulai tembus 10 besar dan berpotensi naik di kuartal selanjutnya 🚀

Swipe terus untuk lihat jajaran lengkapnya, Jangan lupa scan barcode di slide terakhir untuk akses insight lebih lengkap ya! 🔍📲

#CompasMarketInsight #TopBrandEcommerce #PembersihWajah #FMCGInsights #EcommerceIndonesia",https://www.instagram.com/p/DTH4qigkgdn/
compas.co.id,"Brand lokal ini sukses mempertahankan posisi puncak selama dua kuartal berturut-turut, sementara satu brand lainnya berhasil naik 4 peringkat dan kini menempel ketat di posisi 2! Persaingannya makin ketat, tapi konsistensi tetap jadi kunci utama.

📲 Scan barcode di slide terakhir atau kunjungi link di bio kami untuk lihat datanya secara lengkap!

#TopBrandEcommerce #FacialMist #MarketInsight #EcommerceIndonesia #CompasMarketInsight",https://www.instagram.com/p/DTcgS_DEvz1/
compas.co.id,"Setelah saling kejar di kuartal sebelumnya, akhirnya ada brand global yang berhasil merebut posisi puncak di Q3 2025 💧✨

Mulai dari kandungan menenangkan hingga fungsi melembapkan, toner tetap jadi produk esensial yang nggak pernah absen di skincare rutin

Yuk, cek selengkapnya di postingan ini dan temukan insight lainnya lewat link di bio atau scan barcode terakhir! 🔍📲

#CompasMarketInsight #TopBrandEcommerce #TonerWajah #EcommerceIndonesia #SkincareRoutine",https://www.instagram.com/p/DTARgo5Egsa/
compas.co.id,"🚨 Compas.co.id x @cnbcindonesia kembali umumkan nominasi 10 brand teratas untuk kategori Facial Wash Anak & Bayi di EPIC Awards 2026!

Nggak cuma sabun, facial wash untuk anak & bayi kini makin jadi perhatian karena menyangkut kenyamanan dan keamanan kulit si kecil. Brand-brand yang masuk daftar ini berhasil menunjukkan di tengah persaingan dengan menawarkan formula yang lembut, bebas iritasi, dan cocok untuk kulit sensitif anak dan bayi. 👶🧼

Untuk data lengkap soal penjualan, posisi brand, dan insight kategori lainnya, langsung klik link di bio atau kunjungi website kami ya!

#EPICAwards2026 #FacialWashAnakBayi #CompasMarketInsight #EcommerceIndonesia #TopBrandEcommerce",https://www.instagram.com/p/DTNDXqZkvdW/
compas.co.id,"🚨 Compas.co.id x @cnbcindonesia kembali umumkan 10 brand terbaik kategori Toner yang masuk nominasi EPIC Awards 2026!

Dikenal sebagai kunci awal skincare routine, toner kini bukan hanya produk pelengkap tapi jadi favorit banyak konsumen yang makin paham kandungan dan fungsinya. Brand-brand dalam daftar ini berhasil unggul berkat kombinasi inovasi, positioning yang tepat, dan kepercayaan konsumen di e-commerce!

📲 Cari tahu lebih banyak insight seputar penjualan dan performa kategori Toner di e-commerce, klik link di bio sekarang!

#EPICAwards2026 #Toner #TopBrandEcommerce #CompasMarketInsight #EcommerceIndonesia",https://www.instagram.com/p/DThulK5Eplk/
compas.co.id,"🚨 Compas.co.id x @cnbcindonesia kembali umumkan nominasi 10 brand teratas untuk kategori Honey Spread di EPIC Awards 2026!

Kategori ini mungkin terlihat sederhana, tapi nyatanya kompetisinya manis sekaligus ketat! 🍯 
Brand-brand di daftar ini berhasil menarik perhatian konsumen dengan kualitas rasa, kandungan alami, hingga kemasan praktis yang cocok untuk gaya hidup modern dan sehat.

Untuk data lengkap soal penjualan, posisi brand, dan insight kategori lainnya, langsung klik link di bio atau kunjungi website kami ya!

#EPICAwards2026 #HoneySpread #CompasMarketInsight #EcommerceIndonesia #TopBrandEcommerce",https://www.instagram.com/p/DTPplv8Eh_U/
compas.co.id,"🚨 Compas.co.id x @cnbcindonesia kembali umumkan daftar nominasi untuk kategori Pembersih Wajah Pria di EPIC Awards 2026!

Dengan tren perawatan diri pria yang terus berkembang, produk pembersih wajah pria kini bukan lagi sekadar pelengkap. Brand-brand yang masuk daftar nominasi ini menunjukkan performa luar biasa di e-commerce, menjawab kebutuhan pria modern akan kebersihan dan tampilan fresh setiap hari

📲 Untuk data lengkap soal penjualan, posisi brand, hingga insight menarik lainnya, langsung kunjungi website kami lewat link di bio!

#EPICAwards2026 #PembersihWajahPria #TopBrandEcommerce #CompasMarketInsight #EcommerceIndonesia",https://www.instagram.com/p/DTfNcqkktCc/
compas.co.id,"Di tengah pasar hair styling yang makin dinamis, brand lokal masih terus jadi andalan konsumen. Trio besar bertahan di posisi atas selama dua kuartal berturut-turut, tapi jangan lewatkan juga brand-brand yang berhasil comeback ke jajaran Top 10 setelah sempat absen!

📊 Data lengkapnya bisa kamu temukan juga lewat scan QR di slide terakhir atau langsung klik link di bio kami ya!

#HairStyling #EcommerceInsight #CompasMarketInsight #Shopee #FMCGInsight",https://www.instagram.com/p/DS4b0dgkoGj/
compas.co.id,"Dengan strategi harga produk Rp34 ribuan, brand lokal ini sukses mempertahankan market share 10,8% di posisi puncak selama dua kuartal berturut-turut

Cek data lengkap di postingan ini & kunjungi link di bio untuk lihat kategori lainnya! Yuk diskusi di kolom komentar 💬👇

#LipTint #ShopeeInsight #CompasMarketInsight #TopBrand2025  #EcommerceIndonesia",https://www.instagram.com/p/DSUXwKKkgYo/
compas.co.id,"3 brand lokal ini masih sulit digeser dari posisi top 5 kategori blush on sejak Kuartal II 2025, konsistensinya patut diacungi jempol👍! Mulai dari hasil natural sampai tampilan bold, blush on jadi andalan banyak konsumen untuk tampil lebih fresh 💖

Cek jajaran lengkapnya di postingan ini & temukan insight lebih dalam lewat link di bio atau scan barcode terakhir ya! 🔎📲

#CompasMarketInsight #TopBrandEcommerce #BlushOn #EcommerceIndonesia",https://www.instagram.com/p/DSmbJXDkmRT/
compas.co.id,"🚨 Compas.co.id x @cnbcindonesia kembali merilis daftar 10 brand nominasi untuk kategori Calming Cream di EPIC Awards 2026!

Di tengah meningkatnya perhatian pada kesehatan kulit dan kenyamanan sehari-hari, produk calming cream jadi pilihan, khususnya untuk perawatan kulit bayi dan kulit sensitif. Brand-brand yang masuk nominasi ini berhasil menunjukkan performa penjualan yang solid!

Untuk info lengkap soal data penjualan, insight tiap kategori, hingga highlight brand terpilih lainnya, langsung kunjungi website kami atau klik link di bio ya!

#EPICAwards2026 #CalmingCream #CompasMarketInsight #EcommerceIndonesia #CNBCIndonesia",https://www.instagram.com/p/DSpFMe6kg68/
compas.co.id,"Salah satu brand lokal sukses naik 6 peringkat dan langsung masuk jajaran Top 5 di Shopee. Sementara brand-brand lain pun masih saling salip dalam perebutan market share yang makin kompetitif.

📊 Fakta menariknya, 9 dari 10 brand Top Diet Detox di Shopee saat ini berasal dari brand lokal jadi bukti kalau strategi yang tepat bisa bawa pertumbuhan signifikan!

🔍 Masih banyak insight menarik soal performa kategori Diet Detox dari data Compas.co.id. Yuk, Klik link di bio kami untuk coba demo dashboard dan temukan data lengkap Top Brand & Seller kategori Diet Detox lainnya!

#DietDetox #EcommerceIndonesia #CompasMarketInsight  #ShopeeInsight",https://www.instagram.com/p/DS16LNGEmaZ/
compas.co.id,"🚨 Compas.co.id x CNBC kembali merilis daftar 10 brand nominasi untuk kategori Beauty Package di EPIC Awards 2026!

Di tengah persaingan ketat industri kecantikan, paket produk justru jadi strategi jitu yang makin dilirik. Brand-brand dalam nominasi ini berhasil membungkus daya tarik, fungsi, dan harga dalam satu paket dan mencetak angka penjualan yang mengesankan!

Untuk info lengkap soal data penjualan, insight tiap kategori, hingga highlight brand terpilih lainnya, langsung kunjungi website kami atau klik link di bio ya!

#EPICAwards2026 #BeautyPackage #CompasMarketInsight #EcommerceIndonesia",https://www.instagram.com/p/DSZiTqLkhRJ/
compas.co.id,"Dari sirup hingga gummy, vitamin anak kini makin variatif dan fungsional. Para ibu di e-commerce nggak cuma cari yang bisa bantu nafsu makan, tapi juga yang bantu daya tahan tubuh dan nyaman dikonsumsi anak.

Data Compas.co.id mengungkap: format pack punya peran besar menentukan pilihan bukan cuma fungsi produk!

👉 Slide ke kanan buat lihat insight lengkap soal tren, top format pack, dan strategi brand yang menang di kategori ini

📲 Untuk data lengkap kategori vitamin bayi & anak dan insight lainnya, scan QR di slide terakhir atau klik link di bio kami!

#CompasMarketInsight #EcommerceIndonesia #VitaminAnak #FMCGIndonesia #InsightEcommerce",https://www.instagram.com/p/DSuK7hqkm4Y/
compas.co.id,"Dua brand yang sudah 2 kuartal berturut-turut mengamankan posisi teratas, kembali menunjukkan stabilitas performanya di kategori serum wajah di Shopee pada Q3 2025

Cek data lengkap di postingan ini & kunjungi link di bio untuk lihat kategori lainnya! Yuk diskusi di kolom komentar 💬👇

#CompasMarketInsight #TopBrand #DataEcommerce #Serum #EPICAwards2026",https://www.instagram.com/p/DSCcaAAkuZ1/
compas.co.id,"💡 Saatnya Skincare Nggak Cuma di Oles, Tapi Juga Diminum!
Tren beauty from within makin nyata di e-commerce. 

Data Compas.co.id membuktikannya.
Tren terbaru di e-commerce menunjukkan: produk vitamin & suplemen dewasa bukan lagi sekadar pelengkap, tapi menjadi bagian dari strategi kecantikan.

Bukan cuma soal glowing luar, kini produk yang mampu menyentuh aspek beauty & wellness sekaligus, justru makin dicari.

📌 Apakah brand Anda sudah siap memenangkan konsumen yang mulai “beauty from within”?

#BeautyWellness2026 #SupplementTrends #EcommerceIndonesia #CompasMarketInsight",https://www.instagram.com/p/DR4I63mEozx/
compas.co.id,"Brand lokal ini sukses mencatatkan pencapaian luar biasa kategori Kapas di Shopee pada kuartal II 2025, dengan market share hampir 50% brand ini jauh meninggalkan para kompetitornya!

#TopBrand2025 #ShopeeIndonesia #KategoriKapas #EcommerceInsight #CompasMarketInsight",https://www.instagram.com/p/DRmHg2gkqZn/
compas.co.id,"Brand global ini berhasil geser posisi brand lokal dan memimpin puncak dengan market share tertinggi. Selain itu, ada 3 brand yang berhasil kembali masuk kedalam jajaran top 10 di shopee pada q3 2025!

Cek data lengkap di postingan ini & kunjungi link di bio untuk lihat kategori lainnya! Yuk diskusi di kolom komentar 💬👇

#CompasMarketInsight #PaketKecantikan #FMCGIndonesia #EcommerceIndonesia",https://www.instagram.com/p/DRt0CP6EuCv/
compas.co.id,"🏆 Siap-siap, panggung e-commerce kembali berguncang!
Compas.co.id x @cnbcindonesia resmi merilis daftar 10 nominasi brand whey protein untuk EPIC Awards 2026!

Persaingan di kategori ini makin ketat sepanjang tahun. Brand-brand yang masuk nominasi adalah mereka yang berhasil jaga ritme performa dan adaptasi cepat di e-commerce.

🎯 Apakah ada brand kamu salah satunya?

Cek siapa saja yang berhasil menembus top list dan temukan insight lengkapnya di website kami atau klik link di bio!

#EPICAwards2026 #WheyProtein #EcommerceIndonesia #CompasMarketInsight",https://www.instagram.com/p/DRy7V3JElWQ/
compas.co.id,"📊 Gimana, udah siap nyusun strategi buat setengah tahun terakhir 2025?
Tenang, tim expert Compas.co.id baru aja rilis “Indonesian FMCG E-Commerce Report for 1st Half 2025” report yang bisa bantu kamu ambil keputusan lebih tepat dan berbasis data!

Di laporan ini, kamu bisa temukan:
🛍 Kategori dengan penjualan tertinggi
📈 Perbandingan kekuatan tiap e-commerce
🔍 Persaingan antar brand sepanjang Januari–Juni 2025

📥 Yuk, download dan pelajari reportnya sekarang!
🔗 Klik link di bio

#FMCGIndonesia #EcommerceTrends #MarketInsight #CompasReport #DataDrivenStrategy",https://www.instagram.com/p/DPVuqQ1ksLs/
compas.co.id,"🚨 Compas.co.id x @cnbcindonesia kembali merilis daftar 10 brand terbaik untuk kategori Breastfeeding Supplement di EPIC Awards 2026!

Brand-brand ini menunjukkan performa terbaiknya dalam memenuhi kebutuhan ibu menyusui di tengah pasar yang semakin kompetitif dan sukses tampil konsisten serta relevan di e-commerce

👀 Apakah brand kamu salah satunya?

Untuk info lengkap soal data penjualan, insight tiap kategori, hingga highlight brand terpilih lainnya, langsung kunjungi website kami atau klik link di bio ya!

#EPICAwards2026 #BreastfeedingSupplement #CompasMarketInsight #EcommerceIndonesia",https://www.instagram.com/p/DSHg05hkj54/
compas.co.id,"Persaingan kategori Loose Powder di E-Commerce makin powdery dan ketat! 🌪️✨

Data Compas.co.id (Jan-Okt 2025) menunjukkan Shopee yang memimpin 66% pangsa pasar kategori ini, dengan 58.3% penjualan disumbangkan langsung oleh Official Store. Ini membuktikan bahwa konsumen kini mencari TRUST (kepercayaan) di atas segalanya.

Compas.co.id x @cnbcindonesia dengan bangga merilis daftar 10 Brand Loose Powder Terbaik (Nominees) untuk EPIC Awards 2026. Para brand ini dinilai berhasil menjaga performa penjualan dan kepercayaan konsumen.

🏆 Congratulations to the Top 10 Nominees: 

@seamakeup.id
@wardahbeauty
@ultimaii_id
@dazzleme_id
@marckscosmeticind
@somethincofficial
@nufaceid
@focallurebeauty
@makeoverid
@azzuracosmetics.id

⚠️ ATTENTION Apakah brand Kamu masuk daftar di atas? Jangan biarkan pencapaian ini hanya jadi postingan lewat!

👉 Segera klaim “Official Nominee Badge” Kamu sekarang! Gunakan badge ini pada kemasan dan materi promosi Lebaran nanti sebagai validasi mutlak untuk meningkatkan kepercayaan konsumen dan Conversion Rate.

Validasi kemenanganmu dengan langsung melalui via DM Compas.co.id yaa!!

#EPICAwards2026 #CompasMarketInsight #LoosePowder #TopBrandEcommerce #FMCGInsights",https://www.instagram.com/p/DUCTMJWkutL/
compas.co.id,"Selama dua kuartal berturut-turut, dua brand teratas masih memimpin market share dua digit kategori lipstik di Shopee pada kuartal III 2025. Tapi gap antar brand di posisi bawahnya mulai menipis! 🔥

kira-kira ada kejutan di kuartal berikutnya dari brand-brand yang sedang mengejar ketat? Yuk share di kolom komentar !!

Cek lengkapnya di slide ini dan temukan insight lainnya lewat link di bio atau scan barcode di akhir slide! 📊✨

#CompasMarketInsight #TopBrandEcommerce #Lipstik #EcommerceIndonesia  #FMCGTrends",https://www.instagram.com/p/DTKd7fNkre1/
compas.co.id,"Di tengah fluktuasi kompetitor, dua brand lokal tetap kokoh di puncak kategori bedak di Shopee pada Q3 2025! 💪

Namun persaingan belum usai brand-brand lain mulai menunjukkan momentum kuat untuk menyusul. Siapa yang akan bertahan sampai akhir tahun? 

#CompasMarketInsight #EPICAwards2026 #Bedak #TopBrandEcommerce #FMCGIndonesia",https://www.instagram.com/p/DR_z1NgkjcV/
compas.co.id,"🚨 Compas.co.id x @cnbcindonesia kembali merilis daftar 10 brand terbaik untuk kategori Lip Tint di EPIC Awards 2026!

Lip Tint bukan sekadar tren. Di balik tiap klik dan checkout, brand-brand ini berhasil membuktikan posisinya lewat performa e-commerce yang mencuri perhatian

👀 Apakah brand kamu salah satunya?

Untuk info lengkap soal data penjualan, insight tiap kategori, hingga highlight brand terpilih lainnya, langsung kunjungi website kami atau klik link di bio ya!

#EPICAwards2026 #LipTint #CompasMarketInsight #EcommerceIndonesia",https://www.instagram.com/p/DSE8uBPEoaX/
compas.co.id,"🚨 Compas.co.id x @cnbcindonesia kembali merilis daftar 10 brand nominasi untuk kategori Lip Cream di EPIC Awards 2026!

Kategori ini selalu jadi ajang panas di industri kecantikan karena lip cream bukan hanya produk dekoratif, tapi juga bagian dari ekspresi diri yang paling sering dibeli ulang oleh konsumen. Para brand dalam nominasi ini berhasil mencetak penjualan tinggi dan mempertahankan konsistensinya di tengah tren warna dan preferensi yang terus berubah!

Untuk info lengkap soal data penjualan, insight tiap kategori, hingga highlight brand terpilih lainnya, langsung kunjungi website kami atau klik link di bio ya!

#EPICAwards2026 #LipCream #CompasMarketInsight #EcommerceIndonesia #CNBCIndonesia",https://www.instagram.com/p/DStYcMzkitF/
compas.co.id,"Nilai pasar serum di e-commerce Indonesia tembus Rp1,1 Triliun hanya dalam 1 kuartal. Tapi menariknya, data Compas.co.id menunjukkan bahwa kebutuhan konsumen sudah tidak lagi hanya soal “mencerahkan” kulit.

Segmen produk seperti Anti-Acne tumbuh konsisten, sementara Brightening yang sempat turun kini kembali melonjak!

📌 Siap menangkap peluang dari kedua sisi ini?

Yuk, cek insight lengkap soal tren pasar serum di dashboard kami dan pastikan strategi brand kamu nggak cuma ikut tren, tapi sesuai kebutuhan nyata konsumen!

🔗 Link demo di bio ya!

#CompasMarketInsight  #SerumSkincare #FMCGInsight #StrategiBrand2026",https://www.instagram.com/p/DSKMdOLktok/
compas.co.id,"🚨 Compas.co.id x @cnbcindonesia kembali merilis daftar 10 brand terbaik untuk kategori Collagen Drink di EPIC Awards 2026!

Bersaing di tengah tren kesehatan kulit dan kecantikan yang terus meningkat, hanya brand-brand dengan performa e-commerce luar biasa yang berhasil menembus nominasi!

👀 Apakah brand kamu salah satunya?

Untuk info lengkap soal data penjualan, insight tiap kategori, hingga highlight brand terpilih lainnya, langsung kunjungi website kami atau klik link di bio ya!

#EPICAwards2026 #CollagenDrink #CompasMarketInsight #EcommerceIndonesia",https://www.instagram.com/p/DR1jsZxkpmB/
compas.co.id,"🚨 Compas.co.id x @cnbcindonesia kembali merilis daftar 10 brand nominasi untuk kategori Susu Formula Premium di EPIC Awards 2026!

Di tengah tuntutan kualitas nutrisi terbaik, brand-brand dalam nominasi ini berhasil mencatat penjualan luar biasa di e-commerce berkat kombinasi formula unggulan, kredibilitas, dan strategi pemasaran yang tepat sasaran

Untuk info lengkap soal data penjualan, insight tiap kategori, hingga highlight brand terpilih lainnya, langsung kunjungi website kami atau klik link di bio ya!

#EPICAwards2026 #SusuFormulaPremium #CompasMarketInsight #EcommerceIndonesia",https://www.instagram.com/p/DS9xA-wErp0/
compas.co.id,"🚨 Compas.co.id x @cnbcindonesia kembali merilis daftar 10 brand nominasi untuk kategori Baby Soap di EPIC Awards 2026!

Performa tinggi di kategori ini bukan sekadar soal angka, tapi tentang kepercayaan para ibu di Indonesia. Brand-brand dalam nominasi ini berhasil jadi pilihan utama untuk kebutuhan si kecil lewat performa e-commerce yang konsisten dan meyakinkan.

🛁 Apakah brand kamu jadi andalan para ibu juga?

Untuk info lengkap soal data penjualan, insight tiap kategori, hingga highlight brand terpilih lainnya, langsung kunjungi website kami atau klik link di bio ya!

#EPICAwards2026 #BabySoap #CompasMarketInsight #EcommerceIndonesia",https://www.instagram.com/p/DSXAkx2EjAj/
compas.co.id,"🌿 Wellness Tea bukan cuma soal rasa. Di balik popularitasnya, ada perubahan cara pandang konsumen terhadap gaya hidup sehat.

Data Compas.co.id menunjukkan tren kenaikan konsisten tiap kuartal, dengan nilai penjualan tembus Rp123,1 Miliar di Q3 2025

Konsumen kini tidak lagi hanya mencari minuman enak, tapi juga manfaat yang bisa jadi bagian dari rutinitas “self-care” 💆‍♀️✨

📈 Apakah wellness tea akan jadi kategori besar berikutnya di e-commerce? Yuk share di kolom komentar!

Cek insight lengkapnya lewat klik link di bio atau scan QR code di slide terakhir!

#CompasMarketInsight #WellnessTea #EcommerceIndonesia #BeautyFromWithin #FMCGInsight",https://www.instagram.com/p/DScXOsbknyJ/
compas.co.id,"Brand global ini masih kokoh di puncak dengan market share dua kali lipat dibanding pesaing terdekatnya. Tapi kejutan datang dari brand lokal ada yang naik 4 peringkat dan sukses rebut posisi 3 besar! 👀

Cek data lengkap di postingan ini & kunjungi link di bio untuk lihat kategori lainnya! Yuk diskusi di kolom komentar 💬👇

#CompasMarketInsight #BodyLotionBodyButter #TopBrandEcommerce  #EcommerceIndonesia",https://www.instagram.com/p/DSRwEfJkr4K/
compas.co.id,"Brand lokal ini sukses mempertahankan posisi teratas di kategori Sunscreen Aftersun selama dua kuartal berturut-turut! Persaingannya makin seru gap antar market share tipis bikin tiap strategi jadi penentu siapa yang paling bersinar di e-commerce ☀️✨

Cek data lengkapnya di postingan ini & temukan insight kategori lainnya lewat QR atau link di bio!

Yuk diskusi di kolom komentar! 👇

#CompasMarketInsight #SunscreenAftersun #TopBrandEcommerce #EcommerceIndonesia",https://www.instagram.com/p/DSj47U4kkm2/
compas.co.id,"Compas.co.id x @cnbcindonesia kembali umumkan nominasi 10 brand teratas untuk kategori Sunscreen Aftersun di EPIC Awards 2026!

Di tengah makin meningkatnya kesadaran akan pentingnya perlindungan & perawatan kulit pasca terpapar sinar matahari, kategori ini mulai menunjukkan pertumbuhan stabil di e-commerce. Deretan brand dalam daftar ini berhasil merespons tren tersebut lewat inovasi formula dan positioning yang relevan.

📲 Untuk data lengkap soal penjualan, peringkat brand, dan insight kategori lainnya, langsung kunjungi website kami lewat link di bio ya!

#EPICAwards2026 #SunscreenAftersun #CompasMarketInsight #EcommerceIndonesia #TopBrandEcommerce",https://www.instagram.com/p/DTxM7Ktkt95/
compas.co.id,"Di Kuartal III 2025, 9 dari 10 brand teratas kategori Parfum & Wewangian di Shopee justru diisi oleh brand lokal. Bahkan posisi puncak pun berhasil diamankan dari kompetitor global!

Apakah tren ini akan terus berlanjut di kuartal akhir tahun?

#CompasMarketInsight #ParfumWewangian #EcommerceIndonesia #TopBrand",https://www.instagram.com/p/DRwaaHnklxs/
compas.co.id,"☕ Penjualan kopi di e-commerce bukan cuma naik, tapi meledak!

Tahun 2025, kopi jadi subkategori F&B dengan pertumbuhan tertinggi bukan hanya karena tren “ngopi di rumah,” tapi juga karena strategi bulk buying lewat format karton dan distribusi seller besar yang makin masif.

Kenaikan harga hingga +75% pun nggak menghambat minat beli, justru jadi sinyal loyalitas yang makin kuat dari konsumen!

💡 Temukan insight lengkapnya mulai dari nilai transaksi, volume pembelian, hingga strategi brand dalam menangkap tren ini hanya di Compas Market Insight Dashboard.

📲 Scan barcode di slide terakhir atau kunjungi website kami lewat link di bio ya!

#CompasMarketInsight #KopiEcommerce2025 #FMCGTrenIndonesia #StrategiBrand #EcommerceFNB",https://www.instagram.com/p/DTSc6QCkt0E/
compas.co.id,"Brand-brand yang mengisi posisi 1 hingga 3 kategori concealer di Shopee pada Q2 2025 memang masih kokoh memimpin. Sementara, brand ini baru muncul lagi setelah sempat absen di kuartal sebelumnya dan langsung tembus posisi 4 serta bersaing ketat dengan brand lainnya yang naik 3 peringkat.

Menurutmu, siapa yang bakal tetap bertahan atau justru tergusur di Q3 nanti? Yuk, share di kolom komentar!

#CompasMarketInsight #Concealer #EcommerceIndonesia #ShopeeInsight",https://www.instagram.com/p/DQ81uETkql9/
compas.co.id,"Sejak Q1 2025, brand asal Indonesia ini berhasil menjaga market share 2 digit di kategori Scrub Peel Tubuh. Performa stabil ini mengokohkannya di posisi puncak hingga Q2 2025!

#CompasMarketInsight #TopBrandEcommerce #EcommerceIndonesia #ScrubPeelTubuh #ShopeeInsight",https://www.instagram.com/p/DQ_Y0DPEoIU/
compas.co.id,"Brand yang sebelumnya menempel ketat, kini berhasil ambil alih posisi puncak kategori scrub peel wajah di Shopee pada Q2 2025 dengan selisih market share hampir 3%. Di sisi lain, ada juga brand lokal yang naik 3 peringkat dan tampil gemilang di posisi ke-4🤩🏆

Apakah pertumbuhan ini akan konsisten di kuartal berikutnya? Yuk share di kolom komentar💭

#CompasMarketInsight #TopBrandEcommerce #ScrubPeelWajah #EcommerceIndonesia",https://www.instagram.com/p/DRJsfL4Eo-4/
compas.co.id,"📊 9 dari 10 brand di kategori Masker Wajah di Shopee Q2 2025 berasal dari brand global. Salah satu brand global berhasil naik 3 peringkat sekaligus dan menggeser pemimpin sebelumnya yang konsisten di posisi puncak.

#CompasMarketInsight #TopBrandEcommerce #MaskerWajah #ShopeeInsight #EcommerceIndonesia",https://www.instagram.com/p/DRCAc-8kuTs/
compas.co.id,"📊 Selisih tipis 3% antara brand lokal dan global di posisi 1 & 2 bikin persaingan kategori sabun mandi bayi & anak makin seru!

Dari Q1 ke Q2, selisih gap semakin tipis. Kalau tren ini berlanjut, akankah brand lokal ini ambil alih puncak di kuartal berikutnya?

#CompasMarketInsight #ShopeeEcommerce #SabunMandiBayi #TopBrandEcommerce",https://www.instagram.com/p/DRMRbiqEhpw/
compas.co.id,"8 dari 10 brand di kategori ini adalah brand lokal!

Walau posisi puncak masih diperebutkan oleh dua brand lokal yang sama sejak awal tahun. Ada juga beberapa brand yang kembali masuk Top 10 setelah sempat absen pada kuartal sebelumnya.

 #CreamWaxPenghilangBuluRambut #TopBrandIndonesia #ShopeeInsight #CompasMarketInsight",https://www.instagram.com/p/DQq2f5QksrS/
compas.co.id,"📌 Empat brand ini berhasil mempertahankan posisi teratas di kategori Setting Spray pada Q2 2025! Yang menarik, brand di peringkat 1 punya market share hampir dua kali lipat dari kompetitor terdekatnya! 😲

#CompasMarketInsight #SettingSpray #TopBrand #EcommerceIndonesia #ShopeeInsight",https://www.instagram.com/p/DQYzsrOEqht/
compas.co.id,"Brand lokal ini sudah dua kuartal berturut-turut memimpin kategori cologne bayi sejak awal tahun. Di kuartal II 2025, brand lokal ini bukan hanya berhasil mempertahankan posisi teratas, tapi juga memperlebar jarak gap nya dengan kompetitor terdekatnya.

#CompasMarketInsight #TopBrandEcommerce #CologneBayi #ShopeeInsight",https://www.instagram.com/p/DQv_9WXkq1c/
compas.co.id,"📊 Di tengah gempuran brand global, beberapa brand lokal mulai mencuri perhatian kategori eyeshadow di shopee pada kuartal II 2025.

Ada yang konsisten bertahan sejak awal tahun, ada juga yang langsung lompat 5 peringkat dalam 1 kuartal! Persaingannya makin seru, siapa yang akan naik lagi di kuartal selanjutnya?

#CompasMarketInsight #Eyeshadow #TopBrand #EcommerceIndonesia #ShopeeData #FMCGInsights",https://www.instagram.com/p/DQd9cQfEj-P/
compas.co.id,"Dua brand global di kategori pembersih make up di Shopee pada kuartal II 2025 berhasil mencatatkan gap market share yang cukup jauh dari kompetitor terdekatnya. Sementara, ada kejutan dari brand lokal yang berhasil naik 4 peringkat ke posisi 3 hanya dalam 1 kuartal!

Apakah ini tanda-tanda perubahan komposisi Top 3 di Q3 nanti? Kita tunggu performa berikutnya 👀

#CompasMarketInsight #TopBrandEcommerce #EcommerceIndonesia #PembersihMakeUp #ShopeeInsight",https://www.instagram.com/p/DQ6Q5Cjkr7r/
compas.co.id,"Satu brand lokal ini sukses rebut posisi puncak dengan market share tertinggi di Shopee pada kuartal II 2025, berhasil menyalip brand global yang sebelumnya berada di posisi puncak namun di kuartal ini  tidak berhasil masuk kembali pada jajaran top 10 brand kategori lip tint di Shopee pada kuartal II 2025.

#CompasMarketInsight #LipTint #EcommerceIndonesia #TopBrand",https://www.instagram.com/p/DQWO5s-krIO/
compas.co.id,"Konsisten sejak awal tahun, brand lokal ini masih raih posisi puncak dengan market share dua digit kategori suplemen kecantikan di Shopee pada kuartal II 2025. Sementara itu, kompetitornya justru saling salip-menyalip dengan selisih yang makin tipis 📈

#CompasMarketInsight #TopBrandEcommerce #SuplemenKecantikan #ShopeeInsight #FMCGIndonesia",https://www.instagram.com/p/DQ3q7T1EkUI/
compas.co.id,"Brand lokal ini kembali unggul kategori lip liner di shopee pada kuartal II 2025. Dengan market share 24,96%, brand lokal ini memimpin 2x lipat lebih besar dari kompetitornya! Selain itu, ada dua brand juga yang mencuri perhatian dengan kenaikan signifikan di kuartal II 2025.

#CompasMarketInsight #LipLiner #EcommerceIndonesia #TopBrand",https://www.instagram.com/p/DQTnxy2kmnz/
compas.co.id,"Brand lokal ini akhirnya berhasil memimpin setelah naik 2 peringkat dengan meraih market share 9,73%. Sementara dua kompetitornya masih terus mengejar dengan selisih market share yang sangat tipis. 

#CompasMarketInsight #FacialMist #EcommerceIndonesia #TopBrandEcommerce",https://www.instagram.com/p/DQtZY-5Etyn/
compas.co.id,"Duo brand global ini tetap kokoh di posisi puncak, sementara beberapa brand mulai menunjukkan tren positif dengan berhasil kembali menembus jajaran Top 10.

Kalau menurutmu, brand lokal punya peluang nggak buat geser posisi puncak di kuartal selanjutnya? share di kolom komentar yuk👀

#CompasMarketInsight #FMCGInsight #PelembabWajah #TopBrand",https://www.instagram.com/p/DPvlsG4Ek8X/
compas.co.id,"Brand asal Amerika masih kokoh di puncak kategori Lipstik di Shopee pada kuartal II 2025 dengan gap yang cukup lebar dari kompetitornya.

#CompasMarketInsight #Lipstik #EcommerceIndonesia #TopBrand",https://www.instagram.com/p/DP55dngEnkb/
compas.co.id,"Top 5 brand di kategori ini masih diisi oleh brand yang sama sejak kuartal pertama tahun 2025. Persaingan juga makin ketat karena selisih market share antar brand semakin tipis, menunjukkan stabilitas sekaligus tantangan bagi brand lain yang ingin masuk ke pasar ini.

Apakah di kuartal selanjutnya akan ada perubahan di posisi teratas? 👀

#CompasMarketInsight #EcommerceUpdate #FMCGIndonesia #MakeupPrimer",https://www.instagram.com/p/DPyLT4lEiuo/
compas.co.id,"8 dari 10 brand teratas di kategori pembersih wajah diisi oleh brand global. Sementara, dua brand lokal tetap bertahan dan berhasil menembus top 10 di shopee pada kuartal II 2025 di tengah ketatnya persaingan pasar.

#CompasMarketInsight #PembersihWajah #EcommerceIndonesia #TopBrand",https://www.instagram.com/p/DQJVwsfkpsM/
compas.co.id,"Kenaikan penjualan multigrain tembus 92%! naik gila-gilaan sepanjang semester pertama 2025 😱📈

Kenapa bisa sekuat itu? Apa karena tren gaya hidup sehat makin naik?
Nonton video selengkapnya di podcast Raditya Dika
👉 link di story.

#EdukasiDigital #EcommerceIndonesia #EcommerceInsight #Podcast",https://www.instagram.com/p/DPwGEJiEmxP/
compas.co.id,"Salah satu brand lokal ini sukses di kategori Pembersih Wajah Pria pada kuartal II 2025 dengan market share yang tembus hingga 35%! Bukan cuma unggul tipis, tapi 3x lipat dari pesaing terdekatnya 😲

Apa rahasia di balik performa gemilang ini? Konsistensi? Produk yang relatable? Atau campaign yang tepat sasaran?

Scroll kontennya sampai akhir dan scan barcode untuk lihat siapa aja yang masuk Top 10 di Shopee kuartal selanjutnya! 📊

#CompasMarketInsight #PembersihWajahPria #EcommerceIndonesia #TopBrand",https://www.instagram.com/p/DP3R9K3krRg/
compas.co.id,"Brand lokal ini masih konsisten memimpin puncak kategori bedak di Shopee sejak awal tahun 2025. Apakah ini akan bertahan di kuartal berikutnya, atau akan ada kejutan dari brand lain? Yuk share pendapat kamu di kolom kementar 🤔 

#CompasMarketInsight #Bedak #EcommerceIndonesia l#TopBrand",https://www.instagram.com/p/DQBmSlWkquc/
compas.co.id,"📊 Dua brand lokal berhasil jaga konsistensi di puncak kategori blush on sejak awal tahun!
Sementara persaingan di posisi 3–10 mulai bergeser nih, banyak brand-brand kembali bermunculan dan mulai geser posisi di kuartal II 2025.

#CompasMarketInsight #TopBrand #BlushOn #FMCGIndonesia",https://www.instagram.com/p/DP0vI8_kllo/
compas.co.id,"📊 WEBINAR GRATIS: Belajar Bikin KPI yang Efektif!

Masih bingung cara bikin KPI yang benar untuk tim E-Commerce? 🤔
Yuk, pelajari langsung dari ahlinya di webinar “Belajar Bikin KPI” bareng:
👨‍💼 Samuel Amarta – KPI Expert & HR Consultant
👨‍💼 Hanindia Narendrata – Co-Founder & CEO Compas.co.id

🗓 15 Oktober 2025
🕓 14.00–16.00 WIB | via Zoom

Pelajari cara:
✅ Membuat KPI yang benar dan efektif
✅ Menghindari kesalahan umum dalam pembuatan KPI
✅ Menyusun KPI sesuai job description
✅ Studi kasus KPI untuk tim e-commerce

Lebih dari 2.500+ Business Owner & HRD sudah ikut, sekarang giliran kamu!
Daftar gratis di 👉 https://fproject.store/webinar-gratis-kpi-ecommerce

#WebinarKPI #CompasMarketInsight #FProject #EcommerceInsight #KPITraining #HRStrategy #DataDrivenBusiness",https://www.instagram.com/p/DP0Q05BklOK/
compas.co.id,"Brand ini berhasil rebut posisi puncak kategori fitness di Shopee pada kuartal II 2025 setelah tempel ketat kompetitornya sejak awal tahun 2025. Sementara itu, ada juga brand yang catatkan tren naik dan masuk Top 5!

#CompasMarketInsight #FitnessSupplement #EcommerceIndonesia #TopBrand #Shopee",https://www.instagram.com/p/DQL6kXuEu-1/
compas.co.id,"Brand global ini makin menjauh dari para kompetitornya setelah berhasil meraih market share dua kali lipat dari posisi kedua kategori Treatment Jerawat di Shopee kuartal II 2025!

#CompasMarketInsight #TreatmentJerawat #EcommerceIndonesia #TopBrand",https://www.instagram.com/p/DQGv41iEqYL/
compas.co.id,"Brand lokal ini sukses rebut posisi puncak di kategori Toner Shopee pada Q2 2025, naik 4 peringkat dari kuartal sebelumnya dan meraih market share 6,44%.

#Top10Brand #CompasMarketInsight #Toner #FMCGIndonesia #EcommerceInsight",https://www.instagram.com/p/DPQ1CiEEhxr/
compas.co.id,"Tiga brand teratas terus mempertahankan posisi mereka sejak awal tahun. Serta brand lokal juga makin solid di jajaran teratas top 10 brand di shopee pada kuartal II 2025!

#Top10Brand #CompasMarketInsight #Parfum #FMCGIndonesia #EcommerceInsight",https://www.instagram.com/p/DPLiqXYkrga/
compas.co.id,"Di Kuartal II 2025, persaingan makin panas karena brand global berhasil konsisten di posisi teratas. Sementara itu, dua brand lokal masih bertahan di Top 5 mampukah mereka membalikkan keadaan di kuartal berikutnya?

#PewarnaRambut #TopBrand #CompasMarketInsight #Shopee #FMCGInsight",https://www.instagram.com/p/DPdllWgkk7X/
compas.co.id,"Ada 3 brand yang konsisten amankan posisi puncak sejak awal tahun! Sementara salah satu brand berhasil naikkan market share hampir 2x lipat dibanding kuartal sebelumnya! 👀

Siapa yang kira-kira bisa terus bertahan sampai akhir tahun?

➡️ Swipe kontennya buat lihat data lengkapnya, atau scan barcode buat insight lebih lanjut bareng tim expert Compas.co.id!

#EcommerceInsight #TopBrand #Foundation #FMCGIndonesia #CompasMarketInsight",https://www.instagram.com/p/DPlSnMDkkBY/
compas.co.id,"Brand lokal ini berhasil naik ke posisi top 1  kategori sunscreen di Shopee pada kuartal II 2025, sementara ada brand yang tergeser bahkan ada yang muncul kembali setelah sempat absen dari Top 10!

Kira-kira, siapa yang akan bertahan sampai akhir tahun nanti? Swipe dan scan untuk lihat datanya!

#InsightEcommerce #TopBrand2025 #Sunscreen #CompasMarketInsight #FMCG",https://www.instagram.com/p/DPn4C13khfF/
compas.co.id,"🍎 Finega resmi meraih penghargaan #1 Performing Vinegar Brand in E-Commerce di EPIC Awards 2025! 🏆

Dengan bahan alami & proses fermentasi alami, Finega jadi #AndalanPencernaanSehat yang membantu jaga metabolisme dan tubuh tetap prima.

Produk unggulan 500ml kaca pun jadi favorit di e-commerce.

Menurut kamu, produk natural health seperti ini bakal makin dicari tahun depan? 🤔

#EPICAwards2025 #Finega #AndalanPencernaanSehat #CompasMarketInsight #EcommerceEnabler",https://www.instagram.com/p/DO-x85Zkheq/
compas.co.id,"Brand lokal berhasil mengisi hampir seluruh posisi di Top 10 kategori diet detox, bahkan brand yang menempati peringkat teratas berhasil mempertahankan posisinya sejak kuartal sebelumnya.

#Top10Brand #CompasMarketInsight #DietDetox #FMCGIndonesia #EcommerceInsight",https://www.instagram.com/p/DPOHjTLEgA7/
compas.co.id,"Persaingan makin ramai, tapi Wardah tetap yang paling dilirik!
No.1 Sunscreen di e-commerce Indonesia sepanjang tahun 2025 bukan tanpa alasan. ☀️🔥

#WardahSunscreen #FMCGInsights #ecommerceindonesia #CompasMarketInsight #Top10Brand",https://www.instagram.com/p/DPTZzLjEjzz/
compas.co.id,"Brand lokal ini berhasil rebut posisi puncak kategori paket kecantikan di Shopee pada kuartal II 2025. Tiga brand juga berhasil kembali tembus Top 10 setelah absen di kuartal sebelumnya.

Siapakah yang berhasil mencuri spotlight di kuartal ini?
Data lengkapnya bisa kamu intip di slide selanjutnya!

#CompasMarketInsight #TopBrand #PaketKecantikan #FMCGUpdate",https://www.instagram.com/p/DPgJKHpEqrd/
compas.co.id,"👶 Purela resmi meraih penghargaan Indonesia’s Best Baby Lotion Cream Brand in E-Commerce dalam ajang EPIC Awards 2025! 🏆

Dari formula alami hingga konsistensi performa di e-commerce, Purela terus mencatatkan prestasi gemilang. Pencapaian ini bukan hanya mencerminkan kualitas produk, tapi juga dedikasi Purela di kategori Baby Lotion Cream. 💙

Menurut kamu, apakah produk bayi berbahan alami akan jadi tren besar berikutnya di e-commerce? 🤔
👉 Share pendapatmu di kolom komentar!

#EPICAwards2025 #Purela #CompasMarketInsight #CNBCIndonesia #EcommerceEnabler",https://www.instagram.com/p/DPBbBD4Eh6r/
compas.co.id,"Brand lokal ini nggak cuma bertahan di puncak, tapi juga makin menjauh ciptakan gap dari kompetitornya di kategori treatment rambut pada kuartal II 2025! Sementara brand-brand global mulai bergerak, dan jaraknya tipis banget!

Scan barcode sekarang dan data lengkapnya bisa kamu intip di slide selanjutnya!

#CompasMarketInsight #TopBrand #BeautyEcommerce #FMCGUpdate #treatmentrambut",https://www.instagram.com/p/DPit3NKEvTc/
compas.co.id,"Satu brand lokal ini berhasil konsisten berada di puncak kategori hair lotion untuk bayi & anak di TikTok Shop dan Shopee.  Dengan market share menembus 36,8%, posisinya jauh meninggalkan 9 brand lainnya di kategori ini, selain itu brand ini dikenal dengan formulanya yang lembut dan cocok untuk kulit bayi baru lahir. 

 #ShopeeTikTokShop #HairLotionBayi #BabyCareInsight #CompasMarketInsight #TopBrand",https://www.instagram.com/p/DOVd90tkijs/
compas.co.id,"Satu brand unggulan berhasil catat market share lebih tinggi dari gabungan 4 brand lainnya di posisi 2 sampai 5 jadi sorotan menarik di awal tahun

#Top10Brand #CompasMarketInsight #LotionCreamScrub #FMCGIndonesia #EcommerceInsight",https://www.instagram.com/p/DOGBM4kkp_f/
compas.co.id,"7 dari 10 top brand kategori serum wajah di Shopee Q2 2025 berasal dari global. Namun, satu brand lokal ini berhasil naik 3 peringkat dan meraih posisi ke-6!

#Top10Brand #CompasMarketInsight #SerumWajah #FMCGIndonesia #EcommerceInsight",https://www.instagram.com/p/DOfyVvykgcy/
compas.co.id,"Salah satu brand lokal mengalami lonjakan nilai penjualan hingga 90%, berhasil naik ke posisi jajaran teratas kategori masker pelembab bibir!

#Top10Brand #CompasMarketInsight #MaskerPelembabBibir #FMCGIndonesia #EcommerceInsight",https://www.instagram.com/p/DODcfU2EpVz/
compas.co.id,"Brand lokal ini masih konsisten di kategori eyebrow, selama dua kuartal berturut-turut brand lokal ini berhasil mempertahankan posisi teratas di Shopee sejak awal tahun.

#Top10Brand #CompasMarketInsight #Eyebrow #FMCGIndonesia #EcommerceInsight",https://www.instagram.com/p/DOYD_eaEge-/
compas.co.id,"Brand lokal ini berhasil merebut posisi puncak di kategori hair styling Shopee pada Q2 2025 setelah sebelumnya berada di posisi ke-2, brand ini menunjukkan konsistensinya dan akhirnya naik ke posisi teratas di kuartal ini.

#Top10Brand #HairStyling #ShopeeInsight #CompasMarketInsight #EcommerceInsight",https://www.instagram.com/p/DOdMbsuEltw/
compas.co.id,"Sabun mandi cair dan berbahan herbal masih jadi pilihan utama, sementara brand lokal mulai menempel ketat posisi atas

#Top10Brand #CompasMarketInsight #SabunMandi #FMCGIndonesia #EcommerceInsight",https://www.instagram.com/p/DOLK63dkjBk/
compas.co.id,"🚨 Momen yang ditunggu akhirnya tiba!
Compas.co.id x CNBC Indonesia resmi merilis daftar 10 Nominasi Brand Parfum Lokal untuk EPIC Awards 2026!

Dari yang langganan viral sampai yang tumbuh pesat di e-commerce, berhasil masuk nominasi!
Yuk, intip siapa saja yang berhasil masuk nominasi tahun ini!

👀 Apakah ada brand kamu di sini?
Untuk info lengkap seputar data penjualan, nominasi, dan kategori lainnya, langsung kunjungi website kami atau klik link di bio ya!

#EPICAwards2026 #ParfumLokal #CompasMarketInsight #EcommerceIndonesia",https://www.instagram.com/p/DRReozZEh2X/
compas.co.id,"📣 COMING SOON: Kolaborasi Compas.co.id x CNBC Indonesia 2026
Dua rangkaian acara pada Februari dan September 2025 menjadi bukti bahwa apresiasi terhadap performa dan strategi e-commerce memiliki peran penting dalam perkembangan industri FMCG.

Memasuki 2026, kami tengah menyiapkan fase baru yang akan menghadirkan perspektif yang lebih komprehensif mengenai pencapaian, efektivitas strategi digital, dan transformasi e-commerce di Indonesia.

🔎Stay tuned, informasi selengkapnya akan segera diumumkan.

Untuk pertanyaan lebih lanjut seputar EPIC Awards 2026, silakan hubungi kami melalui link di bio.

#CompasMarketInsight #CNBCIndonesia #EcommerceInsights #ComingSoon",https://www.instagram.com/p/DRO3asIkhqj/
compas.co.id,"8 dari 10 top brand teratas di Shopee pada Q2 2025 berasal dari luar Indonesia, namun ada 1 brand lokal yang justru paling konsisten di puncak sejak awal tahun! Menariknya, ada juga brand global yang baru masuk kembali ke jajaran top 10 setelah sempat absen 🤩✨

#TopBrandShampoo #EcommerceInsight #FMCGIndonesia #CompasMarketInsight",https://www.instagram.com/p/DRbuDA1EusT/
compas.co.id,"Salah satu brand global di kategori maskara berhasil mencatat jarak market share hampir 2x lipat dari pesaing terdekatnya di Shopee selama Q2 2025! Gak cuma itu, ada brand yang sempat absen di Q1, kini berhasil comeback ke jajaran Top 10 pada Q2 2025.

Untuk data lebih detail, bisa klik link di bio atau hubungi tim expert kami di website Compas.co.id 🚀

#Maskara #TopBrand #CompasMarketInsight #FMCGUpdate #EcommerceIndonesia",https://www.instagram.com/p/DRUHW-qkmJb/
compas.co.id,"Meskipun sebagian besar top brand sabun mandi diisi oleh brand global di shopee pada Q2 2025, justru brand lokal berhasil menunjukkan konsistensinya di posisi teratas sejak awal tahun 2025!

Dua brand lokal berhasil bertahan di jajaran Top 5, bahkan salah satunya tidak pernah turun dari posisi pertama sejak awal tahun!

#CompasMarketInsight #TopBrandEcommerce #EcommerceIndonesia #SabunMandi",https://www.instagram.com/p/DReVaU_krJE/
compas.co.id,"Satu brand global ini terus pertahankan posisi puncak, sementara brand lainnya mulai menunjukkan tren pergerakan naik di tengah dinamika pasar.

#Top10Brand #Deodoran #ShopeeInsight #FMCGIndonesia #CompasMarketInsight",https://www.instagram.com/p/DOannRjElGx/
compas.co.id,"8 dari 10 brand teratas berasal dari Indonesia, menunjukkan konsistensi brand lokal dalam menjaga posisi di kategori scrub peel tubuh

#Top10Brand #CompasMarketInsight #ScrubPeelTubuh #FMCGIndonesia #EcommerceInsight",https://www.instagram.com/p/DNpsef8S5gZ/
compas.co.id,"Peta persaingan toner cukup stabil di posisi atas, namun brand asal Korea dan Cina saling tempel dengan selisih market share yang makin tipis.

#Top10Brand #CompasMarketInsight #Toner #FMCGIndonesia #EcommerceInsight",https://www.instagram.com/p/DNnMe-5S9SH/
compas.co.id,"Trio brand lokal berhasil pimpin di kategori blush on di Shopee pada kuartal I 2025

#Top10Brand #CompasMarketInsight #BlushOn #FMCGIndonesia #EcommerceInsight",https://www.instagram.com/p/DNh-smBSc7V/
compas.co.id,"Perubahan signifikan terjadi di Top 10 eyeshadow Q1 2025, dengan beberapa brand bertukar posisi dan satu brand kembali masuk ke daftar setelah sempat keluar sebelumnya.

#Top10Brand #CompasMarketInsight #Eyeshadow #FMCGIndonesia #EcommerceInsight",https://www.instagram.com/p/DNVHBg0Sfzy/
compas.co.id,"2 brand global puncak kategori pelembab wajah di Shopee berhasil mencatatkan market share total sebesar 17,23% di Q1 2025. Angka ini bahkan lebih tinggi dibandingkan gabungan market share brand peringkat 3 sampai 10 yang hanya mencapai 16,9%.

#TopBrandUpdate #ShopeeBeauty #PelembabWajah #CompasMarketInsight #FMCGIndonesia",https://www.instagram.com/p/DN5J5C7kiGm/
compas.co.id,"Dua brand lokal menempati posisi teratas di kategori treatment rambut. Salah satunya mencatat pertumbuhan market share dua digit dan menciptakan jarak cukup jauh dari brand lainnya

#Top10Brand #CompasMarketInsight #TreatmentRambut #FMCGIndonesia #EcommerceInsight",https://www.instagram.com/p/DNxa1yXZB9o/
compas.co.id,"Selama dua kuartal terakhir, Moell konsisten mempertahankan posisi teratas di kategori skincare bayi.

Posisinya yang stabil menunjukkan daya saing brand lokal yang terus menguat di tengah persaingan pasar yang dinamis.

#Top10Brand #Moell #SkincareBayi #CompasMarketInsight #FMCGIndonesia #EcommerceInsight",https://www.instagram.com/p/DNkj0vxyJnT/
compas.co.id,"🚨 Mulai besok, aturan pengiriman Next-Day Delivery resmi berlaku!

Pesanan sebelum jam 15.00 wajib dikirim di hari yang sama. Kalau nggak, performa toko bisa terdampak dan label NDD bisa hilang.

Sudah siap jaga NDDR tetap aman?
Yuk diskusi bareng tim expert kami scan barcode di slide terakhir!

#CompasMarketInsight #NextDayDelivery #TikTokShop #Tokopedia #SellerUpdate #FMCGIndonesia #MarketplaceInsight",https://www.instagram.com/p/DNVjtiOyGvg/
compas.co.id,"Brand asal Cina masih unggul di posisi atas, namun beberapa brand lokal mulai naik peringkat dan memperkecil jarak market share.

#Top10Brand #CompasMarketInsight #TreatmentJerawat #FMCGIndonesia #EcommerceInsight",https://www.instagram.com/p/DNXr31pyB0w/
compas.co.id,"4 brand lokal berhasil masuk ke Top 10 facial mist di kuartal I 2025!

#Top10Brand #CompasMarketInsight #FacialMist #FMCGIndonesia #EcommerceInsight",https://www.instagram.com/p/DN701ppEo8W/
compas.co.id,"Baru launching, tapi langsung melesat ke peringkat pertama!

Performanya nggak cuma kuat dari sisi penjualan, PN1 juga jadi satu-satunya brand yang menerima penghargaan MURI untuk produk dengan kandungan nutrisi tertinggi di kategori ini.

#CompasMarketInsight #SuplemenKesehatan #MealReplacement #FiberDrink #FMCGIndonesia",https://www.instagram.com/p/DNSlfSxybm5/
compas.co.id,"Implora mencatat pertumbuhan tertinggi dan bertahan di posisi puncak, sementara peringkat 6–10 mengalami pergerakan signifikan.

#Top10Brand #CompasMarketInsight #Eyebrow #FMCGIndonesia #EcommerceInsight",https://www.instagram.com/p/DNAf0zWSGn6/
compas.co.id,"Tiga brand teratas di kategori scrub peel wajah mencatat market share dua digit, sementara posisi lainnya diisi oleh brand yang terus bergerak dinamis sepanjang awal tahun.

#Top10Brand #CompasMarketInsight #ScrubPeelWajah #FMCGIndonesia #EcommerceInsight",https://www.instagram.com/p/DM967zAySj9/
compas.co.id,"Cuma 1 brand lokal yang masuk ke jajaran top 10 di kategori Hairstyling pada kuartal I 2025!

#Top10Brand #CompasMarketInsight #HairStyling #FMCGIndonesia #EcommerceInsight",https://www.instagram.com/p/DNFzH9lSPfd/
compas.co.id,"Tiga besar brand setting spray mencatat market share yang cukup besar di awal 2025, sementara posisi 4–10 menunjukkan persaingan yang saling berdekatan.

#Top10Brand #CompasMarketInsight #SettingSpray #FMCGIndonesia #EcommerceInsight",https://www.instagram.com/p/DNDEh0Fy-Ao/
compas.co.id,"Satu brand mencatat market share hampir 40% dan meninggalkan jarak yang lebar dari pesaing lainnya, menjadikannya sebagai pemain paling menonjol di Q1 2025.

#Top10Brand #CompasMarketInsight #PembersihWajahPria #FMCGIndonesia #EcommerceInsight",https://www.instagram.com/p/DMznwL3yFxw/
compas.co.id,"Brand lokal konsisten menempati posisi atas kategori diet detox, dengan komposisi brand lokal dan global yang relatif stabil sepanjang Kuartal I 2025.

#Top10Brand #CompasMarketInsight #DietDetox #FMCGIndonesia #EcommerceInsight",https://www.instagram.com/p/DNNXyffy8hV/
compas.co.id,"Mulai 11 Agustus 2025, seller di TikTok Shop dan Tokopedia akan dikenakan biaya pemrosesan Rp1.250 untuk setiap order yang berhasil dikirim tanpa melihat jumlah produk ataupun nilai transaksinya.Biaya flat ini terdengar kecil, tapi bisa berdampak besar terutama untuk produk harga rendah atau order kecil yang sering terjadi checkout berkali-kali.

📌 Sudah hitung dampaknya ke margin dan strategi promosimu?Diskusi gratis bareng tim enabler kami bisa bantu simulasikan dan optimasi cost kamu di semua marketplace. Scan barcode di slide terakhir atau klik link di bio!

#CompasMarketInsight #BiayaPemrosesan #TikTokShop #Tokopedia #EcommerceIndonesia #CompasEnabler",https://www.instagram.com/p/DNAWJTqy-0K/
compas.co.id,"Satu brand global yang sebelumnya sempat turun peringkat kini kembali masuk ke jajaran Top 10, menambah dinamika baru dalam persaingan kategori kondisioner.

#Top10Brand #CompasMarketInsight #Kondisioner #FMCGIndonesia #EcommerceInsight",https://www.instagram.com/p/DNQENp3SB9w/
compas.co.id,"📈 Tren penjualan di akhir tahun meningkat, sunscreen justru mulai mencatat lonjakan penjualan sejak bulan September!Sepanjang periode akhir tahun, kategori sunscreen tumbuh paling tinggi di antara semua kategori perawatan & kecantikan, naik hingga 43,4% dibanding tahun sebelumnya.Pertanyaanya, apa salah satu faktor yang membantu pertumbuhan suncreen begitu tinggi? Swipe untuk dapatkan informasi selengkapnya!

📌 Konsultasi GRATIS bareng tim expert kami untuk bantu analisis strategi dan posisimu jelang akhir 2025! Cek slide terakhir atau klik link di bio sekarang.

#CompasMarketInsight #Sunscreen #FMCGIndonesia #EcommerceStrategy #AkhirTahun",https://www.instagram.com/p/DM9hPxEyeE1/
compas.co.id,"Satu brand lokal berhasil mencatat market share di atas 30% dan menciptakan gap signifikan dibanding brand lainnya.

#Top10Brand #CompasMarketInsight #LipLiner #FMCGIndonesia #EcommerceInsight",https://www.instagram.com/p/DM7bXlayZks/
compas.co.id,"🚨 Compas.co.id x @cnbcindonesia kembali umumkan nominasi 10 brand teratas untuk kategori Kids Soap di EPIC Awards 2026!

Di tengah tren perawatan anak yang makin selektif, sabun khusus anak justru jadi kategori yang tak bisa dianggap remeh. Brand-brand di dalam daftar ini berhasil menjawab kebutuhan para orang tua dari segi kelembutan, aroma, hingga keamanan bahan.

Untuk data lengkap soal penjualan, posisi brand, dan insight kategori lainnya, langsung klik link di bio atau kunjungi website kami ya!

#EPICAwards2026 #KidsSoap #CompasMarketInsight #EcommerceIndonesia #TopBrandEcommerce",https://www.instagram.com/p/DS7A_F7Eubn/
compas.co.id,"Dengan market share dua digit di kuartal II 2025, brand asal Amerika berhasil amankan posisi puncak kategori Body Lotion Body Butter di Shopee.

Tapi menariknya, beberapa brand lokal justru kembali menembus jajaran Top 10 setelah sempat absen di kuartal sebelumnya. Apakah ini pertanda arah persaingan mulai bergeser?

#CompasMarketInsight #BodyLotionBodyButter #EcommerceIndonesia #TopBrand",https://www.instagram.com/p/DQlqkUcEuU-/
compas.co.id,"Satu brand global masih memimpin sejak akhir tahun lalu, namun beberapa brand lokal mulai mendekati dan memperkecil jarak di posisi 6–10

�#Top10Brand #CompasMarketInsight #PewarnaRambut #FMCGIndonesia #EcommerceInsight",https://www.instagram.com/p/DN2kdU_5JpA/
compas.co.id,"Kabar baru buat seller di TikTok Shop by Tokopedia:
Ada penyesuaian komisi yang akan mulai berlaku 1 Agustus 2025, mencakup hingga 223 kategori produk - termasuk kategori FMCG!

Nah, penting banget untuk pahami cara perhitungan biaya komisi ini:
💡 Komisi dihitung dari harga barang setelah dikurangi diskon seller, bukan dari harga awal!

Jangan sampai salah hitung dan margin kamu jadi tipis diam-diam!

📲 Sudah siap strategi menghadapi kebijakan baru ini?
Yuk, diskusi bareng di kolom komentar atau langsung konsultasi GRATIS dengan tim expert kami lewat barcode di slide terakhir!

#TikTokShopUpdate #Tokopedia #EcommerceIndonesia #FMCGInsights #CompasMarketInsight #KebijakanMarketplace",https://www.instagram.com/p/DMiCDVFSreu/
compas.co.id,"Setelah absen di kuartal IV, sebuah brand global melejit dan pimpin kategori lip tint!

#Top10Brand #CompasMarketInsight #LipTint #FMCGIndonesia #EcommerceInsight",https://www.instagram.com/p/DMfBeqiyPLj/
compas.co.id,"Satu brand berhasil memperlebar jarak di kategori concealer dengan pertumbuhan market share yang signifikan.
Beberapa brand lokal juga mulai kembali masuk jajaran Top 10

#Top10Brand #CompasMarketInsight #Concealer #FMCGIndonesia #EcommerceInsight",https://www.instagram.com/p/DMNBBJSyXm9/
compas.co.id,"Meski penjualan masker wajah menurun, persaingan di Top 5 justru makin ketat. Semua posisi atas masih ditempati brand global, tapi selisih market share makin tipis.

#Top10Brand #CompasMarketInsight #MaskerWajah #FMCGIndonesia #EcommerceInsight",https://www.instagram.com/p/DMXTCmMShj7/
compas.co.id,"Sebagian besar brand di kategori suplemen kecantikan berasal dari Indonesia, dengan satu brand global kembali masuk ke posisi atas

#Top10Brand #CompasMarketInsight #SuplemenKecantikan #FMCGIndonesia #EcommerceInsight",https://www.instagram.com/p/DMpViQLy8mU/
compas.co.id,"Top 5 brand cologne bayi mencatatkan total market share lebih dari 63% di Shopee, dengan brand lokal mulai mengisi posisi 6–10 secara konsisten.

#Top10Brand #CompasMarketInsight #CologneBayi #FMCGIndonesia #EcommerceInsight",https://www.instagram.com/p/DMhnuINSV15/
compas.co.id,"Penjualan primer meningkat di Q1 2025! Beberapa brand lokal sukses menembus Top 5, bersaing ketat dengan brand global

#Top10Brand #CompasMarketInsight #Primer #FMCGIndonesia #EcommerceInsight",https://www.instagram.com/p/DMPlzAVyUW_/
compas.co.id,"Tiga brand global masih kuat di posisi tiga besar maskara, tapi beberapa brand lokal kembali menunjukkan pergerakan positif di posisi 6–10.

#Top10Brand #CompasMarketInsight #Maskara #FMCGIndonesia #EcommerceInsight",https://www.instagram.com/p/DMueO6PS53D/
compas.co.id,"📈 Market share tertinggi di kategori masker pelembab bibir masih dipimpin oleh brand global sejak awal tahun. Tapi ada  salah satu brand lokal yang langsung melesat ke posisi 4, setelah sempat absen dari top 10 di kuartal sebelumnya!

Mampukah brand-brand ini terus naik dan menggeser posisi teratas yang selama ini diduduki oleh brand global?

#CompasMarketInsight #MaskerPelembabBibir #TopBrand #EcommerceIndonesia",https://www.instagram.com/p/DQoPPJqknun/
compas.co.id,"Komposisi brand lokal dan global di kategori deodoran mulai bergeser.
Satu brand lokal berhasil masuk ke jajaran Top 10, akankah bertambah di bulan depan?

#Top10Brand #CompasMarketInsight #Deodoran #FMCGIndonesia #EcommerceInsight",https://www.instagram.com/p/DMr5XnxShv0/
compas.co.id,"5 brand sabun bayi tancap gas di awal tahun, meraih market share di atas 50% di kuartal I 2025!

#Top10Brand #CompasMarketInsight #SabunMandiBayi #FMCGIndonesia #EcommerceInsight",https://www.instagram.com/p/DMccn0-yeGV/
compas.co.id,"Dua brand global kembali raih posisi puncak dalam kategori eyeliner di Shopee kuartal II 2025. Konsistensinya sejak awal tahun menunjukkan daya saing yang kuat.

Tapi mampukah posisi ini bertahan hingga kuartal berikutnya? Yuk, share di kolom komentar 🤔 

#CompasMarketInsight #Eyeliner #EcommerceIndonesia #TopBrand",https://www.instagram.com/p/DQEMKJ1kpEj/
compas.co.id,"💐 Scarlett resmi meraih penghargaan The First Perfume Brand in Indonesia’s E-Commerce dalam ajang EPIC Awards 2025! 🏆

Setelah sukses di body care, kini lini parfum Scarlett melesat jadi kontributor terbesar bisnis dengan porsi 40%.

Pencapaian ini menegaskan keseriusan Scarlett memperluas inovasi, dari skincare hingga parfum, sekaligus membuktikan potensi besar brand lokal di pasar global. ✨

👉 Bagaimana menurut kamu, apakah tren parfum lokal akan makin kuat bersaing dengan brand internasional? Share di kolom komentar!

#EPICAwards2025 #ScarlettPerfume #CompasMarketInsight #EcommerceInsight",https://www.instagram.com/p/DPD0txWEnIi/
compas.co.id,"Brand lokal naik ke posisi teratas dan geser brand besar dari Swiss, jadi momentum menarik di awal 2025

#Top10Brand #CompasMarketInsight #Shampoo #FMCGIndonesia #EcommerceInsight",https://www.instagram.com/p/DOImBggkr2R/
compas.co.id,"Pasar kosmetik bibir kembali cetak rekor:
📊 Penjualan e-commerce tembus Rp1,2 Triliun di Q3 2025 naik konsisten selama 6 kuartal berturut-turut!

Tapi, yang lebih menarik:
🚀 Salah satu brand lokal berhasil geser posisi pemain global di peringkat #1 setelah penjualannya naik lebih dari 10× lipat hanya dalam 3 kuartal berkat strategi produk baru dengan positioning harga yang tepat, kualitas produk yang mendorong review positif dari konten kreator viral di TikTok.

🔍 Menurut kamu, strategi apa lagi yang bisa jadi game changer berikutnya?

👇Drop insight kamu di kolom komentar ya!

#CompasMarketInsight #LipProductTrends #KosmetikBibir #TopBrand",https://www.instagram.com/p/DQblcUbEtbo/
compas.co.id,"🚨 Momen yang ditunggu akhirnya tiba!
Compas.co.id x @cnbcindonesia resmi merilis daftar 10 Nominasi Brand Cushion untuk EPIC Awards 2026!

Dari brand global yang setia di wishlist hingga brand lokal yang terus naik daun di e-commerce, berhasil masuk nominasi untuk epic awards 2026!

Yuk, intip siapa saja yang masuk ke dalam daftar nominasi brand di kategori Cushion!

👀 Apakah ada brand kamu di sini?
Untuk info lengkap seputar data penjualan, nominasi, dan kategori lainnya, langsung kunjungi website kami atau klik link di bio ya!

#EPICAwards2026 #Cushion #CompasMarketInsight #EcommerceIndonesia",https://www.instagram.com/p/DRjgJTJkkFc/
compas.co.id,"Brand asal Tiongkok menempati posisi teratas di kategori Bronzer, Contour & Highlighter!

#Top10Brand #CompasMarketInsight #BronzerContourHighlighter #FMCGIndonesia #EcommerceInsight",https://www.instagram.com/p/DMZ5ZgxSzQZ/
compas.co.id,"🎉 Selamat kepada para brand yang berhasil masuk Top 10 Brand Ibu & Bayi Shopee Kuartal I 2025! 👶✨

Apresiasi besar untuk semua brand yang terus berinovasi dan konsisten menjawab kebutuhan para ibu di Indonesia! 💛

📲 Mau tahu siapa saja yang masuk Top 10 brand menjelang Kuartal II 2025?
Scan barcode di slide terakhir atau klik link di bio untuk dapatkan insight lengkap & GRATIS bersama tim expert Compas.co.id! 🚀

#CompasMarketInsight #Top10Brand #MomAndBabyCategory #FMCGIndonesia #EcommerceInsights #ShopeeTopBrand #CompasEnabler",https://www.instagram.com/p/DKuDF3sy3T9/
compas.co.id,"🎉 Selamat untuk para Top 10 Brand Makanan & Minuman di Shopee pada Kuartal I 2025!

Compas.co.id mengapresiasi performa luar biasa dari brand-brand yang terus menjaga relevansi dan inovasi, terutama dengan hadirnya tren makanan & minuman sehat yang makin diminati di e-commerce.

📩 Mau tahu siapa saja brand yang berhasil masuk Top 10 pada bulan mei 2025?

Yuk, scan barcode di slide terakhir atau klik link di bio untuk insight lengkapnya dari tim expert kami!

#TopBrand2025 #FMCGIndonesia #EcommerceInsight #CompasMarketInsight #MakananMinuman #EcommerceEnabler",https://www.instagram.com/p/DKv_Zw-yYcE/
compas.co.id,"Ada Brand Baru yang Masuk Top 10 Brand Paket Kecantikan nih di Shopee pada Kuartal I 2025, siapa ya kira-kira?🤔🤩

Pertanyaan selanjutnya, siapa Top 10 Brand terkini?
Langsung klik link di bio atau scan barcode di slide terakhir untuk akses insight lengkapnya!

#CompasMarketInsight #PaketKecantikan  #Top10Brand #EcommerceBeauty #FMCGIndonesia #EcommerceIndonesia",https://www.instagram.com/p/DK9SzplSiDH/
compas.co.id,"Awal tahun ini, brand lokal mulai menunjukkan fightback di kategori serum wajah! 5 dari 10 brand teratas berasal dari lokal, bahkan ada nama baru yang baru saja masuk Top 10

#Top10Brand #CompasMarketInsight #SerumWajah #FMCGIndonesia #EcommerceInsight",https://www.instagram.com/p/DLzQhv8yXoV/
compas.co.id,"Top 10 Brand Parfum & Wewangian di E-commerce Kuartal I 2025: Brand Lokal Jadi Jawara! 🎉

Kategori ini jadi sorotan karena mayoritas posisi teratas berhasil ditempati brand lokal menunjukkan bahwa brand-brand di tanah air mampu berkompetisi dengan brand lokal di e-commerce!

📊 Mau tahu bagaimana perkembangan Top 10 brand untuk bulan Mei 2025?
Langsung scan barcode di slide terakhir atau klik link di bio untuk akses insight lengkap dari tim expert Compas.co.id!

#CompasMarketInsight #TopBrandEcommerce #ParfumLokal #FMCGIndonesia #top10brand",https://www.instagram.com/p/DLOw64By5L2/
compas.co.id,"Persaingan sunscreen makin ketat! 2 brand global mulai menempel posisi teratas, sementara gap market share di top 5 semakin tipis

#Top10Brand #CompasMarketInsight #Sunscreen #FMCGIndonesia #EcommerceInsight",https://www.instagram.com/p/DL1-796S-hs/
compas.co.id,"8 dari 10 brand global berhasil duduki jajaran Top 10 Brand Eyeliner, sementara 1 brand lokal posisinya melonjak!

#Top10Brand #CompasMarketInsight #Eyeliner #FMCGIndonesia #EcommerceInsight",https://www.instagram.com/p/DL4ahGRyMQS/
compas.co.id,"Produk terlaris di kategori bedak ternyata belum cukup untuk membawa brandnya ke posisi puncak.
Brand dengan variasi produk lebih beragam justru berhasil mengisi tiga besar di awal tahun ini.

📌 Catatan redaksional:
Terdapat koreksi pada penulisan brand Ultima Li. Nama brand yang benar adalah Ultima II.

#Top10Brand #CompasMarketInsight #Bedak #FMCGIndonesia #EcommerceInsight",https://www.instagram.com/p/DL9jKFMSjEq/
compas.co.id,"Di kategori kapas, ada brand yang hampir meraih 50% market share di kuartal I 2025!

#Top10Brand #CompasMarketInsight #KategoriKapas #FMCGIndonesia #EcommerceInsight",https://www.instagram.com/p/DL6-mctyDcc/
compas.co.id,"Brand lokal semakin kuat posisinya di jajaran Top 10 pada awal 2025. Mayoritas posisi teratas diisi oleh brand lokal, sementara hanya satu brand global yang masih bertahan di peringkat atas.

#Top10Brand #CompasMarketInsight #Cream&WaxPenghilangBulu #FMCGIndonesia #EcommerceInsight",https://www.instagram.com/p/DMFRIWpyOQ6/
compas.co.id,"Gap market share di kategori pembersih make up makin tipis.
Brand lokal mulai bersaing ketat dengan pemain global di posisi 6–10

#Top10Brand #CompasMarketInsight #PembersihMakeUp #FMCGIndonesia #EcommerceInsight",https://www.instagram.com/p/DMKbQ1nyYUW/
compas.co.id,"📢 Trend Mie Instan Tunjuk Brand Ambassador Asal Korea, Emang Works?

Hasil riset menunjukkan bahwa kolaborasi dengan BA Korea seperti NewJeans dan Ahn Hyo Seop bberdampak langsung ke penjualan! 📈, bahkan membuat dua brand besar ini mencetak kenaikan market share dan menempati posisi teratas!

📩 Penasaran tren BA Korea di kategori lainnya?
Scan barcode di slide terakhir atau klik link di bio untuk konsultasi GRATIS dengan tim expert Compas.co.id!

#BrandAmbassador  #FMCGIndonesia #CompasMarketInsight  #EcommerceEnabler #EcommerceInsight",https://www.instagram.com/p/DJtWjH3SCYG/
compas.co.id,"📢 Data Menunjukkan Kolaborasi dengan Brand Ambassador Korea Bukan Sekadar Trend!

Nyatanya menurut data, strategi menggandeng BA Korea berhasil mendorong penjualan di kategori Perawatan & Kecantikan secara signifikan. Beberapa brand bahkan mencatat lonjakan penjualan hingga miliaran rupiah!

📩 Penasaran performa Brand Ambassador lainnya di kategori FMCG?
Scan slide selanjutnya & klik link di bio untuk konsultasi GRATIS bareng tim expert Compas.co.id!

#FMCGIndonesia #BrandAmbassador #KoreanAmbassador #CompasMarketInsight #EcommerceEnabler #EcommerceStrategy",https://www.instagram.com/p/DJoNBveSi9U/
compas.co.id,"Market Recap Q1 2025: Toko Retail Berguguran, Penjualan E-commerce Meningkat, Penurunan Daya Beli Masyarakat atau Pergeseran Pasar?

Disaat retail besar diwartakan berhenti beroperasi, justru performa brand FMCG di e-commerce mencatatkan pertumbuhan di Kuartal I 2025 dibandingkan Kuartal sebelumnya. Meski ramai diskusi mengenai daya beli masyarakat melemah, namun nyatanya penjualan di e-commerce semakin meningkat.

🌐 Apakah brand kamu sudah siap menyambut tren pergeseran ini?

📩 Ingin tahu bagaimana kami bisa bantu brand kamu tetap tumbuh di tengah tekanan pasar? Langsung klik link di bio atau scan barcode di slide terakhir untuk diskusi GRATIS dengan tim expert kami!

#EcommerceEnabler  #FMCGIndonesia #DigitalRetail #CompasMarketInsight #EcommerceStrategy #OperasionalEfisien",https://www.instagram.com/p/DKMktoZSd9q/
compas.co.id,"📊 Bukan Cuma Brand Baru yang Naik Tajam di Kuartal 3!

Di tengah gempuran brand baru yang agresif, brand berpengalaman pun masih bisa tunjukkan performa impresif. Dengan strategi yang tepat, brand ini amankan posisi puncak!

📩 Ingin tahu bagaimana performa brand kamu dibanding kompetitor tiap kuartal?
Scan barcode di slide terakhir untuk konsultasi GRATIS bareng tim expert Compas.co.id!

#FMCGIndonesia #EcommerceEnabler
#CompasMarketInsight #Skincare2024 #Q3Insight2024 #BrandGrowth",https://www.instagram.com/p/DJEJ4yKS92F/
compas.co.id,"Brand lokal yang sempat absen justru kembali dan langsung merebut posisi pertama di kategori lip gloss.Perubahan ini bikin Top 10 makin dinamis!

#Top10Brand #CompasMarketInsight #LipGloss #FMCGIndonesia #EcommerceInsight",https://www.instagram.com/p/DMH23U2yI8x/
compas.co.id,"📊 Waspada Lonjakan Tajam dari Brand Baru di Kuartal 3!

Dua brand lokal sukses bikin kejutan naik peringkat hanya dalam beberapa bulan dan langsung masuk ke jajaran teratas e-commerce.

📩 Ingin tahu bagaimana performa brand kamu dibanding kompetitor tiap kuartal?
Scan barcode di slide terakhir untuk konsultasi GRATIS bareng tim expert Compas.co.id!

#FMCGIndonesia #EcommerceInsight #EcommerceEnabler
#CompasMarketInsight #Q3Insight2024",https://www.instagram.com/p/DI_L5oayVCn/
compas.co.id,"💥 Strategi yang Dibilang Old School Ini, Ternyata Masih Ampuh!

Meski sering dianggap kurang relevan, data Compas.co.id membuktikan bahwa kolaborasi dengan Brand Ambassador masih berdampak nyata terhadap peningkatan penjualan di e-commerce. Dalam beberapa kasus, pertumbuhannya bahkan menyentuh belasan miliar🔥

📩 Penasaran bagaimana performa Brand Ambassador lainnya di kategori FMCG?
➡️ Klik link di bio atau scan barcode di slide terakhir untuk konsultasi GRATIS bersama tim expert Compas.co.id!

#FMCGIndonesia #BrandAmbassador #CompasMarketInsight #EcommerceStrategy #EcommerceEnabler",https://www.instagram.com/p/DJRWZ5Zy9_5/
compas.co.id,"📊 Pendatang Baru, Tapi Langsung Masuk Top 5?

Di tengah persaingan ketat brand-brand besar di kategori vitamin bayi, sebuah brand baru justru mencuri perhatian. Dalam waktu satu kuartal saja, brand ini naik 8 peringkat dan berhasil masuk ke Top 5 di Q4 2024.

📩 Kalau brand baru bisa naik secepat ini, apakah posisi brand kamu masih aman?
Yuk, scan barcode di slide terakhir untuk dapatkan insight kompetitor dan konsultasi GRATIS bareng tim expert Compas.co.id!

#FMCGIndonesia #CompasMarketInsight #EcommerceEnabler #VitaminBayi #KuartalInsight2024",https://www.instagram.com/p/DJJUmCLynbt/
compas.co.id,"Luar Biasa! Compas.co.id mengucapkan selamat kepada 10 brand yang berhasil masuk jajaran Top 10 Brand di E-commerce Pada Kuartal I 2025!

Terima kasih sudah terus menginspirasi dengan performa luar biasa di tengah tekanan ekonomi dan persaingan e-commerce yang semakin ketat! 💪✨

📊 Mau Tahu Siapa Top 10 Brand
pada bulan Mei 2025?
Scan QR di slide terakhir atau klik link di bio untuk akses insight lengkap & GRATIS dari tim expert Compas.co.id! 🚀

#CompasMarketInsight #CompasEnabler #FMCGIndonesia #TopBrand2025  #ShopeeFMCG",https://www.instagram.com/p/DKgGkZWymiF/
compas.co.id,"💥 Dibilang Gimmick? Padahal Kolaborasi Brand Ambassador Korea Sukses Bantu Naikin Urutan Peringkat Penjualan Melewati 240 Brand Lainnya! 🇰🇷📈

Meski sempat dianggap overhype dan berisiko, faktanya, kerja sama dengan BA Korea terbukti memberi lonjakan penjualan signifikan di e-commerce! 👀

📌 Penasaran performa brand ambassador lainnya?
Klik link di bio atau scan barcode di slide terakhir untuk konsultasi GRATIS bareng tim expert Compas.co.id!

#BrandAmbassadorKorea #CompasMarketInsight #FMCGIndonesia #EcommerceEnabler #FMCGInsights",https://www.instagram.com/p/DJloQOTSjAg/
compas.co.id,"📢 Bukan Sekadar Gimmick, Kolaborasi dengan Brand Ambassador Bisa Dorong Penjualan Hingga Miliaran!

Data Compas Dashboard menunjukkan bahwa di kategori Ibu & Bayi, brand yang menggandeng BA berhasil mencatat lonjakan di e-commerce. Compas.co.id temukan peningkatan penjualan lebih dari 100% dan meningkatkan penjualan hingga belasan miliar hanya dalam beberapa bulan!

📩 Penasaran performa brand ambassador di kategori lainnya?
Scan slide selanjutnya & klik link di bio untuk konsultasi GRATIS bareng tim expert Compas.co.id!

#FMCGIndonesia #BrandAmbassador #EcommerceStrategy #DataDrivenMarketing #CompasMarketInsight  #EcommerceEnabler",https://www.instagram.com/p/DJWLee6yO_X/
compas.co.id,"🎉 Selamat kepada 10 brand terbaik kategori Kesehatan di e-commerce periode Kuartal I 2025!

Menariknya, brand-brand dari kategori kesejahteraan menduduki posisi teratas, sementara produk pendukung olahraga dan pelangsing bersaing ketat di peringkat 6–10. Ini menjadi sinyal kuat bahwa masyarakat semakin sadar akan pentingnya hidup sehat!

🔍 Mau tahu siapa Top 10 Brand Mei 2025?
Yuk, scan barcode di slide terakhir atau klik link di bio kami untuk akses data & konsultasi GRATIS dengan tim expert Compas.co.id!

#CompasMarketInsight #FMCGIndonesia #TopBrand2025 #HealthCategory #EcommerceEnabler",https://www.instagram.com/p/DKhLDNtSfOd/
compas.co.id,"🚨 Momen yang ditunggu akhirnya tiba!
Compas.co.id x CNBC Indonesia resmi merilis daftar 10 Nominasi Brand Body Serum Body Butter untuk EPIC Awards 2026!

Dari brand global yang punya sejarah panjang, sampai brand lokal yang lagi naik daun semuanya bersaing ketat lewat penjualan di e-commerce sepanjang Januari–Oktober 2025!

Yuk, intip siapa saja yang berhasil masuk nominasinya!

👀 Apakah ada brand kamu di sini?
Untuk info lengkap seputar data penjualan, nominasi, dan kategori lainnya, langsung kunjungi website kami atau klik link di bio ya!

#EPICAwards2026 #BodyCare #BodySerum #BodyButter #CompasMarketInsight #EcommerceIndonesia",https://www.instagram.com/p/DRg_KGnEh8E/
compas.co.id,"Di bulan Juni–Juli 2025, Purela berhasil mencatat market share hampir 50% di kategori Facial Wash Anak & Bayi.

Brand lokal ini pimpin Top 10 kategori facial wash anak dan bayi cukup jauh dari kompetitor terdekatnya, menunjukkan bahwa segmen produk facial wash anak dan bayi juga punya potensi besar jika dijalankan dengan strategi yang tepat.

#Top10Brand #FacialWashAnak #FacialWashBayi #Purela #FMCGIndonesia #CompasMarketInsight #EcommerceInsight",https://www.instagram.com/p/DNz_tCQZFPw/
compas.co.id,"Selamat kepada para brand yang berhasil menempati Top 10 Perawatan & Kecantikan di Shopee pada Kuartal I 2025! 🎉

Apresiasi besar untuk semua brand yang telah mencatat performa luar biasa dan memberi warna baru di pasar kecantikan Indonesia! 🌸

📲 Mau tahu siapa saja yang menonjol di kategori lainnya menjelang Kuartal II 2025?
Scan QR di slide terakhir atau klik link di bio untuk cek insight lengkap bersama tim expert Compas.co.id! 🚀

#Top10Brand #CompasMarketInsight  #FMCGIndonesia #EcommerceInsight #CompasEnabler",https://www.instagram.com/p/DKtTTnhycpd/
compas.co.id,"📈 Ramadhan bukan hanya momen spiritual, tapi juga momentum strategis bagi brand FMCG di e-commerce!

Dalam 3 tahun terakhir, nilai penjualan FMCG di momen Ramadhan meningkat signifikan hingga 57%.

Artinya, potensi Ramadhan sebagai penggerak penjualan bukan sekadar musiman tapi peluang strategis yang harus dimaksimalkan.

✨ Jadi, apakah strategi Ramadhan 2025 brand-mu sudah siap?

📩 Ingin insight lebih dalam dan strategi berbasis data?
Scan barcode di slide terakhir atau kirim DM ke @compas.co.id untuk dapatkan konsultasi GRATIS dengan tim expert kami!

#Ramadhan2025 #FMCGStrategy #EcommerceRamadhan #DataDrivenMarketing #CompasMarketInsight",https://www.instagram.com/p/DHnxW8AyxUO/
compas.co.id,"💡 Setelah Lebaran, Saatnya Kembali Konsumsi Produk Tradisional?

Pada saat penjualan produk lainnya menurun pasca lebaran, produk tradisional mencatat lonjakan penjualan hingga 18% di periode pasca Lebaran!

👉 Ingin tahu strategi berbasis data untuk menangkap momen ini di 2025? Yuk, konsultasi gratis bersama tim expert kami dari Compas.co.id! Scan barcode di slide terakhir atau klik link di bio.

#FMCGIndonesia #EcommerceInsight #CompasMarketInsights #DataDrivenStrategy #HiddenOpportunity",https://www.instagram.com/p/DITOzDSS3xI/
compas.co.id,"💥 Perang Dagang Makin Intens, Apakah berdampak pada penjualan produk Sunscreen di E-commerce?

Tarif impor naik, biaya produksi ikut terdorong brand dituntut lebih gesit dalam menyusun strategi.

📈 Data Compas.co.id menunjukkan bahwa di tengah tekanan global, ada brand yang tetap mencatat pertumbuhan. Apa Kuncinya? 

📩 Ingin tahu bagaimana brand-brand FMCG lain mengubah tantangan ?

Scan barcode di slide terakhir atau klik link di bio untuk konsultasi GRATIS dengan tim expert Compas.co.id.

#FMCGIndonesia
#PerangDagang #EcommerceStrategy #EcommerceFMCG #CompasMarketInsights #ecommerceenabler",https://www.instagram.com/p/DIgGyt5yCNQ/
compas.co.id,"🧴 Apakah Perang Dagang Membuka Peluang Untuk Pasar Skincare Bayi
di E-commerce?

Dari lima kategori teratas produk Ibu & Bayi di e-commerce, secara mayoritas mengalami pertumbuhan, namun ternyata terdapat anomali pada kategori ini!

📩 Mau tahu insight dari brand-brand dalam menghadapi perang dagang dengan efektif?
Klik link di bio atau scan barcode di slide terakhir untuk konsultasi GRATIS dengan tim expert Compas.co.id.

#FMCGIndonesia #PerangDagang #CompasMarketInsight #EcommerceEnabler",https://www.instagram.com/p/DIyIVeMSGzb/
compas.co.id,"💡 Siapa Bilang Pasca Lebaran Penjualan Makanan & Minuman Langsung Sepi?

Faktanya, justru ada peluang tersembunyi yang bisa dimanfaatkan brand! Berdasarkan riset Compas.co.id, beberapa kategori makanan & minuman menunjukkan pertumbuhan penjualan yang signifikan setelah Lebaran 2024.

📌 Saatnya brand FMCG melihat lebih dalam, karena peluang besar sering kali tersembunyi di balik perubahan pola belanja konsumen.

👉 Mau tahu lebih banyak hidden opportunity lainnya di e-commerce? Klik link di bio atau scan barcode di slide terakhir untuk dapatkan layanan konsultasi langsung dengan tim expert kami, GRATISS!

#FMCGIndonesia #CompasMarketInsight #PascaLebaran #HiddenOpportunity #CompasMarketInsight #StrategiBrand #EcommerceGrowth #ecommerceenabler",https://www.instagram.com/p/DIOLF-RSBwH/
compas.co.id,"📦 Butuh Insight Produk Paling Laris di Tengah Tekanan Perang Dagang?

Meski ada potensi tekanan biaya akibat perang dagang, data Compas.co.id menunjukkan bahwa terdapat pertumbuhan produk pada kategori perawatan & kecantikan di e-commerce.

📦 Komposisi produk yang tepat terbukti jadi strategi efektif untuk menjaga daya beli konsumen di tengah harga bahan baku yang meningkat.

👉 Ingin tahu insight lengkap & strategi bundling yang relevan untuk brand kamu?
Scan barcode di slide terakhir atau klik link di bio untuk konsultasi GRATIS dengan tim expert Compas.co.id!

#FMCGIndonesia #BundlingProduct #CompasMarketInsight #EcommerceEnabler #PerangDagang",https://www.instagram.com/p/DIs-vt6yDWj/
compas.co.id,"💡 Pasca Lebaran, Tren Makanan Sehat Kembali Meningkat? Cek Dulu Insightnya!

Saat sebagian besar kategori mengalami penurunan penjualan setelah Lebaran, justru ada segmen di kategori Makanan & Minuman yang mencatat lonjakan hingga dua digit!

Hal ini menjadi sinyal kuat bahwa konsumen mulai beralih ke pola konsumsi yang lebih sehat setelah periode makan besar selama Ramadhan dan Lebaran.

📩 Ingin tahu potensi tersembunyi lainnya di kategori Anda?
Klik link di bio atau scan barcode di slide terakhir untuk konsultasi GRATIS dengan tim expert Compas.co.id!

#FMCGIndonesia #CompasMarketInsight #HiddenOpportunity #StrategiBrand #DataDrivenStrategy",https://www.instagram.com/p/DIQp8hRSr65/
compas.co.id,"Apakah Basic Skincare Masih Diminati di E-commerce Saat Perang Dagang?

Data Compas.co.id menunjukkan bahwa secara umum nilai penjualan kategori perawatan & kecantikan meningkat di tengah tekanan perang dagang, namun apakah produk-produk basic skincare bernasib sama?

📩 Mau tahu insight menarik di e-commerce selama perang dagang?
Scan barcode di slide terakhir atau klik link di bio untuk konsultasi GRATIS dengan tim expert Compas.co.id.

#CompasMarketInsight #BasicSkincare #EcommerceFMCG #PerangDagang #EcommerceEnabler",https://www.instagram.com/p/DIirjePywC5/
compas.co.id,"💥 Perang Dagang Memanas, Gimana Keadaan Pasar Perawatan & Kecantikan di E-commerce? 

Saat tarif impor dinaikkan oleh dua negara ekonomi terbesar dunia, bagaimana para brand harus merespons situasi ini?

Simak insight Compas.co.id, dan nikmati data dari brand justru berhasil mencatatkan pertumbuhan berkat respons cepat pada masa perang dagang ini.

📩 Ingin tahu bagaimana brand-brand FMCG lain mengubah tantangan ?

Scan barcode di slide terakhir atau klik link di bio untuk konsultasi GRATIS dengan tim expert Compas.co.id.

#FMCGIndonesia
#PerangDagang #EcommerceStrategy #EcommerceFMCG #CompasMarketInsights #ecommerceenabler",https://www.instagram.com/p/DId_JYjSvvc/
compas.co.id,"📊 Nilai Penjualan Makanan & Minuman Saat Ramadhan Capai Rp2,1 Triliun! 🚀

Selama 3 tahun terakhir, penjualan kategori Makanan & Minuman di e-commerce terus meningkat di momen Ramadhan dengan rata-rata pertumbuhan di atas 70% tiap tahunnya.

Tren juga menunjukkan bahwa brand yang mampu menyesuaikan diri dengan dinamika konsumsi Ramadhan, seperti tren Takjil Wars, memiliki peluang lebih besar untuk tumbuh.

📩 Siap menyusun strategi berbasis data untuk Ramadhan 2025?
Scan barcode di slide terakhir atau DM ke @compas.co.id untuk konsultasi GRATIS!

#Ramadhan2025 #FMCGStrategy #EcommerceEnabler #MakananMinuman #CompasMarketInsight",https://www.instagram.com/p/DHsm3K8yazk/
compas.co.id,"📈 Produk Perawatan & Kecantikan Melonjak Saat Ramadhan? Kok Bisa?

Penjualan kategori Perawatan & Kecantikan kembali meningkat tajam saat Ramadhan 2024 naik hingga 62%, dan produk yang dapat diberikan sebagai buah tangan penjualannya laris manis!

📩 Siapkan strategi Anda dari sekarang.
Scan barcode di slide terakhir atau DM tim expert Compas.co.id untuk konsultasi GRATIS!

#Ramadhan2025 #FMCGStrategy #EcommerceEnabler #BeautyCategory #FMCGIndonesia #CompasMarketInsight",https://www.instagram.com/p/DHqBlUDSCRK/
compas.co.id,"📦 Paket kecantikan mencatat nilai penjualan tertinggi di akhir 2024, mencapai Rp1,6 triliun hanya dalam 4 bulan!Insight paling menarik justru datang dari preferensi harga: produk dengan harga di bawah Rp100 ribu jadi paling laris, terjual hingga 388 ribu produk!

📌Masih bingung bagaimana mengemas produk paket kecantikan agar tepat sesuai kebutuhan konsumen?

Scan barcode di slide terakhir atau klik link di bio untuk konsultasi gratis dengan tim expert kami!

#CompasMarketInsight #FMCGIndonesia #PaketKecantikan #DataDriven #StrategiEcommerce #EcommerceInsight",https://www.instagram.com/p/DM7CwcgSj2I/
compas.co.id,"TikTok Shop dan Tokopedia: Siapa yang Jadi Favorit di Kategori Makanan & Minuman? 🍽️📊

Selama setahun terakhir, TikTok Shop sukses mendorong penjualan makanan ringan & camilan viral berkat strategi live shopping yang menarik pembeli. 🚀 Sementara itu, Tokopedia masih menjadi pilihan utama untuk produk bahan pokok dan kebutuhan sehari-hari. 📈

📊 Mau lihat detail data penjualan & insight lebih dalam?🔎 Scan barcode di akhir slide atau kunjungi website Compas.co.id untuk dapatkan konsultasi GRATIS bersama tim expert kami!💡

#EcommerceBattle #CompasMarketInsight #TikTokShop #Tokopedia #FMCGData #LiveShopping #MarketTrends #EcommerceEnabler",https://www.instagram.com/p/DGAyCKjSvW9/
compas.co.id,"💡 Cokelat Lebih Laris Saat Ramadan atau Valentine? Hasilnya Mengejutkan! 🍫📊

📈 Data Compas.co.id menemukan bahwa penjualan cokelat di TikTok Shop dan Tokopedia saat Ramadhan dan Valentine ternyata berbanding terbalik!

🔍 Pahami pola konsumsi dan strategi yang tepat untuk brand-mu! Gunakan Compas Market Insight Dashboard untuk mendapatkan data lengkap dan actionable insights.

📊 Scan barcode di akhir slide atau kunjungi website Compas.co.id untuk dapatkan konsultasi GRATIS bersama tim expert kami!💡

#EcommerceTrends #CompasMarketInsight #Cokelat #TikTokShop #Tokopedia #ValentineSales #RamadanSales #EcommerceEnabler",https://www.instagram.com/p/DGDCTseydyh/
compas.co.id,"💥 FMCG Tumbuh di Tengah Tekanan Ekonomi! 💥

Mulai dari masifnya brand Tiongkok di pasar, kampanye All Eyes on Rafah yang berdampak pada gelombang boikot brand global, PHK massal, hingga tekanan deflasi yang menekan daya beli masyarakat, namun pada kanal ini sektor FMCG tidak berhenti tumbuh sejak tahun 2022! 📈

🔥 Bagaimana strategi brand yang sukses menghadapi tantangan ini?

💡 Temukan jawabannya LIVE di CNBC Indonesia TV, 27 Februari 2025, Pukul 15.00 WIB!

#EcommerceGrowth #FMCGIndonesia #CompasInsights #DataForSuccess #EcommerceEnabler #CNBCIndonesia",https://www.instagram.com/p/DGdHzC_y3Wa/
compas.co.id,"‼️SAVE THE DATE‼️

🚨 27 Februari 2025 🚨
📺 LIVE di CNBC Indonesia TV & Instagram Compas.co.id
⏰ 15.00 - 17.00 WIB

#Adaapanih emangnya? Sini kita kasih Cluenya:

1. Berbagi tren terkini di E-commerce, khususnya pada sektor FMCG
2. Mengupas strategi penjualan di e-commerce
3. Top FMCG Brands Indonesia berpartisipasi memeriahkan acara

Buat yang penasaran, catat tanggalnya dan save kontennya supaya ga kelewatan sama acara ini!

#CNBCIndonesia #EcommerceTrends #MarketInsights #FMCG2025 #EcommerceEnabler #MarketInsight #adaapanih",https://www.instagram.com/p/DGVYYcgyXPt/
compas.co.id,"🚀 Ada yang Tau @compas.co.id x @cnbcindonesia mau collab apa? 🔥

Pokoknya kita mau kolaborasi untuk ajak brand-brand FMCG terbesar di Indonesia untuk meroket 🚀

Kita janji mau kolaborasiin sesuatu yang inovatif dan challenging untuk para brand, dan pastinya sesuatu yang insightful untuk industri FMCG, khususnya di e-commerce! 🔥

📍 So stay tuned agar brand kamu ga ketinggalan sama update selanjutnya!

#CompasxCNBC #DataDrivenSuccess #MarketInsight #EcommerceEnabler #ComingSoon #CNBCIndonesia #CompasCoID #EcommerceInsights",https://www.instagram.com/p/DGSzrCeyXCA/
compas.co.id,"Dalam anugerah Exceptional Performance in E-commerce (EPIC) Awards 2025, dalam gelaran ini produk Body Lotion Scarlett Memboyong titel Most Innovative Local Brands. Kira-kira apa strategi yang dilakukan oleh Scarlett sehingga mampu meraih title bergengsi di e-commerce ini? Simak slide berikut ini

#ECommerceGrowth #epicawards2025 #marketinsight #scarlett",https://www.instagram.com/p/DHDeCExyVfV/
compas.co.id,"Yummy Bites berhasil mendapatkan penghargaan Exceptional Performance in E-commerce (EPIC) Awards 2025, pada kategori Mom’s 1st Choice Baby Food Brand. Kira-kira apa pendekatan yang dilakukan oleh Yummy Bites pada kanal digital, sehingga mampu meraih title bergengsi di e-commerce? Simak slide berikut ini

#ECommerceGrowth #epicawards2025 #marketinsight #yummybites",https://www.instagram.com/p/DHFjdD0yGpo/
compas.co.id,"Dua brand yang sebelumnya belum masuk Top 10 kini berhasil masuk daftar di Q1 2025, menggeser beberapa brand yang sebelumnya lebih stabil di kategori foundation.

#Top10Brand #CompasMarketInsight #Foundation #FMCGIndonesia #EcommerceInsight",https://www.instagram.com/p/DMxDD2MSSMd/
compas.co.id,"🚀 Marketplace Terbaik untuk Strategi Bundling? Temukan Jawabannya Bersama Compas.co.id!

Produk bundling tumbuh 50% di tahun 2024, marketplace mana yang paling berkontribusi?
Swipe untuk dapat informasi selengkapnya!

🔥 Tangkap peluang bundling dan buat penjualan brand Kamu bersaing di tengah tren yang terus berkembang ini. Scan QR ini dan dapatkan konsultasi gratis dan insight eksklusif dari tim expert Compas! ✨

#DataDriven #EcommerceGrowth #CompasMarketInsight #FMCGInnovation #EcommerceEnabler",https://www.instagram.com/p/DFfTxR0SfDz/
compas.co.id,"✨ Bingung kenapa TikTok Shop jadi sorotan untuk kategori Perawatan & Kecantikan? ✨

Dengan kontribusi hingga 69% dari total penjualan, TikTok Shop jadi salah satu marketplace incaran untuk produk Beauty & Care. 🚀 Brand kamu sudah manfaatkan peluang ini belum?

📊 Scan barcode di akhir slide atau kunjungi website Compas.co.id untuk dapatkan konsultasi GRATIS bersama tim expert kami!

#TikTokShop #BeautyCare #EcommerceInsights #CompasMarketInsight #EcommerceStrategy #DataDrivenMarketing #EcommerceEnabler",https://www.instagram.com/p/DF-NSnoSEx-/
compas.co.id,"‼️ Update Catatan Redaksi: Revisi Data Market Share ‼️

Kami menyadari adanya kesalahan dalam penulisan angka market share pada halaman 11. Berikut adalah data yang telah diperbaiki:

🔸 Sebelumnya: Tertulis Hanasui dengan market share sebesar 2,7%.
🔸 Perbaikan: Lifebuoy dengan market share sebesar 3,7% pada kategori perawatan kecantikan di Blibli.

Kami ingin mengklarifikasi bahwa data yang benar sesuai dengan headline adalah Lifebuoy dengan market share sebesar 3,7%.

Punya Tim Kecil tapi Mau Sukses E-commerce? Bisaa bangett✨

🔮 Syaratnya tim kamu harus punya jurus-jurus yang efektif untuk menerapkan strategi penjualan di e-commerce agar bisa cuan terus, lihat insightnya di konten Compas.co.id 📈

✨ Bersama Compas.co.id bahkan brandmu cukup dipantau 1 orang, jualan jalan terus.

🔍 Konsultasi gratis dengan tim expert kami di Compas.co.id untuk dapat informasi selengkapnya, cukup scan barcode di konten aja!

#Ecommerce2025 #FMCGTrends #BeautyCare #MarketInsights #StrategiBisnis",https://www.instagram.com/p/DFNSN9XyqKW/
compas.co.id,"🌟 Parfum & Wewangian: Produk yang Naik Daun di E-commerce! 🌟

Kategori parfum & wewangian konsisten menunjukkan pertumbuhan selama 2 tahun terakhir. Menunjukkan performa luar biasa dengan penjualan mencapai Rp1,4 Triliun di dua tahun terakhir! 🚀

Compas.co.id sudah siapkan data harga produk yang disukai Warga RI plus strategi penjualan untuk meningkatkan pelanggan setia!

Jangan lewatkan kesempatan untuk meningkatkan penjualan dengan cara lebih efisien dan strategis! Kunjungi situs Compas.co.id atau scan barcode untuk dapatkan konsultasi gratis layanan market insight dan juga e-commerce enabler kami!

#DataDriven #MarketInsights #EcommerceGrowth #CompasDashboard #ParfumTrends2024",https://www.instagram.com/p/DFpm3CHy8ve/
compas.co.id,"🔥 Skincare Pria di Tahun 2024 Laris Manis, Berapa Sih Harga yang Paling Diminati? 💰

Penjualan kategori produk perawatan pria meningkat 256% dalam setahun, jadi peluang baru untuk cari cuan di e-commerce! 🚀

Lalu, bagaimana cara menentukan harga yang paling sesuai dengan preferensi konsumen? Temukan jawabannya dalam insight terbaru dari Compas.co.id di konten berikut!

Jangan sampai melewatkan peluang untuk meningkatkan penjualan dengan strategi yang lebih efisien dan berbasis data. Kunjungi situs Compas.co.id atau scan barcode untuk konsultasi gratis mengenai layanan market insight dan e-commerce enabler kami!

#SkincarePria #EcommerceGrowth #CompasDashboard #DataDrivenMarketing #MarketInsight #EcommerceEnabler",https://www.instagram.com/p/DFsT-hFy5zV/
compas.co.id,"💡 Harga Bukan Sekadar Angka: Pilihan Konsumen di E-commerce Terungkap! 💡

Tahukah Kamu? Produk FMCG dengan harga di bawah Rp100 ribu menjadi primadona konsumen di marketplace mana saja? Cek insightnya bersama konten Compas.co.id dan tingkatkan penjualanmu! 📈

💡 Insight Penting:
Menentukan rentang harga produk yang tepat bisa menjadi kunci dalam menarik minat konsumen di marketplace yang berbeda!

Mau tahu strategi pricing yang efektif untuk e-commerce Kamu? Gunakan Compas.co.id Market Insight Dashboard untuk analisis mendalam dan optimalkan strategi Kamu sekarang juga!🔥

Scan barcode di konten ini atau kunjungi Compas.co.id untuk dapatkan layanan konsultasi GRATIS!✨",https://www.instagram.com/p/DFxVUOiSPNu/
compas.co.id,"💡 FMCG di E-commerce Terus Naik, Mau Tahu Produk-Produk Terlarisnya Seperti Apa?

Beberapa kategori di FMCG terlihat memimpin cukup jauh, apakah kategori produkmu salah satunya?
Cek datanya di konten Compas.co.id berikut ini.

🔍 Butuh strategi apa yang tepat? Konsultasikan bersama Compas.co.id dan dapatkan solusi terbaik untuk meraih e-commerce di 2025!

#TrenECommerce #FMCGInsights #StrategiBisnis #CompasMarketInsight #DataDrivenSuccess",https://www.instagram.com/p/DFcu5sKStrs/
compas.co.id,"💖 Para Ladies Suka Cari Produk Kewanitaan yang Kaya Gimana ya?

Produk kewanitaan di e-commerce makin laris, tumbuh 34% di tahun 2024 🚀
Fun Facts, Compas.co.id menemukan bahwa produk kewanitaan tertentu digemari di berbagai rentang harga. Mau tau seperti apa? cek di konten kami berikut ini!

💡 Bagaimana brand bisa memanfaatkan tren ini? Gunakan layanan e-commerce enabler dari Compas.co.id paduan harmoni antara market insight & enabler. Scan barcode di konten ini atau kunjungi Compas.co.id untuk mencoba demo GRATIS sekarang!💥

#EcommerceTrends #CompasDashboard #MarketInsights #ProdukKewanitaan #DataDrivenStrategy
#EcommerceEnabler",https://www.instagram.com/p/DFuwdv2yqDz/
compas.co.id,"🌟 Penjualan Body Lotion Butter Meningkat, Segini Harga yang Pas Untuk Warga RI! 🌟

Penjualan body lotion diminati karena membantu mencerahkan kulit dan melembabkan kulit tubuh. Fakta menarik lainnya, konsumen di Indonesia menyukai pendekatan strategi bundling pada produk ini, yuk langsung cek info lengkapnya!

Jangan lewatkan kesempatan untuk meningkatkan penjualan dengan cara lebih efisien dan strategis! Kunjungi situs Compas.co.id atau scan barcode untuk dapatkan konsultasi gratis layanan market insight dan juga e-commerce enabler kami!

#EcommerceStrategy #Ecommerceenabler #CompasDashboard #EcommerceInsights #MarketTrends",https://www.instagram.com/p/DFnCGAfyti0/
compas.co.id,"📢 Ade Setiawan Bantu Brand Lokal Tingkatkan Penjualan Produk Hingga Ribuan Persen! 🚀

Live streamer bisa memberikan dampak luar biasa pada penjualan parfum di TikTok Shop? Emang Bisa?  Ade Setiawan, seorang analis komunitas Mobile Legends dan live streamer di YouTube, menjawab tantangan tersebut dan berhasil membuat produk parfum lokal viral dan mendorong peningkatan penjualan hingga ribuan persen.

💡 Mau tahu bagaimana KOL bisa meningkatkan penjualan brand kamu dengan strategi berbasis data? Yuk, konsultasi langsung dengan tim expert Compas.co.id! 🚀

🔍 Scan barcode di gambar atau kunjungi Compas.co.id untuk insight lebih lanjut!

#EcommerceGrowth #TikTokShop #CompasDashboard #MarketTrends #KOLMarketing #DataDrivenMarketing #CompasMarketInsight #EcommerceEnabler",https://www.instagram.com/p/DGLFQ8_S66K/
compas.co.id,"🌟 Compas.co.id E-commerce Enabler Telah Resmi Diluncurkan! 🌟

🚀 Dari Data ke Aksi: Harmoni Sempurna untuk E-commerce Anda!
Kini saatnya brand FMCG Anda memanfaatkan solusi lengkap dari Compas.co.id yang menggabungkan:
✅ Data-Driven Market Insight: Memahami tren, kategori, dan produk favorit konsumen.
✅ Automasi Canggih: Mengoptimalkan operasional dengan efisiensi tinggi.
✅ Advanced CRM Analysis: Memaksimalkan strategi pemasaran dengan analisis berbasis data.

💡 Apa manfaatnya untuk brand Anda?

 -  Tingkatkan efisiensi operasional.
 -  Buat strategi penjualan yang lebih tepat sasaran.
 - Raih performa terbaik di pasar e-commerce yang dinamis.

📊 Sudah siap untuk membawa brand Anda ke level berikutnya?
👉 Request demo sekarang melalui link berikut: bit.ly/4hkNOF4

#EcommerceEnabler #DataDriven #EcommerceGrowth #CompasMarketInsight #FMCGSolutions",https://www.instagram.com/p/DFHknE8S1YJ/
compas.co.id,"🌟 Compas.co.id E-commerce Enabler Telah Resmi Diluncurkan! 🌟

🚀 Dari Data ke Aksi: Harmoni Sempurna untuk E-commerce Anda!
Kini saatnya brand FMCG Anda memanfaatkan solusi lengkap dari Compas.co.id yang menggabungkan:
✅ Data-Driven Market Insight: Memahami tren, kategori, dan produk favorit konsumen.
✅ Automasi Canggih: Mengoptimalkan operasional dengan efisiensi tinggi.
✅ Advanced CRM Analysis: Memaksimalkan strategi pemasaran dengan analisis berbasis data.

💡 Apa manfaatnya untuk brand Anda?

 -  Tingkatkan efisiensi operasional.
 -  Buat strategi penjualan yang lebih tepat sasaran.
 - Raih performa terbaik di pasar e-commerce yang dinamis.

📊 Sudah siap untuk membawa brand Anda ke level berikutnya?
👉 Request demo sekarang melalui link berikut: bit.ly/4hkNOF4

#EcommerceEnabler #DataDriven #EcommerceGrowth #CompasMarketInsight #FMCGSolutions",https://www.instagram.com/p/DFHk0jXSsmS/
compas.co.id,"🔥 Raup triliunan, ayo intip seller-seller terbaik di kategori produk serum wajah

Kategori face serum melesat dengan angka penjualan fantastis sepanjang 2024. Konsumen kini semakin cermat memilih produk dengan manfaat yang sesuai kebutuhan. Penasaran? Simak konten Compas.co.id berikut ini.

📩 Mau tahu lebih dalam strategi sukses ini?
scan barcode di akhir slide kami dan dapatkan layanan konsultasi langsung bersama expert Compas.co.id!

#CompasMarketInsight #FaceSerumEcommerce #DataDrivenStrategy",https://www.instagram.com/p/DE2HCN6SlrG/
compas.co.id,"📢 Hard Selling Bisa Naikin Penjualan Sampai 169%! 🚀

Buktinya, setelah dipromosikan oleh Luthfi Halimawan, penjualan sebuah parfum lokal langsung naik 169% dalam 2 bulan! Dari hanya 11 ribu produk di November, langsung melesat ke 28 ribu produk di Desember 2024. 📈💥

💡 Mau tahu bagaimana KOL bisa meningkatkan penjualan brand kamu dengan strategi berbasis data? Yuk, konsultasi langsung dengan tim expert Compas.co.id! 🚀

🔍 Scan barcode di gambar atau kunjungi Compas.co.id untuk insight lebih lanjut!

#EcommerceGrowth #TikTokShop #CompasDashboard #MarketTrends #KOLMarketing #DataDrivenMarketing #CompasMarketInsight #EcommerceEnabler",https://www.instagram.com/p/DGQAjjqS15P/
compas.co.id,"🚀 Mau Scale Up di E-commerce Takut Boncos? Jangan Takut, Tiru Jurus EPIC Ini! 🚀

Di era digital, data bukan lagi pilihan, tapi kebutuhan! Untuk mengembangkan brand kamu butuh jurus-jurus yang tepat untuk melewati tantangan bisnis. Tiru jurus EPIC yang dilakukan oleh brand-brand yang sukses menaklukan tantangan!

📢 Gimana Cara Tahunya? Akan diungkap secara ekslusif Insight dari para ahli e-commerce dengan talkshow bertajuk “Embracing FMCG Growth in The E-commerce Era!”

📺 LIVE di CNBC Indonesia TV – 27 Februari 2025, Pukul 15.00 WIB!

#EcommerceFMCG #CompasInsights #DataDrivenStrategy #FMCGTrends #EcommerceSuccess #EcommerceEnabler",https://www.instagram.com/p/DGiQXSyyJfG/
compas.co.id,"💡Banyak Brand Gagal Manfaatkan Momentum di Awal Tahun, Kok Bisa?

Berdasarkan Indeks Penjualan Riil (IPR) Indonesia mengalami penurunan 1%, dan hal ini ditengarai merupakan pola seasonal. Benarkah demikian? Ternyata berdasarkan data Compas.co.id pasar e-commerce berbicara hal lain. Simak kontennya untuk informasi selengkapnya!

📩 Tertarik dengan data dan analisa Compas.co.id? Diskusikan langkah terbaik brandmu bersama Compas.co.id, scan dan dapatkan layanan konsultasi gratis sekarang!

#TrenEcommerce #StrategiBeauty #CompasMarketInsight #FMCGIndonesia #DataDrivenSuccess",https://www.instagram.com/p/DFKtWL8STTh/
compas.co.id,"🥛 Seller Non Official Store Raup Cuan di Susu UHT, Saatnya Fokus Gaet Reseller?

Tren penjualan susu UHT terus meningkat, paket bundle (dus) jadi pilihan konsumen. Bahkan, non-official store berhasil masuk jajaran top seller, membuka peluang besar bagi reseller dan brand baru!

📩 Masih bingung strategi apa yang harus diambil? Scan barcode di slide terakhir dan konsultasikan langkah terbaik bersama Compas.co.id!

#EcommerceTrends #SusuUHT #StrategiBisnis #CompasMarketInsight #FMCGInsights",https://www.instagram.com/p/DE4r2RqSVRU/
compas.co.id,"📈 Tren Penjualan FMCG yang Tidak Bisa Diabaikan!
Dalam 2 tahun terakhir, nilai penjualan FMCG di e-commerce terus mengalami peningkatan, dan di tahun 2025 diprediksi masih meningkat 19%.

🤔 Bagaimana caranya memanfaatkan peluang tersebut? Compas.co.id berikan 3 rekomendasi bagi brand agar dapat memanfaatkan peluang ini:

1️⃣ Mengidentifikasi Tren Pasar: Memahami produk favorit konsumen hingga kategori, kemasan, dan ingredients paling laris.
2️⃣ Optimalisasi Strategi Penjualan: Mengintegrasikan data seller center dengan insight pasar untuk menargetkan pelanggan dengan penawaran yang tepat, di waktu yang tepat.
3️⃣ Automasi Operasional: Meminimalisir kesalahan manual dalam pengelolaan stok, pesanan, dan pengiriman, sehingga brand Kamu dapat dikelola lebih efisien hanya dengan sedikit sumber daya.

📈 Hasil yang Terbukti:
Berdasarkan data Compas.co.id, brand yang memadukan strategi berbasis data dan automasi berhasil meningkatkan GMV hingga 292%. Pertumbuhan tertinggi terlihat pada Shopee dengan kenaikan 737%, diikuti Tokopedia dengan 237%!

💡 Masih bingung bagaimana memaksimalkan bisnis e-commerce? Layanan Compas.co.id E-commerce Enabler hadir untuk membantu brandmu.
Dengan teknologi mutakhir, expertise dalam pengelolaan operasional, dan fokus pada pengalaman pelanggan, layanan kami memastikan brand Kamu dapat bersaing dan sukses di lanskap e-commerce yang kompetitif.

🌐 Butuh informasi lebih lanjut mengenai layanan kami? Kunjungi website kami di www.compas.co.id untuk informasi lebih lanjut dan jadwalkan konsultasi gratis dengan tim expert kami sekarang!

#DataDriven #EcommerceEnabler #CompasMarketInsight #FMCGGrowth #EcommerceSuccess",https://www.instagram.com/p/DFHikV6SUAu/
compas.co.id,"Compas.co.id mengucapkan selamat Hari Pers Nasional! Hari ini, bersama-sama kita dukung peran penting jurnalis untuk terus berdedikasi memberikan informasi Dan data yang bermanfaat untuk publik.

Jangan pernah berhenti untuk mengedukasi seluruh masyarakat Indonesia! 🎥📝🌟
#HariPersNasional #PewartaIndonesia #TerimaKasihJurnalis",https://www.instagram.com/p/DF1hG7nyHH7/
compas.co.id,"🔮 Pajak Naik 12% Untuk Barang Mewah, Brand Perawatan & Kecantikan Bimbang Naikkan Harga?

Produk perawatan & kecantikan kian diminati masyarakat dari berbagai kalangan. Umumnya di momen awal tahun seperti ini banyak brand yang menaikkan harga produknya, terlebih beberapa sudah melakukan langkah antisipasi kenaikkan pajak. Apakah ini langkah yang tepat? Cek penjelasannya bersama Compas.co.id

🔍 Masih bingung? Kamu cukup scan barcode di slide terakhir, nantinya kamu bisa mendapatkan data Compas.co.id dan berkonsultasi dengan tim expert Compas.co.id. Maksimalkan peluang e-commerce Kamu di 2025!

#Ecommerce2025 #MarketTrends #BeautyAndCare #StrategiBisnis #DataDriven #compasmarketinsight",https://www.instagram.com/p/DEmqN2CSx6G/
compas.co.id,"🍼 Baby Lotion Cream Jadi Produk Favorit Para Bunda, Apa Insightnya untuk Seller di E-Commerce?

Kategori Baby Lotion Cream mencatatkan nilai penjualan tertinggi di sub kategori produk perawatan bayi di sepanjang 2024, mencapai Rp463 miliar! Shopee menjadi marketplace pilihan dengan seluruh Top 10 Seller berasal dari platform ini. 💻

📈 Masih bingung bagaimana strategi e-commerce Kamu di tahun 2025?
📩 Konsultasikan langsung langkah terbaik bersama Compas.co.id dengan scan barcode di slide terakhir! Dapatkan insight eksklusif yang membantu brand Kamu semakin unggul.

#EcommerceTrends #BabyCare #CompasMarketInsight #FMCGInsights #StrategiBisnis",https://www.instagram.com/p/DE7QnybytLZ/
compas.co.id,"📢 Deankt Sukses Bantu Brand Lokal Naik 6X Lipat di TikTok Shop! 🚀

Live streaming bukan sekadar hiburan bisa jadi strategi ampuh buat naikkan penjualan! Deankt, streamer gaming dengan komunitas  di Indonesia, membuktikan kekuatannya di e-commerce! 💥

💡 Mau tahu bagaimana KOL bisa meningkatkan penjualan brand kamu dengan strategi berbasis data? Yuk, konsultasi langsung dengan tim expert Compas.co.id! 🚀

🔍 Scan barcode di gambar atau kunjungi Compas.co.id untuk insight lebih lanjut!

#EcommerceGrowth #TikTokShop #CompasDashboard #MarketTrends #KOLMarketing #DataDrivenMarketing #CompasMarketInsight #EcommerceEnabler",https://www.instagram.com/p/DGNvLApSGA4/
compas.co.id,"🌟 Compas.co.id E-commerce Enabler Telah Resmi Diluncurkan! 🌟

🚀 Dari Data ke Aksi: Harmoni Sempurna untuk E-commerce Anda!
Kini saatnya brand FMCG Anda memanfaatkan solusi lengkap dari Compas.co.id yang menggabungkan:
✅ Data-Driven Market Insight: Memahami tren, kategori, dan produk favorit konsumen.
✅ Automasi Canggih: Mengoptimalkan operasional dengan efisiensi tinggi.
✅ Advanced CRM Analysis: Memaksimalkan strategi pemasaran dengan analisis berbasis data.

💡 Apa manfaatnya untuk brand Anda?

 -  Tingkatkan efisiensi operasional.
 -  Buat strategi penjualan yang lebih tepat sasaran.
 - Raih performa terbaik di pasar e-commerce yang dinamis.

📊 Sudah siap untuk membawa brand Anda ke level berikutnya?
👉 Request demo sekarang melalui link berikut: bit.ly/4hkNOF4

#EcommerceEnabler #DataDriven #EcommerceGrowth #CompasMarketInsight #FMCGSolutions",https://www.instagram.com/p/DFHkcJnSvgq/
compas.co.id,"✨ Produk Bundling FMCG di E-commerce, Yay or Nay? ✨

Faktanya produk bundling berkontribusi sebesar 17% dari total nilai penjualan FMCG!
Brand kamu sudah coba peluang menggunakan strategi ini?

🌟 Butuh bantuan analisis mendalam? Cek Instastory sekarang atau scan QR untuk mendapatkan konsultasi gratis dan terbatas dari tim expert kami. Jangan lewatkan kesempatan ini untuk mengoptimalkan penjualan Kamu.

#DataDriven #FMCGInsights #EcommerceGrowth #CompasMarketInsight",https://www.instagram.com/p/DFC_CV3Sjot/
compas.co.id,"💡 Tokopedia & TikTok Shop: 1 Tahun Tokopedia Diakuisisi,
Apa Saja Insightnya? 💡

Satu tahun sejak akuisisi Tokopedia, TikTok Shop terus menunjukkan pertumbuhan positif di sektor FMCG, terutama pada kategori Perawatan & Kecantikan yang menjadi favorit konsumen! 🚀

📊 Baca peluang melalui data penjualan & strategi marketplace yang tepat untuk brand-mu dengan menggunakan Compas Market Insight Dashboard! Scan barcode atau kunjungi Compas.co.id untuk mendapatkan konsultasi secara GRATIS!

#EcommerceInsights #CompasMarketInsight #TikTokShop #Tokopedia #MarketTrends #FMCGData #ecommerceenabler",https://www.instagram.com/p/DF5DuEOS7sY/
compas.co.id,"☀️ Rp1,75 Triliun untuk Sunscreen, Setara Liburan ke Maldives untuk 425 Ribu Orang!

Fun fact: Sepanjang 2024, 32,5 juta produk sunscreen terjual di e-commerce. Penjualan meningkat hingga 98% sejak 2022, dan tren ini terus bersinar! 🚀

🌟 Sudahkah produk sunscreen Kamu menjadi bagian dari angka fantastis ini?
📩 Yuk, scan barcode di slide terakhir dan konsultasikan strategi terbaik Kamu bersama Compas.co.id!

#TrenEcommerce #StrategiBisnis #CompasMarketInsight #SkincareIndonesia #DataDrivenSuccess",https://www.instagram.com/p/DEXNb-tyE0E/
compas.co.id,"🎉 Happy New Year 2025! 🎉

Terima kasih telah menjadi bagian dari perjalanan kami di 2024. Dengan semangat baru, kami siap membantu bisnis Kamu mencapai lebih banyak kesuksesan di 2025! 🚀

🌟 Apa resolusi brandmu di tahun 2025 ini?

#HappyNewYear2025 #CompasMarketInsight #DataDrivenSuccess #FMCGTrends #EcommerceSolutions",https://www.instagram.com/p/DERCdKhSiQ5/
compas.co.id,"☀️ Fun Fact Sehat: Warga Indonesia Habiskan Rp2,7 Triliun untuk Vitamin!

Setara dengan membeli 93 ribu unit iPhone 16 Pro Max 512GB! 🚀
Dari Januari hingga Oktober 2024, 28 juta produk kesehatan terjual di e-commerce. Tren ini bahkan melonjak hingga 34% di bulan Ramadhan!

🌟 Apakah produk kesehatan Kamu sudah menjadi bagian dari pertumbuhan fantastis ini?
📩 Yuk, manfaatkan kesempatan konsultasi GRATIS dengan expert Compas.co.id dan kuasai strategi e-commerce terbaik untuk bisnis Kamu!

💬 Diskusi yuk di kolom komentar: Tren kesehatan apa yang menurut Kamu akan booming di 2025?

#CompasMarketInsights #VitaminTren2024 #EcommerceGrowth #FMCGTrends #StrategiBisnis",https://www.instagram.com/p/DEUorjKSuSs/
compas.co.id,"Persaingan Brand Perawatan Kecantikan Lokal dan Global Makin Sengit, Siapa Jawara Tahun 2024? 🌟

Kompetisi di kategori Beauty & Care sepanjang tahun 2024 makin panas! 🔥
Jumlah brand di Top 10 tetap seimbang, 5 vs 5, namun kondisi berbeda terlihat di Top 150 Brand.

💬 Apa prediksimu?
📊 Yuk diskusikan tren ini di kolom komentar! Siapa yang akan berjaya tahun 2025 brand lokal atau global?

🔎 Ingin tahu lebih banyak peta kompetisi brand global dan lokal terkini di e-commerce?
✨ Scan barcode di bawah ini untuk dapatkan insight dan konsultasi gratis dari tim ahli Compas.co.id!

#CompasMarketInsight #KaleidoskopEcommerce #BeautyTrends2024",https://www.instagram.com/p/DDwlh9SSuUz/
compas.co.id,"Viral War Takjil dan E-commerce: Apakah Berikan Dampak Untuk Kategori Makanan & Minuman? 🍪🍴

Cek pada  konten Compas.co.id  diatas 🤩👆🏻

💡 Menurutmu apakah ini sebuah momentum? Bagaimana bisnis kamu bisa memanfaatkan momen seperti ini?
📩 Scan Barcode dan Konsultasikan strategi kamu bersama ahli Compas.co.id!

#ECommerceTrends #StrategiRamadhan #CompasMarketInsight",https://www.instagram.com/p/DDrb8b0S3nH/
compas.co.id,"Gerakan Boikot Mengubah Peta Kompetisi E-commerce? 🌍

Tahukah kamu? Gerakan boikot terkait konflik di Rafah ternyata memberikan dampak pada penjualan kategori FMCG di e-commerce! Bagaimana perubahannya? Siapa yang melesat? Cek di konten Compas.co.id berikut ini! 🚀.

👉 Apa yang bisa dipelajari dari perubahan ini?

Dapatkan konsultasi GRATIS dengan expert Compas.co.id untuk insight mendalam dan strategi e-commerce terbaik. Klik link di bio atau scan barcode di slide terakhir!

#ECommerceInsights #StrategiBisnis #MarketTrends #CompasMarketInsight",https://www.instagram.com/p/DDuAwFDS_Dy/
compas.co.id,"🍜 Mie Instan: Favorit Masyarakat Indonesia! 🤩

Siapa sih yang bisa nolak mie instan? Dari anak kost sampai ibu rumah tangga, semua doyan!
Fun fact nih: di e-commerce, lebih dari 14 juta produk mie instan terjual setiap tahunnya. 🎉

📊 Mau informasi fun fact lainnya?
Scan barcode sekarang untuk data selengkapnya dan bonus konsultasi GRATIS bersama tim expert Compas.co.id! 🚀

#CompasFunFacts #EcommerceTrends #FMCGInsights #MieInstanLovers #CompasMarketInsights",https://www.instagram.com/p/DD64vVpSOwM/
compas.co.id,"Pilih Influencer & KOL yang Tepat, Gendes Raih Top Market Share di Kuartal III 2024!

@gendes.id berhasil raih Top Market Share di kategori produk kewanitaan pada kuartal III 2024. Setelah dilakukan penelitian lebih mendalam, Compas.co.id menemukan bahwa @gendes.id cukup aktif berkolaborasi dengan KOL maupun influencer. 

@citraciki , @dilanjaniyar dan @glencachysaraofficial berhasil berikan awareness product melalui engagement positif mengenai brand. Hal ini memberikan dampak positif untuk @gendes.id, di mana pada kuartal III 2024 berhasil meningkatkan nilai penjualan hingga capai 743%! 

Menurutmu bagaimana cara yang paling tepat untuk memilih KOL atau influencer yang tepat? Sampaikan di kolom komentar ya!

#ECommerceGrowth #StrategiKolaborasi #MarketLeader #Gendes #CompasMarketInsight #FMCGIndonesia #DataDriven #Ecommerce #BrandStrategy #MarketingExcellence",https://www.instagram.com/p/DDy1yxTSHi0/
compas.co.id,"☕ Siap Menyeruput Peluang di E-commerce?

Fun fact: Sepanjang 2024, warga Indonesia membeli 17,3 juta cangkir kopi lewat e-commerce! Bahkan penjualannya meningkat 84% di tahun 2024! 🚀

🌟 Apakah produk kopi kamu sudah jadi bagian dari tren besar ini?
📩 Yuk, Scan dan dapatkan konsultasi gratis bersama Compas.co.id untuk menyeduh strategi terbaik di e-commerce!

#TrenKopi #ECommerceIndonesia #StrategiBisnis #EcommerceInsights #FMCG #CompasMarketInsight #FMCGIndonesia",https://www.instagram.com/p/DEFL9DSSDVP/
compas.co.id,"🔥 Renungan Fenomena Overclaim: Peningkatan Penjualan Instan Memang Menggoda, tapi Apakah Lebih Penting Dari Keberlangsungan Bisnis? 💄

Tahun 2024 mencatat cerita menarik tentang praktik overclaim di kategori Perawatan & Kecantikan.
📈 Awalnya terlihat seperti surga 📉 Namun, berujung duka. Jangan lewatkan peluang yang muncul dari fenomena overclaim ini!

📊 Ingin Data Lebih Lengkap Mengenai Fenomena Overclaim?
Dapatkan insight menarik dari Compas Dashboard untuk memastikan strategi Kamu tetap relevan dan terpercaya. scan barcode untuk dapatkan konsultasi GRATIS! 🚀

#CompasMarketInsight #BeautyCare2024 #FMCGTrends #DataDrivenDecisions",https://www.instagram.com/p/DDzKWtAyCyO/
compas.co.id,"🚀 TikTok Shop: Game Changer Baru untuk FMCG?

Baru kembali di akhir 2023, TikTok Shop langsung menjadi marketplace terbesar kedua di sektor FMCG dengan nilai penjualan fantastis Rp20,1 triliun pada 2024! Apakah TikTok Shop bisa membawa brand FMCG memenangi pasar?

✨ Ayo, Menangkan Persaingan di 2025!
Dapatkan konsultasi GRATIS dengan expert Compas.co.id untuk insight mendalam dan strategi e-commerce terbaik. Klik link di bio atau scan barcode di slide terakhir!

💬 Menurut Anda, apakah TikTok Shop berpotensi menjadi marketplace utama untuk FMCG di tahun depan? Yuk diskusi di kolom komentar!

#CompasMarketInsight #TikTokShopTrends #FMCGGrowth #EcommerceStrategy",https://www.instagram.com/p/DDo3ICpyiNz/
compas.co.id,"💄 Good Looking Goals? Bedak Selalu Jadi Solusi! ✨

Fakta: 14,5 juta bedak terjual pada tahun 2024, dan berdasarkan tren tahun sebelumnya, penjualan terus meningkat setiap tahun, karena semakin banyak yang sadar pentingnya tampil good looking.

📊 Penasaran dengan potensi besar di kategori ini di tahun depan? scan barcodenya sekarang dan dapatkan GRATIS konsultasi market insight dari tim expert Compas.co.id. 🚀

#CompasFunFacts #BeautyCareTrends #EcommerceInsights #FMCG #CompasMarketInsight #FMCGIndonesia",https://www.instagram.com/p/DD9div6ydn7/
compas.co.id,"💬Pakar Bilang Perilaku Konsumen Berubah Karena Teknologi, Apa Kabar E-commerce?

✨ Fakta Menarik:
Nilai Penjualan FMCG di e-commerce meningkat secara konsisten sejak Q2 2023, Apa Saja Faktor-Faktornya? Simak di Konten Compas.co.id!

🚀 Kenapa Ini Relevan?
Pergeseran perilaku konsumen ke platform digital membuka peluang besar bagi brand.

🤝 Yuk, Diskusi Bareng Kami!
Dapatkan panduan khusus untuk memanfaatkan momentum ini dengan insight dari Compas.co.id. Klik link di bio untuk konsultasi GRATIS dan mulailah rencana Anda untuk 2025!

#StrategiFMCG #EcommerceTrends #DigitalGrowth #BisnisBerdasarkanData #CompasMarketInsights",https://www.instagram.com/p/DDW1pngS6p0/
compas.co.id,"🤔 Apa Warga Indonesia Mulai Sadar Merawat Diri Dari Dalam?

Pasalnya terdapat kategori produk di kategori makanan & minuman yang  membantu menunjang penampilan dapat meningkat secara signifikan pada 2024, dan dIperkirakan akan meroket pada 2025 mendatang 🚀

📊 Cari tahu tren lengkapnya sekarang dan pastikan brandmu jadi yang terdepan! Scan barcode untuk dapatkan konsultasi gratis bersama tim expert Compas.co.id

#Ecommerce2025 #B2BInsights #TrenBisnis #CompasDashboard #DataDrivenMarketing",https://www.instagram.com/p/DDJ9oHxyweZ/
compas.co.id,"Gen-Z Kepincut Bisnis Makanan & Minuman di E-commerce, Ayo Baca Peluangnya dengan Data!

Kategori produk pilihan Gen-Z ini selalu melonjak di akhir tahun, terutama saat Natal, Tahun Baru, dan Ramadan. Apakah ini jadi peluang yang menjanjikan di tahun 2025? 🧐

👉 Jangan ketinggalan insight penting lainnya! Yuk konsultasi gratis dengan expert kami di Compas.co.id dan pelajari cara memanfaatkan data e-commerce untuk meningkatkan penjualan Anda. Klik link di bio atau scan barcode di slide terakhir! 📲

#FMCGInsights #SkincareTrends2024 #Compascoid #compasmarketinsight",https://www.instagram.com/p/DDZhys6yQhq/
compas.co.id,"🌟 Konsumen Indonesia Suka Perawatan Diri Dari Rumah?

Tren skincare di e-commerce terus melejit! 🎉 Berdasarkan riset Compas.co.id, beberapa kategori produk diminati dan memberikan dampak signifikan pada pertumbuhan penjualan!

🚀 Apa artinya untuk brand Anda?
Data ini menunjukkan perubahan perilaku konsumen yang semakin sadar akan pentingnya perawatan kulit, yang dimulai dari rumah.

📊 Mau tahu lebih dalam tren ini?
Dapatkan FREE Consultation Market Insight dari Compas.co.id! Klik link di bio atau scan barcode di sini! 🚀

👉 Kuasai data, dominasi pasar!
#FMCGInsights #SkincareTrends2024 #Compascoid #compasmarketinsight",https://www.instagram.com/p/DDb_NCcSpWS/
compas.co.id,"🤔 Ada yang Bisa Naikin Jualan tapi Bukan Diskon Besar-Besaran. Product Title Sering Dianggap Remeh, Padahal Bisa Datengin Cuan? 👀

Tahukah kamu, ternyata 56% produk yang mencantumkan ingredients dalam judulnya berhasil mencatatkan penjualan lebih tinggi. 👀 Tapi, bagaimana dengan kategori lainnya?

Compas.co.id Juga Sudah Siapkan Prediksi Untuk Tahun 2025, Langsung Cek Insightnya di konten kami!

📊 Cari tahu tren lengkapnya sekarang dan pastikan brandmu jadi yang terdepan! Scan barcode untuk dapatkan konsultasi gratis bersama tim expert Compas.co.id

#RahasiaPenjualan #EcommerceTips  #CompasDashboard #KeywordStrategy #TrenBisnis2025
#compasmarketinsight",https://www.instagram.com/p/DDPHL3hSIxU/
compas.co.id,"2025, Dari Bayi Sampai Ibu-Ibu Mau Glowing!✨ 

Pada tahun 2025 diperkirakan tidak hanya remaja dan dewasa saja yang ingin tampil sempurna, saat ini bayi juga mau ikutan Glowing! Lalu bagaimana dampaknya pada produk Ibu & Bayi serta Perawatan & Kecantikan? Simak prediksi pertumbuhan penjualannya berikut ini! 📈

📊 Cari tahu tren lengkapnya sekarang dan pastikan brandmu jadi yang terdepan! Scan barcode untuk dapatkan konsultasi gratis bersama tim expert Compas.co.id

#TrenSkincare2025 #EcommerceInsights #CompasDashboard #MarketGrowth #compasmarketinsight",https://www.instagram.com/p/DDHY2ipyJbA/
compas.co.id,"⏳Perubahan Tren Cepat, Pengembangan Strategi Lelet? Pakai Data Sebelum Semuanya Terlambat!

📊 90% Perencanaan tanpa data yang tepat berakhir dengan hasil mengecewakan.  Antisipasi kegagalan eksekusi strategi dengan insight-insight berikut ini!

✨ Siap Menjadi Pemenang?
Dapatkan konsultasi GRATIS sekarang dan pelajari strategi terbaik langsung dari data pemenang e-commerce! Scan barcode di slide terakhir atau klik link di bio.

#CompasMarketInsight #DataDrivenSuccess #EcommerceGrowth #FMCGStrategy",https://www.instagram.com/p/DDgRzaFSlbb/
compas.co.id,"🚼 Tren Bayi Pakai Skincare, Ladang Cuan Baru Untuk Brand Ibu & Bayi?

📊 Pada tahun 2024 ramai tren bayi yang sudah mulai menggunakan skincare. Apakah aman untuk sang buah hati? Lalu bagaimana peluangnya bagi brand di tahun 2025? Cek insightnya melalui konten Compas.co.id berikut ini!

🤔 Sudah siapkan strategi untuk raup cuan di 2025?

✨ Ayo Buat Strategi Anda Tak Tertandingi!
📱 Scan barcode di slide terakhir untuk konsultasi GRATIS bersama expert Compas.co.id. Optimalkan data e-commerce dan lihat bagaimana insight bisa mengubah penjualan Anda!

#compasmarketinsight #EcommerceGrowth #FMCGTrends2024 #Datadriveninsight",https://www.instagram.com/p/DDej7_pydvP/
compas.co.id,"✨ 2025: Tahun Glowing untuk Bisnis Kecantikan dan Kesehatan? ✨

Tahukah kamu bahwa kategori produk yang berhubungan dengan penampilan diprediksi terus naik daun? 📈

Temukan insight lengkapnya hanya di Compas.co.id dan jadilah yang terdepan di pasar e-commerce 2025! Scan barcode kami untuk konsultasi gratis bersama expert kami.

#EcommerceInsight #FMCGTrends #DataDrivenStrategy #CompasDashboard",https://www.instagram.com/p/DDMiZ6NSUUP/
compas.co.id,"🌟 Cek Fakta: Betulkah Jualan Skincare di E-commerce Laris Manis?
Faktanya konsumen di Indonesia suka beli satu produk dengan beragam manfaat. Cek insightnya berikut ini!

👉 Gunakan layanan konsultasi GRATIS dengan expert Compas.co.id!
Optimalkan penjualan kamu dengan insight eksklusif dan solusi berbasis data. Klik link di bio atau scan barcode di slide terakhir!

#CompasMarketInsights #FMCGTrends #SkincareRevolution #Ecommerce #FMCG",https://www.instagram.com/p/DDhIwVGSXUD/
compas.co.id,"New Insight: Layanan Konsultasi Gratis Bisa Dongkrak Penjualan Produk Nutrisi!

Gebrakan baru dari @momuung.id! Dengan memberikan layanan konsultasi menyusui gratis, Mom Uung berhasil menarik hati para moms dan meningkatkan penjualan.
Langkah ini semakin melengkapi upaya edukasi bersama dokter dan influencer, yang rutin mengingatkan pentingnya nutrisi tinggi selama masa hamil dan menyusui. Strategi cerdas ini jadi bukti bahwa membantu konsumen tak hanya berdampak baik, tapi juga menguntungkan. 💡
Ingin brand kamu memimpin di posisi satu seperti Mom Uung? Dapatkan insight terbaru dari Compas Market Insight Dashboard, dan Dapatkan Layanan Konsultasi Gratisnya Sekarang!

#MomuungBabyCare #CompasMarketInsight #FMCGIndonesia #MarketLeader #DataDriven #Ecommerce #BrandStrategy #MarketingExcellence",https://www.instagram.com/p/DDePVifyR7j/
compas.co.id,"💧 Rp2,7 Triliun untuk Pelembab Wajah! Setara Bayar BPJS untuk 45 Juta Orang!

Sepanjang 2024, 46,9 juta produk pelembab wajah terjual di e-commerce, dengan lonjakan penjualan 27% pada bulan September 🚀

🌟 Siap memaksimalkan peluang ini?
📩 Scan barcode di slide terakhir dan dapatkan konsultasi gratis bersama Compas.co.id untuk meraih puncak penjualan di e-commerce!

#TrenEcommerce #StrategiBisnis #CompasMarketInsight #SkincareIndonesia #DataDrivenSuccess",https://www.instagram.com/p/DEPfIcSyAfw/
compas.co.id,"Produk Premium Laku Di E-commerce?💄

Menurut data Compas.co.id potensi produk premium di kategori perawatan & kecantikan menjanjikan!

Hal ini terlihat dari pertumbuhan jumlah produk terjual dari tahun 2022 hingga kuartal III 2024 sebanyak 252%. Bahkan pada kuartal III 2024, jumlah produk terjualnya mampu tumbuh 29,8% dibanding kuartal sebelumnya.

Apakah ini pertanda bahwa produk premium memiliki pasar di e-commerce?
Tuliskan pendapatmu di kolom komen ya!

Buat kalian yang penasaran potensi premium brand lainnya, segera hubungi tim Compas.co.id dan dapatkan konsultasi gratis bersama tim kami 🌐
#FMCG #EcommerceInsights #BrandPremium #ShopeePremium #DataDrivenMarketing",https://www.instagram.com/p/DCgw3fnyKWi/
compas.co.id,"💎 Original Store vs Official Store vs Non Official Store, Para Sultan Biasa Belanja di mana? 💎

Apakah konsumen kelas premium lebih memilih berbelanja di original store, official store atau non official store? Menariknya, data menunjukkan bahwa dalam dua tahun terakhir, 55% penjualan brand premium dihasilkan dari non official store, mengungguli official store yang hanya menyumbang 13%! 💼

🚀 Apa artinya brand premium lebih laku di non official store? Eitss jangan terburu-buru, cek informasi selengkapnya di konten Compas.co.id berikut ini ya!

🌐 Tertarik untuk dapatkan insight lebih mendalam? Segera hubungi tim expert Compas.co.id dan dapatkan konsultasi gratis untuk strategi e-commerce premium brand Anda!

#EcommerceStrategy #PremiumBrand #DigitalMarketingID #OfficialVsNonOfficial #GrowthMarketing #BrandingStrategi #KonsultasiGratis #EcommerceInsights #ShopeePremium",https://www.instagram.com/p/DCjVqx8y8p6/
compas.co.id,"✨ Peluang Premium Brand di E-commerce: Alami Pertumbuhan, Tanda-Tanda Brand Premium Mulai Dilirik di E-commerce? ✨

Tahukah kamu? Di Shopee, kategori produk premium seperti pelembab wajah mencatat kenaikan luar biasa hingga 173% di 2024! Hal ini didukung oleh penjualan brand-brand premium yang meroket di 2024! 🚀

Penasaran siapa saja brand premium yang tumbuh? cek konten Compas.co.id berikut ini!

Bersaing di pasar premium membutuhkan lebih dari sekadar produk unggulan. Strategi berbasis insight adalah kunci untuk memenangkan hati konsumen dan memperkuat posisi brandmu

🌟 Dengan Compas.co.id, kami membantu:
✔️ Mengenali pola belanja konsumen premium.
✔️ Menyesuaikan strategi marketing agar lebih efektif.
✔️ Mengoptimalkan performa penjualan di platform e-commerce.

Jangan biarkan peluang terlewat! Hubungi kami untuk free trial dashboard Compas dan lihat bagaimana data dapat mengubah strategi bisnismu.

#ECommerceGrowth #PremiumBrandStrategy #CompasDashboard #BeautyCare",https://www.instagram.com/p/DCl6dkdSGSI/
compas.co.id,"✨ Top FMCG Product 2024: Produk Mana yang Bersinar di Tahun ini?✨

Di penghujung tahun, saatnya melihat produk-produk FMCG dengan nilai penjualan paling tinggi yang menarik perhatian konsumen. Dengan data dari Compas Market Insight Dashboard, kami telah mengidentifikasi juara di kategori perawatan & kecantikan, kesehatan, ibu & bayi, dan makanan & minuman!

🔍 Ingin tahu rahasia kesuksesan mereka? Segera subscribe Compas Market Insight Dashboard dan ikuti kami untuk insight lebih dalam tentang tren pasar FMCG 2024.

Jangan lupa untuk manfaatkan kesempatan konsultasi GRATIS bersama tim expert kami untuk insight lebih lanjut! Kuota terbatas klik link di bio sekarang!

#TrenEcommerce2024 #StrategiBrand #CompasMarketInsight #BrandStrategy #FreeConsultation",https://www.instagram.com/p/DCZCfANSBpp/
compas.co.id,"Siapa  Sih  Jagoannya  di  Antara  Shopee  Premium  Brands  untuk  Kategori  Perawatan &  Kecantikan 2024? 🤔

Dari deretan brand-brand perawatan & kecantikan premium, Compas.co.id sudah siapkan para jawara dari kategori produk di Shopee Premium Brands. Mau tau siapa saja para pemuncak klasemen? Cek konten Compas.co.id berikut ini.

Penasaran  brand  kamu  masuk  peringkat  berapa?  Atau  mau  tau  strategi  jitu  untuk  jadi  top  brand  di  e-commerce?  Temukan  jawabannya  di  slide  terakhir! 😉  Ada  penawaran  spesial  menunggumu! 🎁

#EcommerceStrategy #PremiumBrand #MarketInsights #DigitalTransformation #BrandLeadership #DataDriven #CompasInsights #BusinessGrowth #StrategiBisnis #premiumbrands",https://www.instagram.com/p/DCrEB3Ey3vi/
compas.co.id,"🌐 Tren FMCG di E-Commerce 2024: Siapkah Brand Anda untuk Melaju? 🌐

Bersamaan dengan meningkatnya penjualan produk FMCG di e-commerce tahun ini, kategori Perawatan & Kecantikan berhasil menjadi kategori nomor 1, namun pada tahun 2024 terjadi lonjakkan nilai penjualan pada kategori Ibu & Anak!📈

💡 Ayo diskusi! Tulis di kolom komentar:
1️⃣ Menurutmu apa penyebab pertumbuhan kategori Ibu & Bayi?
2️⃣ Insight apa yang paling bermanfaat dari data ini?

Ceritakan kepada kami ya!

🔍 Jika anda butuh panduan lebih lanjut? Konsultasi langsung dengan expert kami untuk mendapatkan insight lengkap yang dapat mengarahkan strategi Anda menuju sukses di e-commerce!

#EcommerceTrends2024 #FMCG #BrandGrowth #MarketInsight #BusinessTips",https://www.instagram.com/p/DCT48O5SCaN/
compas.co.id,"🌟 Top FMCG Brands E-commerce 2024: Siapa yang Berjaya?

Menjelang akhir 2024, peta persaingan brand FMCG di E-commerce semakin jelas terlihat. Tahun ini penuh dengan kejutan, banyak yang dilakukan oleh brand pada tahun 2024 untuk menempati posisi teratas. Apakah brand anda jadi salah satu yang mampu memanfaatkan data dan momentum untuk tumbuh di tahun 2024? Cek datanya pada konten Compas.co.id berikut ini!

🚀 Mau jadi yang terbaik di tahun 2025 mendatang? Konsultasikan langkah tepat anda dengan Compas.co.id untuk insight mendalam dan strategi jitu di E-commerce dan buatlah perencanaan yang matang.

#TopFMCG2024 #EcommerceLeaders #BrandInnovation #CompasInsights #MarketLeaders #FMCGTrends #WinningStrategy #DigitalCommerce",https://www.instagram.com/p/DCWdsYmyCGo/
compas.co.id,"Tren Baru FMCG di E-commerce Tahun 2025: Warga Indonesia Mau Glowing 🤩✨

Menurut prediksi Compas.co.id pada tahun 2025 FMCG diprediksi tumbuh 19%, dan pertumbuhan di kategori FMCG dipengaruhi oleh berbagai kategori yang berkaitan dengan Perawatan & Kecantikan! 📊

Ingin tahu bagaimana tren ini bisa bantu bisnis Anda? Yuk, scan barcode di slide terakhir dan konsultasi gratis dengan expert kami!

#EcommerceTrends2025 #FMCGInsights #Compasmarketinsight",https://www.instagram.com/p/DDE0BXuS-M8/
compas.co.id,"Membaca Pola Penjualan E-commerce: Apakah Betul Momen Adalah Kunci? 🎉

Tahukah kamu dari data 3 tahun terakhir Compas.co.id setiap bulan Maret menunjukkan bahwa peningkatan jumlah produk terjual FMCG di E-commerce. Peningkatan tertinggi disumbangkan oleh kategori makanan & minuman sebesar 95%. Hal serupa juga terjadi di bulan Juli pada setiap tahunnya.

Compas.co.id berhasil membedah kategori produk dengan peningkatan jumlah produk terjual tertinggi di setiap bulannya. Kategori produk apa yang melonjak pada periode tersebut? Cek insightnya di konten Compas.co.id berikut ini!

🔍 Mengapa ini penting untuk bisnis?
- Ketahui momen-momen puncak untuk memaksimalkan strategi promosi.
- Identifikasi kategori produk dengan potensi pertumbuhan tertinggi.
- Tingkatkan penjualan brandmu dengan memanfaatkan data spesifik e-commerce!

Dapatkan insights mendalam ini langsung dari Compas Dashboard. Optimalkan pricing dan promotion strategy berdasarkan data faktual yang teruji dari 2022 hingga 2024. Scan barcode untuk dapatkan konsultasi gratis bersama tim expert Compas.co.id

#EcommerceInsights #FMCGTrends #DataDrivenMarketing #CompasDashboard",https://www.instagram.com/p/DC6g4UCy2Qn/
compas.co.id,"Sudah Berhasil Baca Pola Penjualan? Sekarang Kita Juga Harus Aware Sama Anomali Pola! 📉📈

Biasanya di Ramadhan penjualan naik, tapi ternyata ada lho yang turun! Inilah pentingnya memahami anomali dalam data e-commerce. 🤔
Cek anomali 2024 di konten Compas.co.id  berikut ini.

Jangan lupa antisipasi anomali dan peluang penjualan bersama compas market insight dashboard, scan barcode di slide terakhir dan dapatkan free consultation bersama tim expert kami!

#EcommerceInsight #DataDriven #CompasDashboard",https://www.instagram.com/p/DC9Fmk-S3MB/
compas.co.id,"📈 Temukan Pola, Raih Momentum!

Ternyata, ada pola berulang dalam penjualan FMCG setiap tahunnya. Insight menarik yang bisa dipelajari untuk pengembangan strategi tahun 2025 nih 🤔

Berdasarkan data penjualan dari 1 Januari 2022 - 20 November 2024, Compas.co.id menemukan pola unik seperti:

✅ Penurunan sales quantity setiap tahunnya di bulan Februari
✅ Kenaikan signifikan di bulan Maret dan Juli

🔎 Dengan menganalisa 38 ribu brand FMCG di Shopee dan Tokopedia, kami tidak hanya memetakan data, tapi juga membantu Anda memahami momentum terbaik untuk meningkatkan penjualan!

💡 Siap untuk memanfaatkan insight ini? Yuk, coba Compas Dashboard GRATIS dan jadilah yang pertama memanfaatkan data ini untuk strategi penjualan yang lebih efektif!

🔗 Klik link di bio atau scan barcode untuk free trial 🚀

#FMCGTrends #EcommerceSales #DataDrivenInsights #CompasForBrands #BisnisEfisien #EcommerceIndonesia",https://www.instagram.com/p/DC1XPnVySzS/
compas.co.id,"Nilai Penjualan Suncare Bayi Azarine Kids Meningkat 62% di Oktober 2024!
Menurut analisa Compas.co.id, Azarine Kids memaksimalkan strategi Electronics Word of Mouth untuk meningkatkan penjualannya di e-commerce.

Mau tau insight selengkapnya? Cek di konten Compas.co.id berikut ini!
#compasmarketinsight #ibudanbayi #azarinekids #sunscreen #ecommerce",https://www.instagram.com/p/DCyd4kIyiys/
compas.co.id,"💨 Penjualan Popok Bayi Tumbuh di Tengah Tekanan Perang Dagang, Apakah Ini Peluang Bagi Brand Ibu & Bayi?

di tengah tekanan perang dagang AS-Tiongkok banyak brand yang merespons dengan menaikkan harga, dan mengurangi produk diskon. Pada kategori Ibu & Bayi justru tidak demikian, bahkan Top Brand di kategori ini meningkatkan jumlah produk gimmick! 👀

📩 Mau tahu bagaimana brand menghadapi perang dagang dengan pendekatan yang lebih strategis?

Klik link di bio atau scan barcode di slide terakhir untuk konsultasi GRATIS dengan tim expert Compas.co.id.

#FMCGIndonesia #PerangDagang #CompasMarketInsight #EcommerceEnabler",https://www.instagram.com/p/DI0tGjNSTMX/
compas.co.id,"Sukses Tanamkan Historical Heritage, Sido Muncul Sukses Perkuat Penjualan Online di Tahun 2024!

Sido Muncul terus memperkuat posisinya sebagai salah satu brand terkemuka yang konsisten bertahan dan berkembang di industri selama puluhan tahun. Pencapaian terbaru menunjukkan keberhasilan Sido Muncul dalam mengoptimalkan penjualannya di e-commerce sepanjang 2024. Melalui official store-nya, Sido Muncul Store dan Sido Muncul Natural Official Store, brand ini mencatat performa yang mengesankan.

Sido Muncul Store menjadi salah satu seller dengan penjualan tertinggi di kategori kesehatan Tokopedia, mencatat lebih dari 177 ribu produk terjual, tumbuh 7% dibandingkan tahun 2023. Sementara itu, Sido Muncul Natural Official Store mencatat pertumbuhan jumlah produk terjual yang luar biasa, mencapai 257% sepanjang tahun 2024, menjadikannya salah satu seller dengan pertumbuhan tertinggi di industri. Capaian ini semakin menonjol mengingat secara keseluruhan, kategori kesehatan di e-commerce mengalami penurunan jumlah produk terjual sebesar 1% pada tahun 2024 dibandingkan tahun sebelumnya.

Kesuksesan ini tidak lepas dari strategi pemasaran Sido Muncul yang menggandeng KOL dan influencer, khususnya figur yang menjadi panutan bagi generasi Milenial dan Gen Z. Dengan mengusung narasi “Historical Heritage”, Sido Muncul berhasil membangun persepsi modern terhadap jamu, meyakinkan generasi muda akan manfaat konsumsi jamu sebagai bagian dari gaya hidup sehat masa kini.

#ECommerceGrowth #StrategiKolaborasi #MarketLeader #Sidomuncul #CompasMarketInsight #FMCGIndonesia #DataDriven #Ecommerce #BrandStrategy #MarketingExcellence",https://www.instagram.com/p/DFub9wMyYcu/
compas.co.id,"✨ Berapa Range Harga Produk Perawatan & Kecantikan Premium yang Paling Laris di E-commerce?

Berdasarkan insight dari Compas.co.id, Konsumen di kategori perawatan & kecantikan E-commerce lebih memilih produk dengan harga Rp500 ribu – Rp1 juta. 📈

Apa saja produk-produk yang laris di harga Rp500 ribu - Rp1 juta? cek insightnya di konten @compas.co.id berikut ini!

💬 Yuk diskusi!
Bagaimana strategi harga Anda menarik perhatian “sultan E-commerce”? Share insight Anda di komentar!

💬 Menurut Anda, apa yang membuat konsumen rela bayar lebih untuk produk Anda? Ayo berbagi di komentar!

🌐 Penasaran sama harga produk-produk FMCG yang laku di pasaran? Ayo hubungi tim expert Compas.co.id sekarang juga, scan barcode dan dapatkan layanan konsultasi gratis, layanan terbatas!

#BrandPremium #EcommerceIndonesia #InsightCompas #StrategiBrand #KonsumenEcommerce #MarketTrend #BeautyIndustry",https://www.instagram.com/p/DCofQPLyep9/
compas.co.id,"‼️ Update Catatan Redaksi: Revisi Data Market Share Seller‼️

Kami menyadari adanya kesalahan dalam penulisan angka market share seller pada halaman 4. Berikut adalah data yang telah diperbaiki:

Peringkat Seller Berdasarkan Market Share Seller sebagai berikut:
1st  Facetology Official Shop: 6,4%
2nd Azarine Cosmetics Official Shop: 3%
3rd  Guardian Official Shop: 2,1%
4th  Belia Cosmetic: 1,9%
5th  SKINTIFIC Official Store: 1,9%
6th  SKIN1004 Indonesia Official: 1,6%
7th  The Originote Official Shop: 1,5%
8th  SKINTIFIC__ID: 1,3%
9th  TnT Beauty Shop: 1,3%
10th Wardah Official Shop: 1,3%

🌞 Sunscreen Jadi Produk dengan Pertumbuhan Tertinggi di 2024!
Nilai penjualan kategori sunscreen melonjak 61% dan menjadi produk perawatan & kecantikan paling potensial di e-commerce!

🌟 Pelajari insight dari seller terbaik dan temukan strategi yang membuat mereka sukses menjaring konsumen.
📩 Scan barcode di slide terakhir untuk konsultasi bersama Compas.co.id dan maksimalkan penjualan brand Anda di 2025!

#TrenEcommerce #SunscreenTrends #StrategiBisnis #CompasMarketInsight #DataDrivenSuccess",https://www.instagram.com/p/DEzpwqwy5D_/
compas.co.id,"💡 Strategi Paket Produk Kecantikan Solusi Efektif Tingkatkan Nilai Penjualan?🤔💡

Kenapa beberapa brand sukses dengan strategi paket produk? Karena mereka tahu cara memposisikan produk yang relevan dengan kebutuhan pasar. Mau tahu paket apa yang bisa jadi pembeda di e-commerce untuk brand kamu? Tim Compas.co.id siap membantu!

📲 Scan barcode di bawah ini untuk konsultasi Market Insight GRATIS bersama expert Compas.co.id! Dapatkan insight mendalam dan strategi khusus bagi brand kamu. Kuota terbatas, jadi segera ambil peluangnya sekarang!

#CompasMarketInsight #BeautyTrends2024 #FMCGIndonesia #EcommerceTips #BeautyBrands",https://www.instagram.com/p/DBtR1bXS2RC/
compas.co.id,"✨ Bangun Kepercayaan, Raih Penjualan! ✨

Brand yang jujur dengan klaim produknya berhasil menarik hati konsumen dan meningkatkan loyalitas mereka, bahkan ada brand yang penjualannya meningkat berkali-kali lipat. Cek datanya di konten @compas.co.id!

🚀 Temukan strategi dan optimalkan penjualan Anda di e-commerce dengan konsultasi gratis dari Compas.co.id! Kuota terbatas – jangan sampai ketinggalan!

#CompasMarketInsight #BeautyTrends2024 #FMCGIndonesia #EcommerceTips #BeautyBrands",https://www.instagram.com/p/DB0_XytSjzc/
compas.co.id,"🍫✨ Sarapan Seru dan Manisnya Hari!

Tren e-commerce di penghujung 2024 menunjukkan kombinasi menarik antara sereal dan cokelat sebagai duo produk favorit di kategori F&B. Kedua kategori ini dipimpin oleh brand-brand besar yang akrab di telinga. Apakah hal tersebut mempengaruhi minat belanja konsumen Indonesia? Coba spill pendapatmu di kolom komentar yaa!

Penasaran untuk dapat data-data lengkap seputar F&B? Ayo segera konsultasikan kebutuhan marketingmu secara gratis bersama tim expert dari Compas.co.id, kuota terbatas! 🚀👨‍💼👩‍💼

#FMCGIndonesia #EcommerceTrends #SerealCokelat #CompasMarketInsight #BrandStrategy #FreeConsultation",https://www.instagram.com/p/DCB232RSmkY/
compas.co.id,"Mari Kita Lihat👀, kategori makanan & minuman apa yang paling laris di e-commerce 2024? 🍔🍕

Tidak hanya angka penjualan yang melonjak, tetapi juga popularitas produk paket F&B yang berhasil memikat konsumen! 📈

Optimalisasi produk dengan bentuk paket sehingga Konsumen semakin tertarik pada penawaran yang kreatif dan relevan dengan kebutuhan sehari-hari.🤩

🎉 Jangan lewatkan kesempatan untuk konsultasi GRATIS bersama Compas.co.id! Temukan insight lebih dalam tentang cara memaksimalkan performa brand Anda dan raih posisi teratas di kategori F&B. 

#TrenF&B2024 #StrategiEcommerce #CompasInsight #KonsultasiGratis",https://www.instagram.com/p/DB8t0M7y4MB/
compas.co.id,"🌟 Minuman Paling Laris Sepanjang 2024 di E-commerce 🌟

Berdasarkan riset Compas.co.id, susu bubuk tampil sebagai jawara di kategori minuman di e-commerce, sementara kopi menunjukkan potensi besar dengan peningkatan penjualan signifikan di akhir 2024. Apakah ini bisa menjadi insight bisnis bagi anda? Cek informasi detilnya di konten berikut.

Menggunakan data Compas.co.id, anda bisa memahami perilaku konsumen dan memenangkan persaingan e-commerce.

➡️ Hubungi kami untuk free consultation dan temukan strategi tepat untuk meningkatkan penjualan!

#CompasMarketInsight #ECommerceTrends #CompasData #MarketInsights #FMCGIndonesia #EcommerceTips",https://www.instagram.com/p/DB_Sg5qyPym/
compas.co.id,"🌟 Sektor Kesehatan Perlahan Pulih dan Tumbuh!

Setelah penurunan tahun lalu, brand kesehatan kini kembali berada di tren positif! Sudah siap ambil peluang ini? 💼

Saat tren kesehatan terus meningkat, pemahaman data yang tepat bisa jadi kunci memenangkan hati konsumen! Dengan insight dari Compas.co.id, Anda dapat melihat perubahan perilaku pembeli dari vitamin hingga perawatan kewanitaan yang sedang naik daun.

Scan QR untuk mengakses konsultasi gratis dengan tim expert kami dan jadilah bagian dari pertumbuhan pada kategori kesehatan di e-commerce!🤩

#HealthTrends2024 #EcommerceInsights #DataDrivenStrategy #BrandLeadership #HealthIsWealth #MarketGrowth",https://www.instagram.com/p/DCOvZHvS1At/
compas.co.id,"🍲 Bumbu Instan Laku di E-commerce? Yuk Cek Data Terkininya Bersama Compas.co.id! 🍲

Data terbaru menunjukkan pertumbuhan penjualan bumbu instan di e-commerce, dengan Royco dan Totole sebagai pemimpin pasar. Tren menunjukkan bahwa produk bundling semakin digemari konsumen. Manfaatkan peluang ini untuk menyusun paket produk yang sesuai dengan preferensi pasar peluang menarik untuk strategi baru di kategori bumbu instan! 🚀

💡 Ingin strategi khusus untuk brand Anda? Yuk, manfaatkan kesempatan konsultasi GRATIS bersama pakar kami untuk insight lebih lanjut! Kuota terbatas klik link di bio sekarang!

#TrenEcommerce2024 #StrategiBrand #BumbuInstan #KonsultasiGratis",https://www.instagram.com/p/DCEcL16ydrv/
compas.co.id,"🌟 Beauty & Care Semakin Bersinar di 2024! 🌟

Penjualan paket kecantikan melonjak 64% di September 2024 dibandingkan Januari. Ini bukan sekadar tren, tapi sinyal penting perawatan & kecantikan semakin menjadi kebutuhan esensial.

📊 Apa artinya untuk brand? Memahami pola belanja konsumen adalah kunci untuk merancang strategi marketing yang relevan. Dengan data dan insight tepat, brand bisa menyelaraskan penawaran dengan kebutuhan konsumen.

💬 Butuh strategi spesifik? Akses data lengkap di dashboard Compas.co.id untuk optimalkan penjualan di akhir tahun. Kuota terbatas untuk Konsultasi GRATIS scan QR dan mulai 2025 dengan strategi yang tepat!

#Beauty2024 #FMCGTrends #EcommerceIndonesia #DataDriven #BeautyAndCare #CompasMarketInsight",https://www.instagram.com/p/DBqsK7MyyKj/
compas.co.id,"👶 Belanja Produk Ibu & Bayi Meningkat di E-commerce, Siap Tangkap Peluangnya?

Kategori produk Mom & Baby di e-commerce mengalami lonjakan di tahun 2024, capai hampir Rp 2 triliun di kuartal III 2024!

Produk susu formula berhasil meningkat dan mempertahankan posisi sebagai produk dengan nilai penjualan tertinggi. Bagaimana dengan kategori produk lainnya? Cek insightnya di konten kami berikut ini! 🌟

Butuh informasi lebih lengkap mengenai tren produk ibu & bayi? Segera hubungi tim Compas.co.id dan dapatkan konsultasi gratis untuk menangkap peluang di kategori ibu & bayi! 🚀

#MomAndBabyTrends #EcommerceGrowth #DataDriven #BrandStrategy #CompasForBrands",https://www.instagram.com/p/DCRUIwSSASf/
compas.co.id,"🍏 Bisa Jualan Buah di E-commerce? Yuk Bedah Potensinya Bersama Compas.co.id 🍇

Pada tahun 2024 penjualan buah mengalami lonjakan besar, terutama saat bulan Ramadhan dengan tren “Takjil War” sebagai pelecutnya.  Melihat trennya, semakin banyak konsumen beralih ke platform online untuk buah-buahan segar. Apakah buah-buahan berpotensi untuk terus tumbuh di tahun 2025? Bagaimana menurutmu?

Bagi yang penasaran untuk dapat informasi selengkapnya mengenai tren F&B, segera scan barcode penawaran terbatas konsultasi gratis bersama tim expert Compas.co.id! 🚀👨‍💼👩‍💼

#FMCGIndonesia #EcommerceTrends",https://www.instagram.com/p/DCHBAJESVuN/
compas.co.id,"Dampak pemain Timnas pada penjualan Kopi Kapal Api naik signifikan. Apakah ini strategi yang bisa direplikasi oleh brand lain di FMCG? Your thoughts? 👇

Dapatkan lebih banyak insight untuk persiapan HARBOLNAS di Compas.co.id. Lihat report lengkapnya lewat link di bio! 📊 #BrandStrategy #EcommerceLeadership",https://www.instagram.com/p/DA1Aimry4RA/
compas.co.id,"☕ Anomali di Dunia Kopi! ☕
Mengutip artikel CNBC Indonesia, data BPS menunjukkan bahwa di tengah kondisi deflasi, kopi justru menjadi penyumbang inflasi! 😲

Penasaran apa penyebabnya? 🤔
Yuk, simak postingan riset terbaru kami di Compas.co.id untuk menemukan jawabannya dan memahami dampaknya terhadap e-commerce di Indonesia! 👆🏻

Silakan bagikan pendapatmu di sini!👇
Ingin insight lebih lanjut soal strategi e-commerce dan FMCG? Cek laporan “Road to Harbolnas 2024” dari Compas.co.id.
📊 Unduh laporan lengkapnya sekarang!
🔗 Klik di sini: https://bit.ly/3XNh2oa

#CompasMarketInsight #FMCGIndonesia #MarketLeader #DataDriven #Ecommerce #BrandStrategy #MarketingExcellence #EcommerceLeadership
#CompasInsight #TrenKopi #Inflasi #Deflasi #Ecommerce #FMCGTrends #RisetData #KopiIndonesia",https://www.instagram.com/p/DBOfgz9yMMb/
compas.co.id,"🌟 Overclaim: Keuntungan Sementara, Risiko Selamanya! 🌟
Beberapa brand pelembab wajah memang sempat mengalami peningkatan penjualan dengan strategi overclaim, seperti Brand A yang melonjak hingga 48% pada bulan September. Tapi, hati-hati! 🚨 Di bulan Oktober, penjualan mereka justru turun sebesar 13% setelah isu overclaim terungkap. 😱

Sebaliknya, brand yang real claim seperti duo @paragoncorp @wardahbeauty dan @eminacosmetics berhasil meningkatkan penjualan hingga 21% karena kepercayaan konsumen tetap terjaga. 🌱💡

Ini adalah bukti kuat bahwa kejujuran adalah strategi terbaik untuk menjaga kestabilan dan kepercayaan konsumen dalam jangka panjang. Jadi, apakah brand Anda siap untuk terus berkembang tanpa risiko? 🚀

Untuk brand yang ingin sukses, Compas.co.id hadir membantu dengan data dan insight eksklusif! Minggu depan, kami akan memberikan layanan konsultasi *GRATIS* secara terbatas. Pantau Terus konten Compas.co.id dan Jangan lewatkan kesempatan ini!

#DataDrivenMarketInsight #BeautyBrandIndonesia #OverclaimBahaya #MarketingBeauty #EcommerceInsights #CompasForBrands #FMCGBeauty",https://www.instagram.com/p/DBgZArPyi5y/
compas.co.id,"Pemain Timnas + Brand Terkenal = Penjualan Meroket! ⚽💥 Gimana menurut kamu, apakah strategi ini bisa bikin market share terus naik? Drop your thoughts di kolom komentar!

Ingin tahu lebih banyak insight seperti ini? Cek laporan “Road to Harbolnas 2024” dari Compas.co.id dan pelajari bagaimana tren e-commerce menjelang Harbolnas 2024 bisa bantu strategi bisnismu.
🔗 Download laporan lengkapnya sekarang: https://bit.ly/3XNh2oa atau klik link di bio.",https://www.instagram.com/p/DA3MWh-SQ6H/
compas.co.id,"✨ Di tengah terjangan Deflasi, penjualan di kategori Perawatan & Kecantikan mampu tumbuh?✨

Menurut data Compas.co.id kategori Perawatan & Kecantikan masih diminati karena produk-produknya merupakan kebutuhan ""tersier"" namun harganya relatif terjangkau, sehingga bagi para penggunanya terlihat ekslusif. Hal ini sejalan dengan pernyataan @yuswohady sebagai salah satu pakar marketing di Indonesia.

Apa kalian setuju dengan analisis Compas.co.id? Ungkapkan pendapatmu di kolom komentar yaa.

Bagi teman-teman yang Ingin insight lebih lanjut soal strategi e-commerce dan FMCG? Silahkan download “Road to Harbolnas 2024” dari Compas.co.id. secara Gratis!

🔗 Download sekarang: https://bit.ly/3XNh2oa atau klik link di bio.

#SkincareIsLife #DeflasiTapiCantik #FMGCBeauty #KecantikanIndonesia #CompasInsights",https://www.instagram.com/p/DBJU1_wShl7/
compas.co.id,"🚨 Pelajaran Berharga untuk Brand Kecantikan di Indonesia! 🚨
Tahukah kamu? Penjualan body lotion bisa merosot tajam hanya dalam sekejap akibat overclaim yang tidak realistis! 💥 Klaim bombastis seperti “kulit halus dalam 24 jam” ternyata jauh dari kenyataan, dan konsumen pun merasakan kekecewaan mendalam. 😕

💄 Apa yang bisa dipetik oleh brand kecantikan?
1. Jangan Berlebihan dalam Klaim: Konsumen kini semakin cerdas dan mampu membedakan antara klaim yang nyata dan yang dilebih-lebihkan.
2. Fokus pada Kualitas: Produk berkualitas tinggi akan mempromosikan dirinya sendiri melalui ulasan positif dari pengguna yang puas.
3. Manfaatkan Data E-commerce: Gunakan insight yang akurat untuk memahami kebutuhan konsumen sebelum membuat klaim. Data adalah kunci untuk inovasi yang tepat sasaran! 📊

✨ Butuh insight tentang tren bahan-bahan terlaris untuk menginovasi produk atau menyusun strategi pemasaran yang lebih efektif? Compas.co.id siap membantu kamu merancang strategi berbasis data yang jitu!

💬 Yuk, cek performa penjualan brand kamu dibandingkan kompetitor! Diskusikan di kolom komentar, apa tantangan terbesar yang kamu hadapi saat ini?

#DataDrivenMarketInsight #BeautyBrandIndonesia #OverclaimBahaya #MarketingBeauty #EcommerceInsights #CompasForBrands #FMCGBeauty",https://www.instagram.com/p/DBYqlz3yz92/
compas.co.id,"🔥 Deflasi tapi penjualan tetap naik? Bisa Banget! 🔥

Data terbaru compas.co.id menunjukkan, meskipun deflasi terjadi, penjualan produk kategori Vitamin naik 16% dibandingkan tahun lalu! 📈💪

Dari Mei hingga September 2024, konsumen terus membeli produk kesehatan dan kesejahteraan di e-commerce. 🛒✨ Apakah ini bukti kalau kebutuhan kesehatan tetap jadi prioritas Utama ?

📊 Fakta Utama:

 -  Penjualan tetap tumbuh meski ada deflasi.
 -  Kategori kesejahteraan terus dicari konsumen untuk menjaga kesehatan mereka.

💬 Bagaimana brand Anda bisa memanfaatkan tren ini? Share di kolom komentar! 👇
Ingin insight lebih lanjut soal strategi e-commerce dan FMCG? Cek laporan “Road to Harbolnas 2024” dari
Compas.co.id Unduh laporan lengkapnya sekarang! 
🔗 Klik di sini: https://bit.ly/3XNh2oa

#FMCGIndonesia #MarketLeader #DataDriven #Ecommerce  #Deflasi #DataPenjualan #CompasInsights #Kesejahteraan #FMCG #StrategiBisnis",https://www.instagram.com/p/DBQ8S1Py5h2/
compas.co.id,"Next kolaborasi pemain Timnas dan brand lokal apa lagi yang bisa meningkatkan penjualan? ⚽💥 Komentar yuk!

Ingin tahu lebih banyak insight seperti ini? Cek laporan “Road to Harbolnas 2024” dari Compas.co.id untuk strategi bisnis e-commerce!

🔗 Download laporan lengkapnya sekarang: https://bit.ly/3XNh2oa atau klik link di bio.",https://www.instagram.com/p/DA5xJqCS4Fn/
compas.co.id,"Menurut kamu, foto pemain Timnas mana yang paling pas untuk meningkatkan daya tarik packaging produk? ⚽💥 Share pendapatmu di kolom komentar! 👇

Ingin insight lebih lanjut soal strategi e-commerce dan FMCG? Cek laporan “Road to Harbolnas 2024” dari http://Compas.co.id.
🔗 Download sekarang: https://bit.ly/3XNh2oa atau klik link di bio.",https://www.instagram.com/p/DA-_GW1Sc9j/
compas.co.id,"🌟 Overclaim Memiliki Resiko Besar Bagi Brand Ternama Sekalipun! 🌟

Saat ini beberapa brand Ternama Maupun Brand Baru Pada Kategori Serum Wajah ketahuan melakukan overclaim! Hal ini berimbas langsung pada penurunan penjualan yang mencapai 82% meskipun reputasi brand mereka dikenal dengan baik! 😳 

Namun, ada kabar baik bagi brand yang jujur dan transparan. 📈 Brand-brand yang tidak terkena masalah overclaim justru menikmati peningkatan penjualan, seperti Some By Mi @somebymi.official_id yang naik 23%! 💪✨

Ini adalah bukti kuat bahwa kejujuran adalah kunci untuk mempertahankan kepercayaan konsumen dan menjaga kestabilan penjualan. Jadi, jangan tergoda menggunakan strategi overclaim! 🚫

Nah, buat kamu yang ingin tahu lebih banyak tentang tren pasar produk skincare dan mendapatkan insight eksklusif, Compas.co.id punya kejutan spesial untukmu! 🎉 Compas.co.id siap membantu kamu merancang strategi sukses berbasis data yang akurat dengan menyediakan layanan konsultasi GRATIS secara terbatas di minggu depan!.

🚀 Jangan sampai ketinggalan layanan GRATIS dari Compas.co.id! Klik tombol Follow sekarang dan aktifkan notifikasi untuk info penawaran ekslusif dari kami!

#DataDrivenMarketInsight #BeautyBrandIndonesia #OverclaimBahaya #MarketingBeauty #EcommerceInsights #CompasForBrands #FMCGBeauty",https://www.instagram.com/p/DBd0QA9SLX7/
compas.co.id,"TikTok Shop: Lebih dari Sekadar Tren, Ini Strategi Baru untuk Brand! 📊

Baru kembali di akhir 2023, TikTok Shop bukan hanya soal popularitas—ini peluang besar bagi brand untuk memperluas jangkauan!

Dengan Compas.co.id, Anda bisa memahami perilaku konsumen dan memenangkan persaingan e-commerce.

➡️ Hubungi kami untuk free consultation dan temukan strategi tepat untuk meningkatkan penjualan!

#CompasMarketInsight #TikTokShop #ECommerceTrends #CompasData #MarketInsights #FMCGIndonesia #EcommerceTips",https://www.instagram.com/p/DByaocFS1ZJ/
compas.co.id,"✨ KOL Approved: Ternyata Beri Dampak Terhadap Penjualan Produk!✨

Berdasarkan data Compas.co.id, Produk dengan KOL Approved Memiliki Nilai Penjualan Lebih Tinggi, kami juga lampirkan deretan penjualan KOL paling laris! Cek Datanya di konten @compas.co.id! 🎯

Pada riset ini, kami menggunakan Fitur Market Insight Dashboard Compas.co.id, cukup beberapa langkah langsung dengan mudah cek dampak promosi KOL terhadap penjualan produk!

➡️ Ayo, hubungi Compas.co.id dan dapatkan konsultasi gratis sekarang untuk strategi KOL yang terbukti ampuh! Siap maksimalkan penjualan dengan data yang akurat? 🚀

#CompasMarketInsight #BeautyTrends2024 #FMCGIndonesia #EcommerceTips #BeautyBrands",https://www.instagram.com/p/DBv1vdeSwbk/
compas.co.id,"Tren penjualan di industri e-commerce semakin menguat menjelang Harbolnas. Compas.co.id memprediksi bahwa pada Harbolnas tahun 2024 akan terjadi peningkatan jumlah produk terjual hingga 13.9% dan nilai penjualan yang naik 25.2% dibandingkan tahun sebelumnya.

Kenaikan ini menunjukkan tingginya antusiasme konsumen dan pelaku industri terhadap momen belanja akhir tahun. Harbolnas tetap menjadi pendorong utama pertumbuhan, dengan periode ini memberikan dorongan signifikan bagi nilai penjualan.

Jangan lewatkan kesempatan untuk memaksimalkan strategi e-commerce Anda dalam menyambut tren positif ini!

Dapatkan laporan lengkapnya sekarang di 👉🏻 https://bit.ly/3XNh2oa atau Link di Bio ⬆️",https://www.instagram.com/p/DAYh89fSZRg/
compas.co.id,"✨ Brand Azarine Disebut di Majalah Vogue oleh Brand Ambasadornya! ✨
Siapa sangka brand lokal bisa melangkah sejauh ini? 🎉 

Azarine, salah satu brand lokal yang disebut di Majalah Vogue, yaitu salah satu majalah fashion dan lifestyle paling bergengsi di dunia! 🌍

Berdasarkan hasil monitoring dari Compas.co.id di platform e-commerce Indonesia, Azarine berhasil mencatat pertumbuhan sebesar 9% setelah di-mention di Vogue. 
Selama periode 29 Juli – 29 September, Azarine memimpin dengan pertumbuhan tertinggi di antara top 3 brand sunscreen! 🌞✨ Dengan peningkatan 9%, Azarine berhasil mengungguli Wardah +7% dan Facetology yang mengalami penurunan sebesar -18%.
Ini adalah bukti nyata bahwa kolaborasi dengan media besar internasional dapat memberikan dampak signifikan bagi brand lokal! Dengan produk sunscreen yang semakin digemari banyak orang, Azarine terus melangkah maju sebagai pilihan utama untuk perlindungan kulit dari sinar matahari ☀️.

Ingin Tahu Insight FMCG Menarik Lainnya terkait dengan Brand Azarine? Nantikan Postingan Kami Berikutnya.

Dapatkan wawasan terbaru dalam laporan “Road to Harbolnas 2024” dari Compas.co.id dan pelajari bagaimana tren e-commerce menjelang Harbolnas bisa memperkuat strategi bisnis Anda.
📊 Unduh laporan lengkapnya sekarang! 
🔗 Klik di sini: https://bit.ly/3XNh2oa
#CompasMarketInsight #FMCGIndonesia #MarketLeader #DataDriven #Ecommerce #BrandStrategy #MarketingExcellence #Azarine #Sunscreen #VogueMention",https://www.instagram.com/p/DAlKtHayEHH/
compas.co.id,"Tren penjualan di industri e-commerce semakin menguat menjelang Harbolnas. Compas.co.id memprediksi bahwa pada Harbolnas tahun 2024 akan terjadi peningkatan jumlah produk terjual hingga 13.9% dan nilai penjualan yang naik 25.2% dibandingkan tahun sebelumnya.

Dikutip dari artikel swa, Compas.co.id menggunakan metode regresi linear, dimana kami mengukur berdasarkan nilai penjualan bulanan selama dua tahun terakhir. Melalui metode ini Compas.co.id juga memprediksi bahwa kategori perawatan & kecantikan akan melonjak 23,4% atau meningkat Rp800 miliar ke angka Rp3,7 triliun pada periode harbolnas 2024 dibanding tahun sebelumnya,” ungkap Hanindia Narendrata, selaku Co-founder & CEO Compas.co.id (27/9/024).

Pada Harbolnas Tahun 2023 Kategori Perawatan Kecantikan Memiliki Kontribusi Nilai Penjualan Paling Besar. Pada 2024 Perawatan Kecantikan Diprediksi Naik 23,4% Dibanding Tahun Lalu,  Konsumen Kategori Ini Cenderung Memanfaatkan Penawaran Menarik yang Diberikan Pada Periode Harbolnas Setiap Tahunnya.

✨ Perawatan Kecantikan Bundling Lebih Diminati! ✨
Selama #Harbolnas 2023, penjualan produk bundling kecantikan melonjak drastis! 🚀📈
•⁠ ⁠Produk bundling naik 57% dalam nilai penjualan dan 38% dalam kuantitas. Konsumen semakin tertarik pada set eksklusif yang lengkap dibandingkan produk satuan.
•⁠ ⁠Produk satuan pun tetap menunjukkan peningkatan, dengan kenaikan 32% dalam nilai penjualan dan 20% dalam kuantitas.

Dapatkan insight terbaru dalam laporan “Road to Harbolnas 2024” dari Compas.co.id dan ketahui bagaimana tren e-commerce menjelang Harbolnas bisa menguatkan strategi bisnis Anda.

Unduh laporan lengkapnya sekarang!
🔗 Klik di sini: https://bit.ly/3XNh2oa atau Cek Link di Bio
#CompasMarketInsight #FMCGIndonesia #MarketLeader #DataDriven #Ecommerce #BrandStrategy #MarketingExcellence",https://www.instagram.com/p/DAhwKOpShf2/
compas.co.id,"Setelah disebut di Vogue, performa Sunscreen Azarine menunjukkan pertumbuhan positif! 🌞 Khususnya di platform Shopee, produk ini mencatatkan pertumbuhan penjualan sebesar 10% 🚀. Tak hanya di Shopee, penjualan Azarine juga meningkat di TikTok Shop (+6%) dan Tokopedia (+19%) selama periode 29 Juli – 29 September.

📈 Penjualan Sunscreen Azarine di Official Store Melonjak Signifikan! 🌟
Setelah disebut di Majalah Vogue, penjualan Sunscreen Azarine di Official Store mengalami pertumbuhan positif, mencapai 16% 🚀. Angka ini lebih tinggi dibandingkan penjualan di Non-Official Store, yang juga meningkat sebesar 5%.

Ingin tahu insight menarik lainnya dari industri FMCG? Nantikan postingan kami berikutnya!

📊 Dapatkan wawasan terbaru dalam laporan “Road to Harbolnas 2024” dari Compas.co.id dan pelajari bagaimana tren e-commerce menjelang Harbolnas dapat memperkuat strategi bisnis Anda.

🔗 Unduh laporan lengkapnya sekarang!
Klik di sini: https://bit.ly/3XNh2oa atau klik link di Bio

#CompasMarketInsight #FMCGIndonesia #MarketLeader #DataDriven #Ecommerce #BrandStrategy #MarketingExcellence #Azarine #Sunscreen #VogueMention",https://www.instagram.com/p/DAnvjSuytYK/
compas.co.id,"🚀 Siap Menghadapi Harbolnas 2024?
Dapatkan insight terbaru dari Compas Market Insight dalam laporan “Road to Harbolnas 2024”!
 Temukan bagaimana tren penjualan di industri e-commerce semakin menguat menjelang Harbolnas, dengan peningkatan jumlah produk terjual hingga 13.9% dan nilai penjualan yang naik 25.2% dibandingkan tahun sebelumnya.

📊 Kategori Kecantikan & Perawatan juga diprediksi mengalami kenaikan nilai penjualan hingga 23.4%!
💼 Jangan lewatkan kesempatan ini untuk memperkuat strategi bisnismu menjelang puncak penjualan akhir tahun!

Download laporan lengkapnya sekarang!
🔗 Klik di sini: https://bit.ly/3XNh2oa
Link di Bio ⬆️
#Harbolnas2024 #EcommerceTrends #MarketInsight #CompasReport #Harbolnas",https://www.instagram.com/p/DAYLNQvyXXX/
compas.co.id,"✨ Azarine Cosmetic Official Shop Menjadi Penjual Terlaris dan Mencatatkan Pertumbuhan yang Signifikan ✨

Dalam periode 30 Agustus - 29 September, Azarine Cosmetic Official Shop mencatat pertumbuhan sebesar +40% setelah disebut dalam Majalah Vogue. Tidak hanya itu, reseller Belia Cosmetic juga mengalami peningkatan penjualan hingga +183%! 🔥💄

Sementara itu:

•⁠ ⁠Guardian ID mengalami sedikit penurunan sebesar -8%, namun tetap menjadi pemain kuat di pasar.
•⁠ ⁠Pamelo Beauty Shop mengalami kenaikan yang signifikan sebesar +12%.
•⁠ ⁠Sociolla mencatat pertumbuhan stabil dengan peningkatan +1%. 📦

🌟 Hasil ini membuktikan bahwa kualitas produk yang konsisten dan pemanfaatan momentum yang tepat dapat menciptakan dampak yang signifikan bagi bisnis. Yuk, ikuti jejak sukses ini dan jangan lewatkan peluang besar untuk merasakan produk unggulan!

Ingin tahu lebih banyak insight menarik seputar FMCG? Nantikan postingan kami berikutnya! 🚀

📊 Dapatkan wawasan terbaru dalam laporan “Road to Harbolnas 2024” dari Compas.co.id dan pelajari bagaimana tren e-commerce menjelang Harbolnas bisa memperkuat strategi bisnis Anda.

🔗 Unduh laporan lengkapnya sekarang: https://bit.ly/3XNh2oa

#CompasMarketInsight #FMCGIndonesia #MarketLeader #DataDriven #Ecommerce #BrandStrategy #MarketingExcellence #Azarine #Sunscreen #VogueMention #AzarineCosmetic #TopSelling #BeautyProducts #OnlineShopping #Growth #ResellerSuccess #CosmeticsTrends",https://www.instagram.com/p/DAs5LJIyZqx/
compas.co.id,"IShowSpeed Diberi Deodoran Saat Live Streaming di Indonesia: Bagaimana Dampaknya pada Penjualan Deodoran di E-Commerce? 📊👇

Saat berkunjung ke Indonesia, IShowSpeed sempat diberikan deodoran oleh penggemarnya saat live streaming. Tapi, apakah kedatangan IShowSpeed berdampak pada performa penjualan deodoran di e-commerce Indonesia?

Menurut data dari Compas.co.id, meskipun kehadiran IShowSpeed menarik perhatian, penjualan deodoran justru menurun 11% setelah kedatangannya, jika dibandingkan dengan periode yang sama di bulan Agustus. Hal ini menunjukkan bahwa kehadiran IShowSpeed tidak berpengaruh signifikan pada kategori deodoran.

Namun, jika kita lihat tren sejak Januari 2024, penjualan deodoran sebenarnya mengalami pertumbuhan. Meski begitu, penjualan terlihat stagnan antara bulan Mei hingga Agustus 2024.

Selama periode kunjungan IShowSpeed, Jennskin Tamanu Oil berhasil memimpin pasar dengan menguasai 45,1% market share, diikuti oleh Nivea dengan 10,9%. Brand lainnya seperti Deorex, Perspirex, M.B.K, Rexona, SSKIN, Lady Speed Stick, Posh, dan Grace and Glow masing-masing memperoleh Market Share di bawah 10%.

Apakah Jennskin Tamanu Oil akan berada di posisi 1 hingga periode Harbolnas 2024?
Dapatkan wawasan terbaru dalam laporan “Road to Harbolnas 2024” dari Compas.co.id dan ketahui bagaimana tren e-commerce menjelang Harbolnas bisa menguatkan strategi bisnis Anda.

Unduh laporan lengkapnya sekarang!
🔗 Klik di sini: https://bit.ly/3XNh2oa

#CompasMarketInsight #FMCGIndonesia #MarketLeader #DataDriven #Ecommerce #BrandStrategy #MarketingExcellence",https://www.instagram.com/p/DAfjvpWy1jd/
compas.co.id,"Setelah Azarine disebut di Majalah Vogue, kandungan apa yang paling banyak diburu konsumen?
Penjualan produk sunscreen Azarine, baik varian single maupun bundling, mengalami pertumbuhan signifikan setelah disebutkan di Majalah Vogue. Dalam periode 29 Juli hingga 29 September 2024, produk single mencatat peningkatan sebesar 9%, sementara bundling melonjak hingga 21%.

Kandungan Hydrasoothe pada produk sunscreen Azarine menjadi yang paling dicari oleh konsumen, dengan lebih dari 300 ribu produk terjual setelah publikasi tersebut. Selain Hydrasoothe, varian lain seperti Calm My Acne dan Hydramax juga menunjukkan performa penjualan yang baik.

Tingginya minat terhadap produk-produk ini menunjukkan bahwa konsumen semakin selektif dalam memilih kandungan yang sesuai dengan kebutuhan kulit mereka.

Ingin tahu lebih banyak insight menarik seputar FMCG? Nantikan postingan kami berikutnya!

📊 Dapatkan wawasan terbaru dalam laporan “Road to Harbolnas 2024” dari Compas.co.id dan pelajari bagaimana tren e-commerce menjelang Harbolnas bisa memperkuat strategi bisnis Anda.
🔗 Unduh laporan lengkapnya sekarang: https://bit.ly/3XNh2oa
#CompasMarketInsight #FMCGIndonesia #MarketLeader #DataDriven #Ecommerce #BrandStrategy #MarketingExcellence #Azarine #Sunscreen #VogueMention",https://www.instagram.com/p/DAqbhNxyDL3/
compas.co.id,"IShowSpeed Coba Bakpia Saat Live Streaming di Yogyakarta: Bagaimana Dampaknya pada Penjualan Pastry di E-Commerce? 📊👇

Saat berada di Yogyakarta, IShowSpeed diberi bakpia oleh masyarakat setempat. Di e-commerce, bakpia masuk dalam kategori pastry. Namun, apakah kedatangan IShowSpeed berdampak pada penjualan kategori pastry di e-commerce Indonesia?

Meski penjualan kategori pastry sempat menurun pada Mei 2024, secara keseluruhan, tren penjualannya mengalami pertumbuhan yang cukup signifikan sebelum kedatangan IShowSpeed ke Indonesia. Namun, pasca kedatangan IShowSpeed, penjualan pastry di e-commerce justru menurun 7% jika dibandingkan dengan periode yang sama pada bulan Agustus.

Bakpia Kukus Tugu Jogja memimpin kategori pastry setelah kedatangan IShowSpeed dengan meraih 6,1% market share, diikuti oleh Juwara Satoe dengan 4,8%, dan Raizhel di posisi ketiga dengan 3,8%. Bittersweet by Najla berada di urutan berikutnya dengan 3,6%. Brand lainnya seperti Mbun Brownies, Edo, Pia Agung, Koshoku, Bonpatis, dan Nutella masing-masing mendapatkan market share di bawah 3%.

Akankah performa positif dari 10 brand teratas ini terus berlanjut hingga Harbolnas 2024?

Dapatkan wawasan terbaru dalam laporan “Road to Harbolnas 2024” dari Compas.co.id dan ketahui bagaimana tren e-commerce menjelang Harbolnas dapat memperkuat strategi bisnis Anda.

Unduh laporan lengkapnya sekarang!
🔗 Klik di sini: https://bit.ly/3XNh2oa

#CompasMarketInsight #FMCGIndonesia #MarketLeader #DataDriven #Ecommerce #BrandStrategy #MarketingExcellence",https://www.instagram.com/p/DAgBG4ny3x-/
compas.co.id,"Berdasarkan data dari laporan “Road to Harbolnas 2024” yang baru saja dirilis oleh Compas.co.id, subkategori Perawatan Wajah, Perawatan Tubuh, dan Paket Kecantikan menjadi pendorong utama pertumbuhan kategori Perawatan Kecantikan selama Harbolnas 2023 yang mencerminkan preferensi konsumen selama kampanye Harbolnas.

 💆‍♀️Perawatan Wajah menjadi subkategori yang paling diminati, dengan peningkatan penjualan sebesar +37% selama Harbolnas dibandingkan dengan periode non-Harbolnas. 

Perawatan Tubuh juga mengalami kenaikanan besar dengan meraih +30% selama Harbolnas. Sementara, untuk Paket Kecantikan meraih kenaikan luar biasa dengan memperoleh sebesar +60%! Market Share. 
Paket bundle produk kecantikan menjadi favorit karena memberikan penawaran menarik dan value yang besar bagi konsumen. ✨

Selain tiga subkategori teratas ini, beberapa kategori lain juga menunjukkan tren positif selama Harbolnas seperti Parfum +33%, Perawatan Rambut +21%, Kosmetik + 24%, Kosmetik Bibir +20%, dan Kosmetik Mata +5%.

Dapatkan insight terbaru dari Compas Market Insight dalam laporan “Road to Harbolnas 2024”! Temukan bagaimana tren penjualan di industri e-commerce semakin menguat menjelang Harbolnas, untuk kembangkan bisnis e-commerce anda bersama Compas.co.id!

Download laporan lengkapnya sekarang!
🔗 Klik di sini: https://bit.ly/3XNh2oa

Link di Bio ⬆️

#CompasMarketInsight #FMCGIndonesia #MarketLeader #DataDriven #Ecommerce #BrandStrategy #MarketingExcellence",https://www.instagram.com/p/DAa3meXSoZ_/
compas.co.id,"Berdasarkan nilai penjualan di platform, seperti Shopee dan TikTok Shop, brand Moell berhasil memimpin sebagai brand No. 1 untuk Baby Body Lotion dengan memperoleh 43,6% Market Share selama bulan Augustus 2024 dibandingkan kompetitor lainnya, seperti Johnson’s 14,6%, Expert Care 10,7%, dan brand-brand lain yang meraih market share di bawah 10,% yang terdiri dari Loluna, Purela, Maskit, Bambi, Cussons, Mustela, dan Mama Choice. 

Kenapa Moell menjadi favorit? Formula Lembut dan Aman – Dibuat khusus untuk kulit bayi yang sensitif, Moell hadir dengan bahan-bahan alami yang memberikan kelembapan ekstra, menjaga kulit si kecil tetap sehat, halus, dan lembut sepanjang hari.
🥑Diperkaya dengan Avocado oil sebagai antioxidant yang dapat menutrisi kulit. 
👶 Plant Based Probiotic yang dapat memperkuat skin barrier. Serta Vitamin B5 Panthenol membantu meredakan kemerahan, menenangkan, dan menghidrasi kulit. Moell telah teruji secara dermatologis, memastikan produk kami aman bahkan untuk kulit bayi yang paling sensitif.

Ingin brand kamu memimpin di posisi satu seperti Moell? Dapatkan insight terbaru dari Compas Market Insight dalam laporan “Road to Harbolnas 2024”!

Temukan bagaimana tren penjualan di industri e-commerce semakin menguat menjelang Harbolnas, untuk kembangkan bisnis e-commerce anda bersama Compas.co.id!

Download laporan lengkapnya sekarang!
🔗 Klik di sini: https://bit.ly/3XNh2oa
Link di Bio ⬆️

#MoellBabyCare #HealthyGlow #BabySkinCare #CompasMarketInsight #FMCGIndonesia #MarketLeader #DataDriven #Ecommerce #BrandStrategy #MarketingExcellence",https://www.instagram.com/p/DAiYPcuSmsT/
compas.co.id,"Indomilk berhasil tingkatkan penjualan setelah acara Meet & Greet dengan Pemain Timnas, next undang siapa lagi ya?! 🏅⚽✨

Next kolaborasi pemain Timnas dan brand lokal apa yang bisa tingkatkan penjualan? 💥

Ingin tahu lebih banyak insight seperti ini? Cek laporan ‘Road to Harbolnas 2024’ dari Compas.co.id untuk strategi e-commerce!

🔗 Download laporan lengkapnya: https://bit.ly/3XNh2oa atau klik link di bio.",https://www.instagram.com/p/DA8X36UyuKu/
compas.co.id,"📉 Deflasi di Indonesia: Peluang atau Tantangan di E-commerce?

Di tengah deflasi, pola belanja konsumen bisa bergeser. ⚖️ Apakah produk FMCG mengalami penurunan permintaan? Atau mungkin ada peluang baru yang bisa dimanfaatkan brand Anda di dunia e-commerce? 🛒📊

🔥 Bagaimana pendapatmu? Apakah ini saat yang tepat untuk berinovasi? Komentar di bawah dan bagikan strategimu! 👇

Untuk wawasan lebih dalam mengenai strategi e-commerce di tengah deflasi, jangan lewatkan laporan “Road to Harbolnas 2024” dari Compas.co.id. 🔗 Download sekarang : https://bit.ly/3XNh2oa atau klik link di bio.",https://www.instagram.com/p/DBGpHq7yMay/
compas.co.id,"Berdasarkan data dari “Indonesian E-commerce FMCG Report for Semester I 2024” yang baru saja dirilis oleh Compas.co.id, kategori Perawatan Wajah menjadi yang teratas dalam penjualan pasar FMCG dengan market share sebesar 36,8%, didorong oleh tren perawatan kulit dan meningkatnya kesadaran akan kesehatan kulit. Sementara itu, kategori Perawatan Badan meraih 14,6% market share. Kategori Beauty Package mencapai 7,8%, Kosmetik 7,7%, dan Parfum 7,6%, dengan selisih yang sangat tipis antar kategori. Adapun kategori lainnya mencatatkan 25,6% market share.

Secara keseluruhan, penjualan sektor Perawatan Kecantikan mencapai 26 Triliun Rupiah, mencakup keseluruhan kategori tersebut. Produk seperti Pelembap Wajah, Serum Wajah, dan Sunscreen kini semakin diminati!

Bagi teman-teman brand FMCG yang ingin mendapatkan informasi selengkapnya, bisa mendownload full report kami secara gratis sepanjang September 2024. Dapatkan insight penting dari Semester I 2024 dan kembangkan bisnis e-commerce Anda bersama Compas.co.id, Enabling Success!

📥 Dapatkan laporan lengkapnya sekarang:
👉🏻 https://bit.ly/3MZq0cZ atau klik link di bio.",https://www.instagram.com/p/DAI184-Sm6X/
compas.co.id,"Berdasarkan data dari “Indonesian E-commerce FMCG Report for Semester I 2024” yang baru saja dirilis oleh Compas.co.id, Kategori Perawatan & Kecantikan memimpin penjualan pasar FMCG dengan meraih 54,4% market share. Kategori ini juga mengalami pertumbuhan yang konsisten sejak tahun lalu. Saat ini, kategori Food & Beverage berada di peringkat kedua dengan 21,8% market share, sementara kategori Health berada di peringkat ketiga dengan 14% market share. Kategori Mom & Baby menempati urutan keempat dengan 9,8% market share.

Jika dijumlahkan, total nilai penjualan sektor FMCG di e-commerce pada Semester I 2024 mencapai Rp47,8 triliun.

Bagi teman-teman brand FMCG yang ingin mendapatkan informasi selengkapnya, dapat mendownload full report kami sekarang secara gratis sepanjang September 2024. Dapatkan insight periode Semester I 2024, dan kembangkan bisnis e-commerce Anda bersama Compas.co.id, Enabling Success!

📥 Dapatkan laporan lengkapnya sekarang:
👉🏻https://bit.ly/3MZq0cZ atau klik link di bio.",https://www.instagram.com/p/DADyh2lSMXP/
compas.co.id,"Berdasarkan data dari “Indonesian E-commerce FMCG Report for Semester I 2024” yang baru saja dirilis oleh Compas.co.id, 2 dari 3 brand teratas di kategori Perawatan Kecantikan pada Semester I 2024 merupakan brand global. Brand global seperti Skintific (1st) dan The Originote (3rd) mengalami penurunan nilai penjualan, sedangkan brand lokal Wardah (2nd) justru mengalami kenaikan.

Skintific, sebagai brand global, memperoleh 3,6% market share, namun mengalami penurunan penjualan sebesar -9,6%. Sementara itu, The Originote, yang juga brand global, meraih 1,8% market share, namun penjualannya menurun sebesar -9,2%. Di sisi lain, brand lokal Wardah mendapatkan 2% market share dan mencatatkan kenaikan penjualan sebesar +10,5%.

Dari Top 3 Brand Perawatan Kecantikan, dua di antaranya adalah brand global yang sedang mengalami penurunan nilai penjualan, sedangkan satu lainnya adalah brand lokal yang mengalami peningkatan.

Bagi teman-teman brand FMCG yang ingin mendapatkan informasi selengkapnya, Anda bisa mengunduh full report kami secara gratis sepanjang September 2024. Dapatkan insight periode Semester I 2024 dan kembangkan bisnis e-commerce Anda bersama Compas.co.id.

📥 Dapatkan laporan lengkapnya sekarang:
👉🏻https://bit.ly/3MZq0cZ atau klik link di bio.",https://www.instagram.com/p/DAQ_U31yAlM/
compas.co.id,"Berdasarkan data terbaru dari Report Compas.co.id, “Indonesian E-commerce FMCG Report for Semester I 2024”, gerakan #AllEyesOnRafah telah mengubah tren penjualan di kategori moisturizer, dengan brand lokal seperti Wardah dan Emina menunjukkan pertumbuhan pesat, sementara brand global justru mengalami penurunan signifikan.

Analisis lengkap pergerakan pasar ini hanya bisa Anda temukan di laporan terbaru kami. Memahami tren pasar yang digerakkan oleh sentimen sosial dapat menjadi kunci dalam menyusun strategi bisnis yang lebih tepat sasaran.

Jangan lewatkan insight mendalam ini untuk mempersiapkan strategi yang membantu Anda tetap unggul di kompetisi! 📊

Apakah brand Anda sudah siap untuk bersaing di tengah perubahan ini? Gunakan insight berbasis data untuk membuat strategi yang lebih cerdas dan tepat sasaran! 💡

Download full report kami sekarang secara gratis untuk waktu terbatas dan dapatkan semua insight penting untuk memajukan bisnis FMCG Anda di e-commerce.

📥 Dapatkan laporan lengkapnya sekarang:
👉 https://bit.ly/3MZq0cZ atau klik link di bio.",https://www.instagram.com/p/C_21mtaydj1/
compas.co.id,"Berdasarkan data dari  Indonesian E-commerce FMCG Report for Semester I 2024 yang baru saja dirilis Compas.co.id, Setelah aktif kembali pada akhir 2023, TikTok shop jadi Marketplace dengan nilai penjualan terbesar ke-2. Menurut analisis Compas.co.id, pertumbuhan TikTok Shop didorong oleh fitur pengalaman belanja interaktif dan penawaran eksklusif melalui Live Streaming yang diminati baik penjual maupun konsumen.

Pada semester I 2024, Shopee masih konsisten menjadi marketplace dengan nilai penjualan tertinggi di sektor FMCG. Nilai penjualannya mencapai Rp30,2 triliun, dan di peringkat ketiga ditempati oleh Tokopedia yang berhasil mendapatkan penjualan mencapai Rp5,2 triliun, sementara Lazada menempati urutan keempat dengan dengan nilai penjualan sebesar Rp3,1 triliun dan Blibli Rp400 miliar. Jika dijumlahkan, total nilai penjualan sektor FMCG di e-commerce pada semester I 2024 mencapai Rp47,8 triliun.

Bagi teman-teman brand FMCG yang ingin mendapatkan informasi selengkapnya, dapat mendownload full report kami sekarang secara gratis sepanjang September 2024.

Dapatkan insight periode semester I 2024, dan kembangkan bisnis e-commerce anda bersama Compas.co.id, Enabling Success!

📥 Dapatkan laporan lengkapnya sekarang:
👉 https://bit.ly/3MZq0cZ atau klik link di bio.",https://www.instagram.com/p/DABH5I2SgnN/
compas.co.id,"Berdasarkan Report Terbaru Compas.co.id, pada Semester 1 tahun 2024, tren penjualan di sektor perawatan dan kecantikan brand lokal dan global berubah drastis. 
Gerakan boikot yang dilakukan masyarakat Indonesia, terutama dengan tagar #AllEyesOnRafah, berhasil menggeser dominasi brand global di paruh kedua 2023. 🔄

Setelah sebelumnya brand global sempat unggul di pasar e-commerce Indonesia pada periode semester 1 2023, kini brand lokal kembali dengan eksistensi yang lebih kuat! 📊

Data dalam Indonesian E-commerce FMCG Report Semester 1 tahun 2024, menunjukkan bahwa penjualan brand lokal naik signifikan pada paruh pertama 2024, hal ini memperlihatkan tren yang menjanjikan untuk para brand dan produk-produk dalam negeri. 🇮🇩

Apakah brand Anda sudah siap untuk bersaing di tengah perubahan ini? Gunakan insight berbasis data untuk membuat strategi yang lebih cerdas dan tepat sasaran!💡

Download full report kami sekarang secara gratis untuk waktu terbatas dan dapatkan semua insight penting untuk memajukan bisnis FMCG Anda di e-commerce.

📥 Dapatkan laporan lengkapnya sekarang
👉 https://bit.ly/3MZq0cZ atau klik link di bio",https://www.instagram.com/p/C_0PpsOSj5O/
compas.co.id,"Berdasarkan nilai penjualan di platform, seperti Shopee dan TikTok Shop, brand Purela berhasil unggul dalam kategori Baby Soothing Cream dengan market share 17% dibandingkan kompetitor lainnya, seperti Moell (14%), Expert Care (13%), dan brand-brand lain yang meraih market share di bawah 10% yang terdiri dari Gently, Buds Organic, Hiboo, Mustela, Purebb, Nubiko, dan Bambi.

Salah satu hal yang menyebabkan produk Baby Soothing Crèam dari Purela mencapai market share tertinggi, yakni produk tersebut diformulasikan untuk mengatasi permasalahan kulit anak, mencerahkan, dan menjaga skin barrier karena produk tersebut mengandung Avocado, Sunflower, Prunus, dan Ceramide. Selain itu, produk tersebut aman digunakan untuk seluruh anggota tubuh dan dipakai mulai dari newborn hingga anak-anak.

Ingin brand kamu memimpin di posisi satu seperti Purela? Temukan peluang besar di pasar FMCG melalui Indonesian E-commerce FMCG Report for Semester I 2024 yang dapat didownload secara gratis sepanjang September 2024.

Segara download dan dapatkan insight periode semester I 2024 untuk kembangkan bisnis e-commerce anda bersama http://Compas.co.id, Enabling Success!

📥 Dapatkan laporan lengkapnya sekarang:
👉 https://bit.ly/3MZq0cZ atau klik link di bio.

#Purela #SoothingBabyCreme #BabyCream #CompasMarketInsight #FMCGIndonesia #MarketLeader #DataDriven #Ecommerce  #BrandStrategy #MarketingExcellence #BabySoothingCream",https://www.instagram.com/p/DAF8sfzyaoV/
compas.co.id,"IShowSpeed Sebut Brand Mie Instan Lokal Saat Livestreaming di Indonesia!
Youtuber terkenal IShowSpeed baru-baru ini menyebut brand mie instan lokal saat livestreaming di Indonesia. Tak hanya sekadar menyebut, kehadirannya juga membawa dampak positif bagi penjualan brand tersebut di platform e-commerce tanah air.

Berdasarkan data monitoring dari Compas.co.id, brand mie instan lokal, Indomie, mengalami peningkatan penjualan yang signifikan!

📉 Fakta Menarik: Meskipun penjualan Indomie sempat turun 10% di Agustus 2024 dibanding Januari 2024, setelah kehadiran IShowSpeed, Indomie berhasil bangkit!

📈 Pasca Kedatangan IShowSpeed:
• Penjualan Indomie meningkat hingga 31%!
• Market share Indomie mencapai 45,1%, jauh melampaui pesaingnya, Sedaap, yang hanya memiliki 19,8% market share.

Momentum ini hadir tepat sebelum momen besar belanja Harbolnas 2024. Apakah Indomie bisa mempertahankan dominasinya dan semakin memimpin pasar?

Selain tren mie instan, kira-kira apa lagi ya dampak dari kunjungan IShowSpeed di Indonesia? Pantau terus postingan kami dan aktifkan notifikasi agar tetap update dengan informasi terbaru dari kami! 📊✨a",https://www.instagram.com/p/DAV3DiDS0-A/
compas.co.id,"Berdasarkan data dari Compas FMCG Report untuk Semester 1 2024, terjadi pergeseran peringkat dalam kategori perawatan kecantikan dari tahun 2022 hingga Semester 1 2024. Di tengah gerakan boikot, brand lokal seperti Wardah dan Somethinc semakin menguat, sementara brand global mengalami penurunan. Strategi yang tepat perlu disiapkan berdasarkan data pasar terbaru ini!

Ingin mengetahui lebih dalam tentang insight dan tren yang terjadi selama Semester 1 tahun 2024? Download report kami secara gratis dan temukan insight yang dapat membantu Anda mengembangkan bisnis dengan lebih tepat!

👉 Klik link di bio untuk mengunduh laporan lengkap! https://bit.ly/3TptHMp

#FMCG #BrandLokal #BrandGlobal #DataDriven #MarketInsight #CompasData",https://www.instagram.com/p/C_xqX1yyjTP/
compas.co.id,"🚀 Siap Menghadapi Harbolnas 2024?
Dapatkan insight terbaru dari Compas Market Insight dalam laporan “Road to Harbolnas 2024”!
 Temukan bagaimana tren penjualan di industri e-commerce semakin menguat menjelang Harbolnas, dengan peningkatan jumlah produk terjual hingga 13.9% dan nilai penjualan yang naik 25.2% dibandingkan tahun sebelumnya.

📊 Kategori Kecantikan & Perawatan juga diprediksi mengalami kenaikan nilai penjualan hingga 23.4%!
💼 Jangan lewatkan kesempatan ini untuk memperkuat strategi bisnismu menjelang puncak penjualan akhir tahun!

Download laporan lengkapnya sekarang!
🔗 Klik di sini: https://bit.ly/3XNh2oa
Link di Bio ⬆️
#Harbolnas2024 #EcommerceTrends #MarketInsight #CompasReport #Harbolnas",https://www.instagram.com/p/DAYLBHQSCZD/
compas.co.id,"🚀 Siap Menghadapi Harbolnas 2024?
Dapatkan insight terbaru dari Compas Market Insight dalam laporan “Road to Harbolnas 2024”!
 Temukan bagaimana tren penjualan di industri e-commerce semakin menguat menjelang Harbolnas, dengan peningkatan jumlah produk terjual hingga 13.9% dan nilai penjualan yang naik 25.2% dibandingkan tahun sebelumnya.

📊 Kategori Kecantikan & Perawatan juga diprediksi mengalami kenaikan nilai penjualan hingga 23.4%!
💼 Jangan lewatkan kesempatan ini untuk memperkuat strategi bisnismu menjelang puncak penjualan akhir tahun!

Download laporan lengkapnya sekarang!
🔗 Klik di sini: https://bit.ly/3XNh2oa
Link di Bio ⬆️
#Harbolnas2024 #EcommerceTrends #MarketInsight #CompasReport #Harbolnas",https://www.instagram.com/p/DAYLHlGyx8l/
compas.co.id,"TikTok Shop berhasil mengejar posisi kedua dengan 44,3% market share, namun Shopee tetap memimpin sebagai platform pertama dengan 55% market share untuk pembelian lipstick harga Rp50 ribuan selama periode Double Date 8.8 Tahun 2024. 

Wardah memimpin kategori ini dengan market share 33,5%, jauh melampaui kompetitornya. Produk Wardah Matte Lip Cream menjadi produk terlaris, terjual 7,8 ribu produk dan meraih penjualan hingga 476 juta rupiah! 

Ingin tahu lebih banyak insight menarik dari periode Double Date 8.8 tahun 2024? Nantikan di postingan kami selanjutnya! 🔔

Jangan lupa follow social media Compas.co.id agar tetap update dengan informasi terbaru dari kami! 🔔

Jika kamu ingin memahami tren terbaru di FMCG, hubungi kami melalui DM atau komen postingan ini. Tim ahli kami akan siap memberikan demo dashboard secara gratis.

Kami juga telah membuka pre-order untuk Compas Market Insight Semester 1 FMCG E-commerce Report 2024 yang akan membahas perkembangan komprehensif dari industri FMCG di Indonesia. 🚀",https://www.instagram.com/p/C_shwnjSQxb/
compas.co.id,"Periode Double Date 8.8 tahun 2024 menunjukan kategori Sabun Mandi alami penurunan jumlah produk terjual tertinggi, -47,84% dibandingkan periode yang sama pada tahun sebelumnya.

Shopee memimpin penjualan kategori Sabun Mandi dengan 79,9% market share selama periode Double Date 8.8 tahun 2024. Sementara itu, Tokopedia hanya berhasil mendapatkan 18,8% market share, dan Blibli dengan 1,3% market share.

Di periode Double Date 8.8 tahun 2024, GIV menjadi brand terlaris untuk kategori Sabun Mandi dengan market share sebesar 8,4%. Tidak jauh di belakang, Pyary mengikuti di posisi kedua dengan 7,5% market share. Nuvo juga tak ketinggalan dengan 7,4% market share, disusul oleh Harmony dengan 5,5%, Lifebuoy 4,9%, Dettol 4,4%, Kojie San 4,2%, serta Shinzui, Biore, dan Dove dengan market share di bawah 3%.

Produk GIV White Hijab Sabun Mandi Batang ukuran 72gr dari Wings Official Shop berhasil menjadi produk terlaris selama periode Double Date 8.8 tahun 2024. Produk ini Terjual sebanyak 8 ribu produk dengan harga rata rata Rp3 ribu, menghasilkan nilai penjualan sebesar Rp23 juta.

Ingin tahu insight menarik lainnya dari Periode Double Date 8.8 Tahun 2024? Nantikan postingan kami selanjutnya!

Jangan lupa follow Instagram Compas.co.id dan aktifkan notifikasi agar tetap update dengan informasi terbaru dari kami! 🔔

Bagi kamu yang ingin memahami tren terbaru di FMCG, bisa menghubungi kami melalui DM atau melalui link di bio. Tim ahli kami siap memberikan demo dashboard secara gratis.

Kami juga telah membuka pre-order untuk Compas Market Insight Semester 1 FMCG E-commerce Report 2024, yang berisi pembahasan komprehensif mengenai perkembangan FMCG di Semester 1 tahun 2024.",https://www.instagram.com/p/C_QOv2eyVxR/
compas.co.id,"Shopee menjadi platform e-commerce favorit dengan 76,8% market share untuk kategori pelembab wajah dengan harga di bawah Rp50.000 selama periode Double Date 8.8 tahun 2024. TikTok Shop menyusul dengan 17,7% market share, sementara Tokopedia dan Blibli memperoleh 4,7% dan 0,8%. 🛒💥

The Originote berhasil memimpin pasar dengan 18% market share, diikuti oleh Glad2Glow (16,1%) dan Viva Cosmetics (10,3%). Produk andalannya, Hyalucera Moisturizer Gel, terjual sebanyak 12 ribu produk, menghasilkan nilai penjualan hingga Rp447 juta! 💧💸

Ingin tahu lebih banyak insight menarik dari periode Double Date 8.8 tahun 2024? Nantikan di postingan kami selanjutnya! 🔔

Jangan lupa follow Instagram Compas.co.id dan aktifkan notifikasi agar tetap update dengan informasi terbaru dari kami! 📊✨

Jika kamu ingin memahami tren terbaru di FMCG, hubungi kami melalui DM atau cek link di bio untuk demo gratis dari dashboard Compas Market Insight!

Kami juga telah membuka pre-order untuk Compas Market Insight Semester 1 FMCG E-commerce Report 2024 yang akan membahas perkembangan komprehensif dari industri FMCG di Indonesia. 🚀",https://www.instagram.com/p/C_iZfnzS2rG/
compas.co.id,"Selama periode Double Date 8.8 Tahun 2024, data dari Compas.co.id menunjukkan penurunan jumlah produk terjual di kategori Body Lotion Body Butter sebesar 36%.

Shopee berhasil meraih market share sebesar 92,8% di kategori Body Lotion Body Butter, meninggalkan jauh Tokopedia yang hanya memperoleh market share 6,7% dan Blibli 0,5%.

Brand terlaris di kategori Body Lotion Body Butter dipimpin oleh Marina dengan market share sebesar 15%. Vaseline menjadi kompetitor terdekat dengan market share 11,4%, diikuti oleh Nivea di posisi ketiga dengan 7,4% market share. Emeron dan Scarlett juga menunjukkan performa yang cukup baik dengan market share masing-masing 5,5% dan 4,9%. Brand-brand lain, seperti Citra (4,4%), Perfect White (4,2%), dan Herborist (2,9%) turut masuk dalam jajaran Top 10 Brand Kategori Produk Body Lotion Body Butter Terlaris.

Hand & Body Lotion Marina dari TNT Beauty Shop menjadi produk terlaris selama Double Date 8.8 tahun 2024. Dengan harga rata-rata Rp18.000, produk ini terjual sebanyak 12.000 pcs dan menghasilkan penjualan sebesar Rp207 juta.

Ingin tahu insight menarik lainnya di Periode Double Date 8.8 2024? Nantikan di postingan kami selanjutnya!

Jangan lupa follow Instagram Compas.co.id dan aktifkan notifikasi agar tetap update dengan informasi terbaru dari kami! 🔔

Bagi kamu yang ingin memahami tren terbaru di FMCG, bisa menghubungi kami melalui DM atau melalui link di bio. Tim ahli kami siap memberikan demo dashboard secara gratis.

Kami juga telah membuka pre-order untuk Compas Market Insight Semester 1 FMCG E-commerce Report 2024, yang berisi pembahasan komprehensif mengenai perkembangan FMCG di Semester 1 tahun 2024.",https://www.instagram.com/p/C_SxWHfSdz8/
compas.co.id,"Shopee berhasil menjadi platform e-commerce terfavorit untuk pembelian Serum di bawah Rp100.000 dengan meraih 70,5% market share. TikTok Shop menyusul dengan memperoleh 23,8% market share. Sementara itu, Tokopedia dan Blibli masing-masing meraih 5,2% dan 0,5%.

Selama periode Double Date 8.8 tahun 2024, The Originote menjadi brand terlaris dengan meraih 20,5% market share di kategori serum wajah dengan harga di bawah Rp100.000. Hanasui menyusul dengan perolehan 5,5% market share. Brand-brand seperti Wardah dan Whitelab turut berkontribusi dengan market share masing-masing sebesar 4,9% dan 4,8%.

Produk The Originote B5 Peeling Solution menjadi produk terlaris di e-commerce selama periode Double Date 8.8 tahun 2024. Dengan harga Rp35 ribu, produk ini berhasil terjual sebanyak 10 ribu unit dan menghasilkan nilai penjualan sebesar Rp366 juta.

Ingin tahu insight menarik lainnya dari Periode Double Date 8.8 2024? Nantikan di postingan kami selanjutnya!

Jangan lupa follow Instagram Compas.co.id dan aktifkan notifikasi agar tetap update dengan informasi terbaru dari kami! 🔔

Bagi kamu yang ingin memahami tren terbaru di FMCG, bisa menghubungi kami melalui DM atau melalui link di bio. Tim ahli kami akan memberikan demo dashboard secara gratis.

Kami juga telah membuka pre-order untuk Compas Market Insight Semester 1 FMCG E-commerce Report 2024, yang berisi pembahasan komprehensif mengenai perkembangan FMCG di Semester 1 tahun 2024.",https://www.instagram.com/p/C_f0Z20y8pI/
compas.co.id,"Kategori Lipstik tetap mempesona di Double Date 8.8 Tahun 2024. Berdasarkan analisis Compas.co.id, kategori Lipstik hanya mengalami penurunan 4,65% dibandingkan tahun lalu. Sebaliknya, Kategori lain seperti Parfum & Wewangian, Sabun Mandi, dan Body Lotion Body Butter masuk dalam jajaran kategori dengan penurunan yang cukup signifikan.

Selama periode Double Date 8.8 Tahun 2024, Shopee masih menjadi platform terfavorit kategori Lipstik dengan meraih market share hingga 99,1%, sedangkan, Tokopedia dan Blibli hanya memperoleh market share di bawah 1%.

Dengan perolehan market share sebesar 17,6%, Hanasui menjadi brand terlaris di kategori Lipstik. Implora berhasil mengamankan 11,8% market share, diikuti oleh Oh My Glam & Maybelline dengan market share masing-masing 10,7% dan 10,5%.

Brand Wardah, Pinkflash, DNM, Make Over, Madame Gie, dan Lameila adalah brand yang memperoleh market share di bawah 10%.

Selama periode Double Date 8.8 Tahun 2024, Produk Lipstik Maybelline Super Stay Matte Ink berhasil menjadi produk terlaris dengan penjualan sebanyak 35 ribu produk dan harga rata-rata Rp52.000, menghasilkan nilai penjualan sebesar Rp3,2 miliar.

Ingin tahu insight menarik lainnya di Periode Double Date 8.8 2024? Nantikan postingan kami selanjutnya!

Jangan lupa follow Instagram Compas.co.id dan aktifkan notifikasi agar tetap update dengan informasi terbaru dari kami! 🔔

Bagi kamu yang ingin memahami tren terbaru di FMCG, bisa menghubungi kami melalui DM atau melalui link di bio. Tim ahli kami akan memberikan demo dashboard secara gratis.

Kami juga telah membuka pre-order untuk Compas Market Insight Semester 1 FMCG E-commerce Report 2024, yang berisi pembahasan komprehensif mengenai perkembangan FMCG di Semester 1 tahun 2024.",https://www.instagram.com/p/C_NnrhSyqFD/
compas.co.id,"Dapatkan insight terbaru dari laporan Indonesian FMCG E-commerce Semester 1 2024 📊

FMCG sales di marketplace Indonesia telah mencapai IDR 47,8 Triliun di semester pertama 2024. Tak hanya itu, Shopee mendominasi pangsa pasar dengan lebih dari setengah total transaksi FMCG, disusul oleh TikTok, Tokopedia, dan Lazada.

🔍 Data lengkapnya mencakup:
Marketplace terlaris pilihan konsumen: TikTok Shop menempati posisi kedua dalam market share di marketplace FMCG.

Dampak kampanye All Eyes on Rafah & gerakan boikot terhadap brand-brand terafiliasi Israel di e-commerce.
Aksi boikot turut mempengaruhi peta persaingan brand global dan lokal di sektor FMCG.

Tren terkini menguntungkan brand lokal atau global?
Ingin tahu lebih banyak? Download full report sekarang! 📥

👉 Klik link di bio untuk unduh laporan lengkap!
#FMCG2024 #EcommerceInsights #DataDriven #MarketReport #CompasDashboard",https://www.instagram.com/p/C_u74taSI-F/
compas.co.id,"Dapatkan insight terbaru dari laporan Indonesian FMCG E-commerce Semester 1 2024 📊

FMCG sales di marketplace Indonesia telah mencapai IDR 47,8 Triliun di semester pertama 2024. Tak hanya itu, Shopee mendominasi pangsa pasar dengan lebih dari setengah total transaksi FMCG, disusul oleh TikTok, Tokopedia, dan Lazada.

🔍 Data lengkapnya mencakup:
Marketplace terlaris pilihan konsumen: TikTok Shop menempati posisi kedua dalam market share di marketplace FMCG.

Dampak kampanye All Eyes on Rafah & gerakan boikot terhadap brand-brand terafiliasi Israel di e-commerce.
Aksi boikot turut mempengaruhi peta persaingan brand global dan lokal di sektor FMCG.

Tren terkini menguntungkan brand lokal atau global?
Ingin tahu lebih banyak? Download full report sekarang! 📥

👉 Klik link di bio untuk unduh laporan lengkap!
#FMCG2024 #EcommerceInsights #DataDriven #MarketReport #CompasDashboard",https://www.instagram.com/p/C_u79zdyAPx/
compas.co.id,"Shopee berhasil menjadi platform e-commerce terfavorit untuk pembelian Paket Kecantikan di bawah Rp150.000 dengan meraih 84% market share. TikTok Shop menyusul dengan memperoleh 15,3% market share. Sementara itu, Tokopedia dan Blibli masing-masing meraih 2,2% dan 0,1%.

Selama periode Double Date 8.8 tahun 2024, Glad2Glow menjadi brand terlaris dengan meraih 10,1% market share di kategori Paket Kecantikan dengan harga di bawah Rp150.000. The Originote menyusul dengan perolehan 8,2% market share. Brand - brand seperti Animate dan Lumiwhite turut berkontribusi dengan market share masing-masing sebesar 5,6% dan 4,9%.

Produk bundling Moisturizer + Serum dari Glad2Glow menjadi produk terlaris di e-commerce selama periode Double Date 8.8 tahun 2024. Dengan harga Rp68 ribu, produk ini berhasil terjual sebanyak 5 ribu produk dan menghasilkan nilai penjualan sebesar Rp337 juta.

Ingin tahu insight menarik lainnya dari Periode Double Date 8.8 2024? Nantikan di postingan kami selanjutnya!

Jangan lupa follow Instagram Compas.co.id dan aktifkan notifikasi agar tetap update dengan informasi terbaru dari kami! 🔔

Bagi kamu yang ingin memahami tren terbaru di FMCG, bisa menghubungi kami melalui DM atau melalui link di bio. Tim ahli kami akan memberikan demo dashboard secara gratis.

Kami juga telah membuka pre-order untuk Compas Market Insight Semester 1 FMCG E-commerce Report 2024, yang berisi pembahasan komprehensif mengenai perkembangan FMCG di Semester 1 tahun 2024.",https://www.instagram.com/p/C_ahb0SyAcN/
compas.co.id,"Selama periode double date 8.8 tahun 2024, Shopee menjadi pilihan konsumen di kategori parfum dan wewangian dengan harga di atas 100 ribu rupiah, mencatatkan market share sebesar 70,5%. Sementara itu, TikTok Shop hanya menguasai 23,8% market share.

Lonkoom menjadi brand terlaris di kategori ini, memimpin dengan 15,1% market share, diikuti oleh Saff & Co dengan 12,3%, serta Mykonos dengan 11,9%. Produk Lonkoom Black Oud/Rose Oud 100ml Aroma Wood menjadi best-seller dengan lebih dari 5 ribu produk terjual, menghasilkan nilai penjualan sebesar 676 juta rupiah!

Ingin tahu lebih banyak insight menarik dari periode Double Date 8.8 tahun 2024? Nantikan di postingan kami selanjutnya! :bell:

Jangan lupa follow social media Compas.co.id agar tetap update dengan informasi terbaru dari kami! :bell:

Jika kamu ingin memahami tren terbaru di FMCG, hubungi kami melalui DM atau komen postingan ini. Tim ahli kami akan siap memberikan demo dashboard secara gratis.

Kami juga telah membuka pre-order untuk Compas Market Insight Semester 1 FMCG E-commerce Report 2024 yang akan membahas perkembangan komprehensif dari industri FMCG di Indonesia. :rocket:",https://www.instagram.com/p/C_k4u0HSJjE/
compas.co.id,"Coba Air Mineral di Indonesia? Youtuber Terkenal IShowSpeed Ikut Mencicipi Segarnya!
Simak tren air mineral di e-commerce Tanah Air berdasarkan hasil monitoring dari Compas.co.id di platform e-commerce terbesar di Indonesia. Penasaran brand mana yang jadi favorit? Yuk, intip datanya sekarang! 📊👇

Selama livestreaming di Indonesia, IShowSpeed mengonsumsi dua brand air mineral lokal, yaitu Aqua dan Le Minerale! Sebelum kehadirannya, Cleo menjadi produk air mineral yang paling diminati di e-commerce. Nilai penjualan Aqua cenderung fluktuatif, sementara Le Minerale stabil. Namun, kehadiran IShowSpeed ternyata memberikan pengaruh yang signifikan terhadap peta persaingan di e-commerce. Aqua mencatatkan penurunan penjualan sebesar -8% dibandingkan minggu sebelumnya, sementara Le Minerale melesat dengan peningkatan hingga +9%.

Le Minerale berhasil meraih momentum positif sebelum Harbolnas. Apakah Le Minerale mampu melanjutkan tren positifnya dan semakin mendominasi pasar? Jangan lewatkan update selengkapnya menjelang momen belanja terbesar di Indonesia!

Selain air mineral, kira-kira insight apalagi yang menarik dari tour IShowSpeed di Indonesia? Yuk, simak dan nantikan data lengkapnya di postingan selanjutnya!",https://www.instagram.com/p/DATQOSAyDZV/
compas.co.id,"Hasil analisis Compas.co.id memperlihatkan pertumbuhan signifikan di kategori Sunscreen Aftersun, yang mencatatkan kenaikan sebesar 55% selama periode Kemerdekaan tahun ini. Jumlah produk terjual dari kategori tersebut mencapai 1,4 juta produk di e-commerce. Produk-produk lain yang juga mengalami peningkatan adalah Pelembab Wajah, Lipstik, Pembersih Wajah, dan Paket Kecantikan.

Shopee memimpin penjualan di antara 3 platform dengan 97,8% dari total produk terjual di kategori Sunscreen Aftersun, sementara Tokopedia hanya menyumbang 2,1% dan Blibli 0,1%.

Azarine berhasil menjadi brand lokal terlaris di kategori Sunscreen Aftersun dengan market share terbesar, yaitu 14,7%. Diikuti oleh Facetology dengan 8,8%, dan Wardah dengan 8,6%. Brand lainnya yang menempati posisi berikutnya adalah Madame Gie, Emina, Implora, Hanasui, OMG, Y.O.U, dan Somethinc.

Produk Sunscreen Facetology 40ml menjadi jawara. Dengan harga rata-rata Rp75.000, produk ini berhasil menjadi yang terlaris dengan total penjualan sebanyak 16 ribu produk, dan meraih nilai penjualan hingga Rp1,2 miliar.

Jangan lupa follow Instagram Compas.co.id dan aktifkan notifikasi agar tetap update dengan informasi terbaru dari kami! 🔔

Bagi kamu yang ingin memahami tren terbaru di FMCG, bisa menghubungi kami melalui DM atau link di bio. Tim ahli kami siap memberikan demo dashboard secara gratis.

Kami juga telah membuka pre-order untuk Compas Market Insight Semester 1 FMCG E-commerce Report 2024, yang berisi pembahasan komprehensif mengenai perkembangan FMCG di Semester 1 tahun 2024.

#DataInsight #FMCGTrends #Sunscreen #MarketAnalysis",https://www.instagram.com/p/C_AvsS2yf6L/
compas.co.id,"Berdasarkan data Compas.co.id, Shopee menjadi memimpin dalam penjualan FMCG di periode Double Date 8.8 2024 dengan market share 86,3%. Tokopedia dan Blibli hanya meraih 12,8% dan 0,9% market share pada periode ini.

Kategori Beauty & Care alami penurunan jumlah produk terjual sebesar 16% jika dibandingkan dengan periode 8.8 tahun lalu, namun kategori tersebut tetap menjadi kategori terlaris sepanjang periode Double Date 8.8 tahun ini.

Ingin tahu insight menarik lainnya di Periode Double Date 8.8 2024? Nantikan di postingan kami selanjutnya!

Jangan lupa follow Instagram Compas.co.id dan aktifkan notifikasi agar tetap update dengan informasi terbaru dari kami! 🔔

Bagi kamu yang ingin memahami tren terbaru di FMCG, bisa menghubungi kami melalui DM atau melalui link di bio. Tim ahli kami akan memberikan demo dashboard secara gratis.

Kami juga telah membuka pre-order untuk Compas Market Insight Semester 1 FMCG E-commerce Report 2024, yang berisi pembahasan komprehensif mengenai perkembangan FMCG di Semester 1 tahun 2024",https://www.instagram.com/p/C_IeJbqyBhi/
compas.co.id,"Kategori Parfum & Wewangian Tetap Wangi di Perayaan Kemerdekaan!✨

Berdasarkan data Compas.co.id, kategori Parfum & Wewangian berada di peringkat kedua sebagai kategori terlaris dalam Perawatan Kecantikan dengan mencatat penjualan hingga 1,5 juta produk selama periode perayaan kemerdekaan 2024, meskipun sempat alami penurunan jumlah produk terjual hingga 23% jika dibandingkan periode 2023.

Selama periode 10-17 Agustus 2024, 95% dari jumlah produk terjual di kategori Parfum & Wewangian berasal dari marketplace Shopee. Sementara itu, Tokopedia hanya menyumbangkan 4,9% dan Blibli 0,1%.

Brand Fres & Natural berhasil meraih posisi nomor 1 di kategori Parfum & Wewangian dengan market share sebesar 6,4%. Fres & Natural mengungguli berbagai brand lokal lainnya, seperti Evangeline dengan 3,6% dan Octarine dengan 3,3%. Brand Morris dan Scarlett juga menempati posisi atas, masing-masing dengan 2,8% dan 2,7% market share. Sisanya ditempati oleh Mykonos, Geampore, SaffnCo, Camellia, dan Brasov.

Memenangkan Top Product Listing Kategori Parfum & Wewangian, produk Parfum Scarlett EDP 30ml berhasil terjual sebanyak 10.000 pcs dengan nilai penjualan mencapai Rp639 juta rupiah selama jelang perayaan kemedekaan, dengan harga rata-rata yang dipasarkan sebesar Rp62.000.

Ingin tahu insight menarik lainnya di perayaan kemerdekaan tahun ini? Nantikan di postingan kami selanjutnya!

Jangan lupa follow Instagram Compas.co.id dan aktifkan notifikasi agar tetap update dengan informasi terbaru dari kami! 🔔

Bagi kamu yang ingin memahami tren terbaru di FMCG, bisa menghubungi kami melalui DM atau melalui link di bio. Tim ahli kami akan memberikan demo dashboard secara gratis.

Kami juga telah membuka pre-order untuk Compas Market Insight Semester 1 FMCG E-commerce Report 2024, yang berisi pembahasan komprehensif mengenai perkembangan FMCG di Semester 1 tahun 2024

#DataInsight #FMCGTrends #Parfum #MarketAnalysis",https://www.instagram.com/p/C--N4SXSXrQ/
compas.co.id,"Produk Kategori Masker Wajah Paling Banyak Dijual Berasal Dari Brand Global!👏🏼

4 Insight Menarik Terkait Kategori Produk Masker Wajah di Semester 1 Tahun 2024.

1. Shopee sebagai marketplace dengan market share 91,3% menduduki peringkat satu. TikTok Shop, Tokopedia, dan Blibli menduduki posisi selanjutnya dengan market share masing-masing sebesar 5%, 3,6%, dan 0,1%.
2. Dari Top 50 Brand yang ada di kategori Masker Wajah, Produk Masker Wajah dari Brand Global lebih laris di e-commerce dari pada Brand Lokal. Dari data Compas.co.id di kategori Masker Wajah, 29 Brand berasal dari Brand Global dan Lokal Hanya Menyumbang 21 Brand. Jika dilihat dari jumlah produk terjual, Brand Global meraih total 10,3 juta produk terjual sedangkan Brand Lokal hanya meraih total 4,9 juta produk terjual
3. Produk Masker Wajah jenis Acne Treatment menjadi produk paling laris di e-commerce, telah terjual sebanyak 6 juta produk selama periode semester satu 2024. Masker Wajah dengan manfaat mencerahkan menempati posisi 2 dengan mencatatkan 3 juta produk telah terjual.
4. Meraih market share tertinggi di angka 17,9%, brand Bioaqua memimpin dalam Top 10 Brand Kategori Masker Wajah. Brand lain yang menyusul adalah The Originote 5,9%; Sadoer dan Skintific masing-masing 5,6%; Glad2Glow 2,7%; Rorec 2,2%; Lea Gloria 1,9%; Dorskin 1,7%; Hanasui 1,4% dan Oh My Skin! 1,2%.

Nantikan diskusi dan insight menarik di postingan berikutnya. Jangan lupa untuk follow Instagram Compas.co.id dan aktifkan notifikasi agar tetap update dengan informasi terbaru dari kami! 🔔

Bagi kamu yang ingin memahami tren terbaru di FMCG, bisa menghubungi kami melalui DM atau melalui link di bio. Tim ahli kami akan memberikan demo dashboard secara gratis.

Kami juga telah membuka pre-order untuk Compas Market Insight Semester 1 FMCG E-commerce Report 2024, yang berisi pembahasan komprehensif mengenai perkembangan FMCG di Semester 1 tahun 2024",https://www.instagram.com/p/C-uuNMwya7W/
compas.co.id,"Periode Jelang Perayaan kemerdekaan, Kategori Produk Pelembab Wajah Menjadi Terlaris di Perawatan Kecantikan!📈

Data dari Compas Market Insight Dashboard, kategori Pelembab Wajah berhasil mencatatkan penjualan sebanyak Rp1,7 juta produk dengan pertumbuhan sebesar 6% lebih tinggi dibandingkan dengan periode jelang kemerdekaan di tahun lalu.

E-commerce Shopee menjadi e-commerce yang meraih market share tertinggi hingga 98%, sehingga Shopee memimpin Penjualan kategori pelembab wajah selama periode perayaan kemerdekaan. Sedangkan, Tokopedia dan Blibli mengisi posisi selanjutnya dengan perolehan market share masing-masing di angka 1,8% dan 0,1%.

Persaingan di kategori Pelembab Wajah selama periode jelang kemerdekaan cukup sengit, namun Glad2Glow berhasil memimpin di posisi satu sebagai brand terlaris dengan market share sebesar 9,5%, meskipun Glad2Glow memimpin, masih banyak peluang bagi brand-brand lain yang turut masuk dalam jajaran Top 10 Brand kategori Pelembab Wajah, seperti Viva Cosmetics 7,2%; Skintific 5,5%; The Originote 5%; MS Glow 4%; Wardah 3,3%; Glowsophy 2,7%; Glow & Lovely 2,3%; Ponds 1,6% dan Score 1,5% untuk tumbuh menyusul Glad2Glow.

Produk Pelembab Wajah dengan manfaat mencerahkan ukuran 30mg dari Glad2Glow berhasil menjadi produk terlaris di Official Store dengan 21 ribu produk telah terjual di harga rata-rata Rp38.000, dengan demikian Glad2Glow membuktikan pada periode jelang perayaan kemerdekaan brand tersebut mampu meraih nilai penjualan hingga 797 juta rupiah.

Ingin tahu insight menarik lainnya di perayaan kemerdekaan tahun ini? Nantikan di postingan kami selanjutnya!

Jangan lupa follow Instagram Compas.co.id dan aktifkan notifikasi agar tetap update dengan informasi terbaru dari kami! 🔔

Bagi kamu yang ingin memahami tren terbaru di FMCG, bisa menghubungi kami melalui DM atau melalui link di bio. Tim ahli kami akan memberikan demo dashboard secara gratis.

Kami juga telah membuka pre-order untuk Compas Market Insight Semester 1 FMCG E-commerce Report 2024, yang berisi pembahasan komprehensif mengenai perkembangan FMCG di Semester 1 tahun 2024

#DataInsight #FMCGTrends #PerawatanKecantikan #MarketAnalysis",https://www.instagram.com/p/C-7mLAUSg0J/
compas.co.id,"Data terbaru dari Compas.co.id menunjukkan penjualan FMCG selama periode jelang perayaan kemerdekaan yaitu periode 10-17 Agustus 2024 dibandingkan dengan periode yang sama di tahun 2023.

💄 Kategori Perawatan Kecantikan masih memimpin! Terjual sebanyak 24 juta produk, meningkat sebanyak 10% dibanding periode yang sama di tahun 2023.

🍫 Makanan & Minuman juga ikut merasakan peningkatan, dengan penjualan mencapai 14 juta produk di momen kemerdekaan, , meningkat sebanyak 18% dibanding periode yang sama di tahun 2023.

💊 Produk Kesehatan dan 🤱🏻Ibu & Bayi tak ketinggalan, masing-masing mencatatkan kenaikan dengan 5 juta dan 3 juta produk terjual, , meningkat sebanyak 18% dan 41% dibanding periode yang sama di tahun 2023.

Kira-kira ada insight menarik apalagi yang terjadi di e-commerce menjelang Perayaan Kemerdekaan tahun ini? 🤔 Nantikan postingan kami selanjutnya!

Jangan lupa follow Instagram @Compas.co.id dan aktifkan notifikasi agar tetap update dengan informasi terbaru dari kami! 🔔

Bagi kamu yang ingin memahami tren terbaru di FMCG, bisa menghubungi kami melalui DM atau melalui link di bio. Tim ahli kami akan memberikan demo dashboard secara gratis.

Kami juga telah membuka pre-order untuk Compas Market Insight Semester 1 FMCG E-commerce Report 2024, yang berisi pembahasan komprehensif mengenai perkembangan FMCG di Semester 1 tahun 2024.

#DataInsight #FMCGTrends #PerawatanKecantikan #MarketAnalysis #datavisualization #marketshare #fmcg",https://www.instagram.com/p/C-2cnWiSQin/
compas.co.id,"Diberitakan pecah kongsi, bagaimana performa MS Glow sejauh ini?🤔

Berdasarkan hasil monitoring Compas.co.id, tren penjualan brand MS Glow terlihat mengalami penurunan dari tahun 2023 sampai 2024, meskipun sempat menunjukan adanya pertumbuhan di Q3 2023, namun pada Februari 2024 brand tersebut mengalami penurunan tajam.

Compas.co.id turut memantau data Top 5 Kategori Produk MS Glow. Hasilnya Kategori Produk MS Glow dengan penurunan tertinggi adalah Pembersih Wajah sebanyak 37%, diikuti oleh kategori Toner dengan penurunan 19%, dan kategori Paket Kecantikan menjadi kategori produk dengan penuruan paling rendah, yakni 9%.

Apakah tren penurunan dari data di atas menjadi salah satu alasan adanya perubahan dalam management MS Glow? Share pendapatmu di komen yuk!

Nantikan diskusi dan insight menarik mengenai MS Glow di postingan berikutnya. Jangan lupa untuk follow Instagram Compas.co.id dan aktifkan notifikasi agar tetap update dengan informasi terbaru dari kami! 🔔

Bagi kamu yang ingin memahami tren terbaru di FMCG, bisa menghubungi kami melalui DM atau melalui link di bio. Tim ahli kami akan memberikan demo dashboard secara gratis.

Kami juga telah membuka pre-order untuk Compas Market Insight Semester 1 FMCG E-commerce Report 2024, yang berisi pembahasan komprehensif mengenai perkembangan FMCG di Semester 1 tahun 2024.",https://www.instagram.com/p/C-m_vv5ycan/
compas.co.id,"Pimpin Pasar Pasta Gigi Anak, bagaimana performa brand @mamaschoiceid ?🤔

Berdasarkan monitoring dari data Compas Market Insight Dashboard, @mamaschoiceid meraih peringkat pertama dalam kategori produk Pasta Gigi Anak karena berhasil meraih market share hingga 31,8% pada periode Juli 2024. 📊

Produk Pasta Gigi Anak milik @mamaschoiceid menjadi salah satu pilihan paling aman untuk menjaga kesehatan gusi dan gigi bayi karena menggunakan hydroxyapatite, sehingga aman jika tertelan oleh bayi usia <1 tahun. Adapun bahan yang terkandung di dalamnya adalah xylitol dan calendula. Mama’s Choice pun termasuk brand yang melakukan pemasaran dengan sangat aktif di Instagram dan pernah bekerja sama dengan influencer besar, seperti Nanda Arsyinta, Annisa Aziza, dan Sabrina Anggraini.

Berikut ini brand lain yang masuk dalam jajaran top 10 Pasta Gigi Anak, yakni Jordan 19,5%, Buds 18,5%, Kodomo 11,5%, Momami 3,5%, Jack n Jill 2,7%, Pigeon 2,1%, My Baby 2%, Pure Kids 1,9%, dan Aquila 1,4%.

Dapatkan wawasan pasar yang mendalam dan strategi yang terbukti efektif dengan Compas Market Insight Dashboard.

Dapatkan free demo e-commerce market data khusus untuk brand Anda dengan menghubungi kami sekarang melalui DM atau komen postingan di bawah ini sekarang juga dan tim expert kami akan memberikan demo dashboard!!

Kami juga sudah membuka pre-order Compas Market Insight Semester 1 FMCG E-commerce Report 2024 dengan isi yang komprehensif membahas perkembangan FMCG di Semester 1 tahun 2024.

#CompasMarketInsight #FMCGIndonesia #MarketLeader #DataDriven #Ecommerce #FaceCream #BrandStrategy #MarketingExcellence",https://www.instagram.com/p/C-4znsQSZvE/
compas.co.id,"Performa Brand Lokal vs Global dalam Kategori Foundation di Q1 2024!🙌🏼

Menurut data dari Compas Market Insight Dashboard, e-commerce Shopee menjadi e-commerce yang meraih market share tertinggi pada penjualan kategori Foundation, yakni meraih 91,7% market share. Tokopedia menyusul di nomor dua dengan mencatatkan angka market share 4,4%. Sedangkan, TikTok Shop berada di nomor terakhir dengan market share lebh kecil, yaitu hanya 3,9%.

Data Top 50 Brand Kategori Foundation, memperlihatkan performa Brand Lokal yang lebih unggul dengan berhasil menjual total 1,8 juta produk kategori Foundation, sedangkan Brand Global hanya berhasil meraih total 1,4 juta produk terjual, walaupun memiliki perbedaan dalam jumlah produk tersebut, Brand Lokal dan Brand Global tetap meraih persentase yang sama, yaitu masing-masing meraih persentase 50%.

Foundation yang memiliki jenis tekstur liquid jauh lebih laris dibandingkan dengan yang cream. Tebukti, Foundation dengan tekstur liquid telah terjual 1,1 juta produk sepanjang semester 1 2024.

Memimpin sekaligus meraih market share tertinggi hingga 8,6%, brand Somethic capai peringkat 1 dalam Top 10 Kategori Foundation di e-commerce. Beberapa brand lain yang masuk dalam jajaran Top 10 Brand Kategori Foundation terdiri dari  Wardah dengan perolehan market share 7,1%; Skintific 6%; Oh My Glam 5%; Viva Cosmetics 4,9%; Hanasui 4,2%; Make Over 4%; Maybelline 3,6%; Instaperfect 3,4%, dan Luxcrime 2,1%.

Apakah ada brand favoritmu di atas? Komen di bawah, yuk! 👇🏼

Nantikan diskusi dan insight menarik di postingan berikutnya. Jangan lupa untuk follow Instagram Compas.co.id dan aktifkan notifikasi agar tetap update dengan informasi terbaru dari kami! 🔔

Bagi kamu yang ingin memahami tren terbaru di FMCG, bisa menghubungi kami melalui DM atau melalui link di bio. Tim ahli kami akan memberikan demo dashboard secara gratis.

Kami juga telah membuka pre-order untuk Compas Market Insight Semester 1 FMCG E-commerce Report 2024, yang berisi pembahasan komprehensif mengenai perkembangan FMCG di Semester 1 tahun 2024.",https://www.instagram.com/p/C-kbAcQSR07/
compas.co.id,"Dapatkan insight terbaru dari laporan Indonesian FMCG E-commerce Semester 1 2024 📊

FMCG sales di marketplace Indonesia telah mencapai IDR 47,8 Triliun di semester pertama 2024. Tak hanya itu, Shopee mendominasi pangsa pasar dengan lebih dari setengah total transaksi FMCG, disusul oleh TikTok, Tokopedia, dan Lazada.

🔍 Data lengkapnya mencakup:
Marketplace terlaris pilihan konsumen: TikTok Shop menempati posisi kedua dalam market share di marketplace FMCG.

Dampak kampanye All Eyes on Rafah & gerakan boikot terhadap brand-brand terafiliasi Israel di e-commerce.
Aksi boikot turut mempengaruhi peta persaingan brand global dan lokal di sektor FMCG.

Tren terkini menguntungkan brand lokal atau global?
Ingin tahu lebih banyak? Download full report sekarang! 📥

👉 Klik link di bio untuk unduh laporan lengkap!
#FMCG2024 #EcommerceInsights #DataDriven #MarketReport #CompasDashboard",https://www.instagram.com/p/C_u8CtDSW4t/
compas.co.id,"Double Date 8.8 2024 Alami Penurunan!📉

Berdasarkan hasil monitoring Compas.co.id dari 3 platform e-commerce, terlihat bahwa 8 dari 10 kategori Beauty & Care mengalami penurunan jumlah produk terjual pada periode double date 8.8 tahun 2024 jika dibandingkan dengan periode double date 8.8 Tahun 2023. Kategori Parfum & Wewangian turun -41.72% dan Sabun Mandi turun hingga -47.84%. Namun, kategori Paket Kecantikan justru mencatatkan pertumbuhan positif sebesar +8.16%.

Dari hasil analisis di 3 marketplace, Shopee memimpin kategori Paket Kecantikan selama Double Date 8.8 2024, dengan market share mencapai 94,8%. Sementara itu, Tokopedia hanya meraih 5,1%, dan Blibli hanya 0,1%.

Wardah memimpin dengan market share 7,8% pada kategori Paket Kecantikan selama periode Double Date 8.8 tahun 2024. Diikuti oleh MS Glow dengan 5,4% market share, Glad2Glow dengan 4,5%, serta Emina dan The Originote masing-masing dengan 4,2%. Brand lainnya, seperti Skintific, Scarlett, Animate, Daviena, dan Oh My Glow memiliki market share di bawah 4%.

Paket bundling 2-in-1 Peeling dan Moisturizer dari Elformula Official Shop menjadi Top Product Listing dengan harga rata-rata Rp251.000. Produk ini terjual sebanyak 6rb pcs dan meraih nilai penjualan sebesar Rp1.3 miliar.

Ingin tahu insight menarik lainnya? Nantikan di postingan kami selanjutnya!

Jangan lupa follow Instagram Compas.co.id dan aktifkan notifikasi agar tetap update dengan informasi terbaru dari kami! 🔔

Bagi kamu yang ingin memahami tren terbaru di FMCG, bisa menghubungi kami melalui DM atau melalui link di bio. Tim ahli kami akan memberikan demo dashboard secara gratis.

Kami juga telah membuka pre-order untuk Compas Market Insight Semester 1 FMCG E-commerce Report 2024, yang berisi pembahasan komprehensif mengenai perkembangan FMCG di Semester 1 tahun 2024",https://www.instagram.com/p/C_LC5JMyc7G/
compas.co.id,"Compas.co.id collaborated with @swamediainc & @business.digest_swa to host the Award for Indonesia Best Selling Brands in E-commerce Market 2024. Congratulations to all FMCG brand awardees!🎉

@mustikaratuind as 3rd Winner of Indonesia Best Selling Brands in e-Commerce Market 2024 in Category Body Oil.

@madutj_pilihanku as 3rd Winner of Indonesia Best Selling Brands in e-Commerce Market 2024 in Category Honey.

@msglowbeauty as 3rd Winner of Indonesia Best Selling Brands in e-Commerce Market 2024 in Category Face Moisturizer.

@imploracosmetics as 3rd Winner of Indonesia Best Selling Brands in e-Commerce Market 2024 in Category Lipstick.

@imploracosmetics as 3rd Winner of Indonesia Best Selling Brands in e-Commerce Market 2024 in Category Eyebrow Pencil & Nail Polish.

Congratulations for all Winners! 🏆

#DataCompas #SWAmediainc #CompasDashboard #Ecommerce #FMCG #Sellingbrand #Awarding",https://www.instagram.com/p/C-IGNILS2ck/
compas.co.id,"Dalam pemantauan http://Compas.co.id, e-commerce Shopee memimpin pangsa pasar dengan lebih dari 70% untuk kategori produk Pembersih Wajah. Tokopedia berada di peringkat kedua dengan pangsa pasar sebesar 9,8%, diikuti oleh TikTok Shop di peringkat ketiga dengan 6,2%, Lazada di peringkat keempat dengan 4,3%, dan Blibli di peringkat terakhir dengan pangsa pasar 1,5%.

Pada data Top 50 Brand Kategori Produk Pembersih Wajah, sebanyak 52% brand berasal dari Brand Lokal dan berhasil memperoleh total nilai penjualan lebih dari Rp368 miliar. Di sisi lain, Brand Global meraih total nilai penjualan lebih tinggi, yaitu Rp390 miliar, meskipun hanya menduduki 48% di Top 50.

Kategori Produk Pembersih Wajah ukuran 100ml menjadi produk dengan preferensi konsumen tertinggi, dibuktikan dengan penjualan lebih dari 6 juta produk.

Pengguna Produk Pembersih Wajah cenderung memperhatikan keunggulan yang dapat mencerahkan, dibuktikan dengan terjualnya 6 juta produk dari Kategori Produk Pembersih Wajah di e-commerce. Keunggulan lain yang juga populer di e-commerce adalah Kategori Produk Acne Treatment, yang berhasil terjual lebih dari 3,5 juta produk.

Brand @skintificidmenjadi pemimpin di nomor 1 dari Top 10 Kategori Produk Pembersih Wajah dengan perolehan market share 5,7%. Diikuti oleh brand-brand lain, seperti @cetaphil_id 4,3%; @kahfeveryday 3,7%; @wardahbeauty 3,6%; @garnierindonesia 3,3%; @cosrx_indonesia 3,3%; @msglowbeauty 2,8%; @pondsindonesia 2,8%; @somethincofficial 2,4%; dan @davienaskincare.official 2,4%.

Apakah ada brand favoritmu di atas? Komen di bawah, yuk!👇🏼

Nantikan diskusi dan insight menarik di postingan berikutnya. Jangan lupa untuk follow Instagram compas.co.id dan aktifkan notifikasi agar tetap update dengan informasi terbaru dari kami! 🔔

Bagi kamu yang ingin memahami tren terbaru di FMCG, bisa menghubungi kami melalui DM atau melalui link di bio. Tim ahli kami akan memberikan demo dashboard secara gratis.

Kami juga telah membuka pre-order untuk Compas Market Insight Semester 1 FMCG E-commerce Report 2024, yang berisi pembahasan komprehensif mengenai perkembangan FMCG di Semester 1 tahun 2024.",https://www.instagram.com/p/C-SZbS3yC28/
compas.co.id,"Hasil monitoring Compas.co.id mengenai kondisi market pada kategori produk Serum Wajah menunjukkan pertumbuhan 28,6% di semester 1 2024 dan kategori tersebut berhasil mencapai nilai penjualan lebih dari 1,2 Triliun Rupiah.

Data dari Compas.co.id menunjukkan bahwa Serum Wajah dengan manfaat mencerahkan digemari banyak orang dan telah terjual lebih dari 5 juta produk. Sementara itu, Serum Wajah yang memiliki manfaat Anti Aging menempati posisi ke-2 produk terlaris dan telah terjual lebih dari 2 juta produk.

Di antara banyaknya kandungan, Serum Wajah dengan kandungan Niacinamide paling laris dan berhasil terjual lebih dari 1,5 juta produk. Kandungan lain yang juga banyak digemari adalah Vitamin C di posisi ke-2, dan Retinol di posisi ke-3.

Marketplace Shopee menjadi pemimpin nilai penjualan kategori Serum Wajah dengan perolehan market share tertinggi, 92% dan 8% sisanya dimiliki oleh Tokopedia.

@skintificid menempati posisi pertama dalam Top 10 Brand Kategori Serum Wajah dengan mencatatkan market share tertinggi, yaitu 9,8%. Disusul oleh @theoriginote 4,9%, @somethincofficial 4,4%, @avoskinbeauty 3,7%, @skin1004_indonesia 3,3%, @msglowbeauty 2,8%, @cosrx_indonesia 2,4%, @somebymi.official_id 2,3%, @dalba_indonesia 2,2%, dan @garnierindonesia 2,1%.

Apakah ada brand jagoanmu di atas? komen di bawah yuk👇🏼

Nantikan diskusi dan wawasan menarik di postingan berikutnya, jangan lupa untuk follow instagram Compas.co.id dan aktifkan notifikasi agar tetap update dengan informasi terbaru dari postingan kami!🔔

Bagi kamu yang ingin memahami tren FMCG terbaru bisa menghubungi kami melalui DM atau link yang ada di bio, dan tim expert kami akan memberikan demo dashboard.

Kami juga sudah membuka pre-order Compas Market Insight Semester 1 FMCG E-commerce Report 2024 dengan isi yang komprehensif membahas perkembangan FMCG di Semester 1 tahun 2024.",https://www.instagram.com/p/C-KrG4mymqo/
compas.co.id,"Hasil pantauan dari Compas Market Insight Dashboard menunjukan eksistensi Shopee pada penjualan kategori Toner dengan meraih 83,6% market share. TikTok Shop menyusul di peringkat dua dengan perolehan market share 8,2%. E-commerce dua terbawah ditempati oleh Tokopedia dengan 8,1% market share dan Blibli 0,1% market share.

Dalam data Top 50 Brand Kategori Toner, hasilnya menunjukan perbedaan yang signifikan antara Brand Lokal dengan Brand Global. Brand Lokal jauh lebih unggul dengan memperoleh persentase 67% dan berhasil mencatatkan total nilai penjualan lebih darj Rp500 miliar, sedangkan Brand Global meraih presentase 33% dengan total nilai penjualan Rp310 miliar. Dengan demikian, Brand Lokal memimpin dalam kategori Toner.

Jenis Toner dengan manfaat Mencerahkan berhasil mendorong nilai penjualan sepanjang semester 1 2024 dan sebanyak 2,5 juta produk telah terjual. Sedangkan, Toner dengan manfaat untuk exfoliating menjadi Toner dengan manfaat terlaris kedua.

Toner ukuran 100ml adalah produk yang berhasil meraih penjualan paling banyak dibanding ukuran lain. Dibuktikan dengan data Compas Compas.co.id Toner berukuran 100ml telah terjual lebih dari 1 juta produk. 

Berhasil memperoleh market share tertinggi sebesar 8,9%, brand N’pure capai peringkat 1 dalam Top 10 Kategori Toner di e-commerce. Berikut brand lain yang masuk dalam jajaran Top 10 Brand Kategori Toner,  yakni Avoskin dan Skintific dengan market share masing-masing 8,6%; Skin 1004 6,3%; Pyunkang Yul 4,2%; The Originote 3,2%; Cosrx 3%; Loisse Choice 2,9% ; Some by Mi 2,1%; dan Anua 2%.

Apakah ada brand favoritmu di atas? Komen di bawah, yuk! 👇🏼

Nantikan diskusi dan insight menarik di postingan berikutnya. Jangan lupa untuk follow Instagram Compas.co.id dan aktifkan notifikasi agar tetap update dengan informasi terbaru dari kami! 🔔

Bagi kamu yang ingin memahami tren terbaru di FMCG, bisa menghubungi kami melalui DM atau melalui link di bio. Tim ahli kami akan memberikan demo dashboard secara gratis.

Kami juga telah membuka pre-order untuk Compas Market Insight Semester 1 FMCG E-commerce Report 2024, yang berisi pembahasan komprehensif mengenai perkembangan FMCG di Semester 1 tahun 2024.",https://www.instagram.com/p/C-csqAry7BQ/
compas.co.id,"Compas.co.id collaborated with @swamediainc & @business.digest_swa to host the Award for Indonesia Best Selling Brands in E-commerce Market 2024. Congratulations to all FMCG brand awardees!🎉

@msglowbeauty as Top 10 of Indonesia Best Selling Brands in e-Commerce Market 2024 in Category Face Serum.

@kapasselection as Top 10 of Indonesia Best Selling Brands in e-Commerce Market 2024 in Category Make Up Accessories.

@medisoft.id as Top 10 of Indonesia Best Selling Brands in e-Commerce Market 2024 in Category Baby Wipes.

@freshmag.id as Top 10 of Indonesia Best Selling Brands in e-Commerce Market 2024 in Category Traditional & Herbal Drink.

@safiyafood as Top 10 of Indonesia Best Selling Brands in e-Commerce Market 2024 in Category Cereal.

@imploracosmetics as Top 10 of Indonesia Best Selling Brands in e-Commerce Market 2024 in Category Hair Colour.

@sidomuncultbk as Top 10 of Indonesia Best Selling Brands in e-Commerce Market 2024 in Category Traditional Medicine.

@azarinecosmeticofficial as Top 10 of Indonesia Best Selling Brands in e-Commerce Market 2024 in Category Lip Tint.

Congratulations for all Winners! 🏆

#DataCompas #SWAmediainc #CompasDashboard #Ecommerce #FMCG #Sellingbrand #Awarding",https://www.instagram.com/p/C-FhdI4Sieg/
compas.co.id,"Compas.co.id collaborated with @swamediainc & @business.digest_swa to host the Award for Indonesia Best Selling Brands in E-commerce Market 2024. Congratulations to all FMCG brand awardees!🎉

@msglowbeauty as 2nd Winner of Indonesia Best Selling Brands in e-Commerce Market 2024 in Category Beauty Package.

@goldenfil as 2nd Winner of Indonesia Best Selling Brands in e-Commerce Market 2024 in Category Jam.

@medisoft_id as 2nd Winner of Indonesia Best Selling Brands in e-Commerce Market 2024 in Category Cotton Ball.

@msglowbeauty as 1st Winner of Indonesia Best Selling Brands in e-Commerce Market 2024 in Category Face Cleanser.

@kapasselection as 1st Winner of Indonesia Best Selling Brands in e-Commerce Market 2024 in Category Facial Cotton.

@etawalin.official as 1st Winner of Indonesia Best Selling Brands in e-Commerce Market 2024 in Category Make Up Accessories.

Congratulations for all Winners! 🏆

#DataCompas #SWAmediainc #CompasDashboard #Ecommerce #FMCG #Sellingbrand #Awarding",https://www.instagram.com/p/C-IGxbUSqHb/
compas.co.id,"Tren baru di industri Mom & Baby Care!🙌🏼

Berdasarkan data Compas Market Insight Dashboard, terlihat bahwa produk Face Cream berhasil mendorong nilai penjualan brand @moell.id dan membawa brand tersebut di posisi satu dengan market share tertinggi, 47% pada Juli 2024. 📊

Produk Face Cream dari Moell mengandung bahan-bahan yang aman untuk Bayi, seperti Vitamin B5, 10x Hyaluronic Acid, Organic Avocado Oil, dan lain-lain. Tak hanya itu, Moell juga menerapkan strategi pemasaran dan terus berupaya melakukan inovasi sesuai kebutuhan para pelanggan setianya.

Di lain sisi, Brand lain yang masuk dalam top 10 Face Cream terdiri dari @mustelaindonesia , @mamaschoiceid , @budsorganics.id , @gently_indonesia , @bambibaby.id , @sebamed.id , @Purela , @momami.id , dan @sanosan.id .

Dapatkan wawasan pasar yang mendalam dan strategi yang terbukti efektif dengan Compas Market Insight Dashboard.

Dapatkan free demo e-commerce market data khusus untuk brand Anda dengan menghubungi kami sekarang melalui DM atau komen postingan di bawah ini sekarang juga dan tim expert kami akan memberikan demo dashboard!!

Kami juga sudah membuka pre-order Compas Market Insight Semester 1 FMCG E-commerce Report 2024 dengan isi yang komprehensif membahas perkembangan FMCG di Semester 1 tahun 2024.

#CompasMarketInsight #FMCGIndonesia #MarketLeader #DataDriven #Ecommerce #FaceCream #BrandStrategy #MarketingExcellence",https://www.instagram.com/p/C-ZzMxOStb9/
compas.co.id,"Data terbaru dari Compas Market Insight Dashboard tunjukkan platform E-commerce Shopee memperoleh market share paling besar dengan 75,2% pada kategori produk Body Lotion Body Butter. Market Share terbesar ke-2 diperoleh TikTok Shop sebesar 12,8%, kemudian diikuti oleh Tokopedia dan Blibli dengan market share masing - masing 8,7% dan 0,3%.

Kontribusi brand lokal pada Top 50 Brand di kategori Produk Body Lotion Body Butter terbilang cukup besar, dengan menyumbangkan total nilai penjualan sebesar Rp561 miliar, atau berkontribusi sebesar 70% dari total nilai penjualan keseluruhan kategori produk yang mencapai Rp 871 miliar.  Pada kategori produk ini brand-brand Global berkontribusi sebesar 30% pada nilai penjualan atau senilai Rp310 miliar.

Kategori Produk Body Lotion Body Butter dengan ukuran 100ml/gr menjadi produk terlaris dengan  berhasil menjual 1,9 juta produk. Posisi kedua dan ketiga kategori produk paling laris diraih oleh ukuran  400ml/gr dan 200ml/gr.

Pengguna Produk Body Lotion Body Butter menyukai produk yang mampu mencerahkan, terbukti menduduki peringkat pertama sebagai produk paling laris, dengan total produk terjual sebanyak 12 juta. Keunggulan lain yang disukai adalah Protecting, yang berhasil menempati posisi kedua paling laris dengan jumlah produk terjual sebanyak 2 juta produk.

Meraih market share tertinggi lebih dari 9%, brand Vaseline pimpin Top 10 Kategori Body Lotion Body Butter. 9 brand lain yang turut memasuki jajaran top 10 Body Lotion Body Butter adalah Nivea 6%; Scarlett 4,6%; Perfect White 2,8%; Marina 2,4%; SSSKIN 1,9%; Precious Skin 1,7%; Herborist 1,5%; Iswhite 1,4”%; dan Citra 1,1%.

Apakah ada brand favoritmu di atas? Komen di bawah, yuk! 👇🏼

Bagi kamu yang ingin memahami tren terbaru di FMCG, bisa menghubungi kami melalui DM atau melalui link di bio. 

Kami juga telah membuka pre-order untuk Compas Market Insight Semester 1 FMCG E-commerce Report 2024, yang berisi pembahasan komprehensif mengenai perkembangan FMCG di Semester 1 tahun 2024.",https://www.instagram.com/p/C-U-OsfSG12/
compas.co.id,"Data dari Compas Market Insight Dashboard memperlihatkan bahwa e-commerce Shopee memimpin penjualan kategori Lipstik dengan perolehan market share terbesar, 86,4%. TikTok Shop sebagai e-commerce dengan market share terbesar ke-2 raih 11,1%, disusul oleh Tokopedia dengan market share 2,4% dan Blibli dengan market share 0,1%.

Jumlah brand lokal dan brand global pada Top 50 Brand Kategori Lipstik memperoleh hasil yang seimbang, yakni masing-masing 50%, namun jika dilihat berdasarkan nilai penjualan, maka brand lokal lebih unggul dengan nilai penjualan Rp379 miliar, sedangkan brand Global memperolah nilai penjualan lebih kecil Rp363 miliar dibanding brand lokal.

Jenis Lipstik yang mampu mendongkrak nilai penjualan di semester 1 2024 adalah Lipstik Matte yang mencatatkan nilai penjualan Rp492 miliar, angka yang cukup jauh jika dibandingkan dengan jenis Lipstik Glossy yang hanya mendapatkan nilai penjualan Rp68 miliar rupiah.

Mendapat market share tertinggi dibanding kompetitor sebesar 20%, brand @maybelline pimpin Top 10 Kategori Lipstik di e-commerce. Adapun brand lain yang masuk dalam Top 10 Brand Kategori Lipstik terdiri dari @officialhanasui 10,4%; @makeoverid 8,3%; @wardahbeauty 8,2%; @imploracosmetics 6,5%; @ohmyglam.indonesia 6,3%; @otwoo_id 3,4%; @focallurebeauty 3,2% ; @pinkflashcosmetics 3,2%; dan @somethincofficial 3,1%.

Apakah ada brand favoritmu di atas? Komen di bawah, yuk! 👇🏼

Nantikan diskusi dan insight menarik di postingan berikutnya. Jangan lupa untuk follow Instagram http://compas.co.id dan aktifkan notifikasi agar tetap update dengan informasi terbaru dari kami! 🔔

Bagi kamu yang ingin memahami tren terbaru di FMCG, bisa menghubungi kami melalui DM atau melalui link di bio. Tim ahli kami akan memberikan demo dashboard secara gratis.

Kami juga telah membuka pre-order untuk Compas Market Insight Semester 1 FMCG E-commerce Report 2024, yang berisi pembahasan komprehensif mengenai perkembangan FMCG di Semester 1 tahun 2024.",https://www.instagram.com/p/C-XjQ6ayw1R/
compas.co.id,"Top 10 Brand Kategori Produk Diet Detox yang Masuk Nominasi Indonesia Best Selling Brands in E-commerce Market 2024!

Berdasarkan data monitoring Compas Market Insight Dashboard, Shopee tunjukan eksistensinya sebagai pemimpin dalam kategori Diet Detox di e-commerce dengan keberhasilannya memperoleh market share lebih dari 70%. Posisi ke-2 diduduki oleh Tokopedia dengan persentase lebih besar dari Blibli, yakni 23,8%, dan Blibli berada di peringkat terakhir dengan perolehan 0,4%.

Pada data Compas Market Insight Dashboard terlihat bahwa Non-Official Store menyumbang kontribusi lebih besar dengan market share yang diperoleh lebih dari 70%, sedangkan sisa market share lainnya, yakni 22% berasal dari sumbangan Official Store. Dengan demikian, disimpulkan bahwa Non-Official Store pemimpin dalam Top Seller Kategori Produk Diet Detox.

Nominasi Top 10 Brand Kategori Diet Detox dengan nilai penjualan tertinggi periode 2023 adalah Balans, Fibre First, Herwell, Slimsure, Herbalife, Noera, Bene SBP, Beau de Lab, Fast Natural Herbal, dan Flimty. 

Siapakah brand yang berhasil memenangkan Indonesia Best Selling Brands in E-commerce Market Kategori Produk Diet Detox?🤔

Mention brand pilihanmu di bawah, yuk👇🏼

Nantikan insight menarik di postingan kami berikutnya!

Dapatkan free demo e-commerce market data khusus untuk brand Anda dengan menghubungi kami sekarang melalui DM atau komen postingan di bawah ini sekarang juga dan tim expert kami akan memberikan demo dashboard dengan segera!!

Kami juga sudah membuka pre-order Compas Market Insight Semester 1 FMCG E-commerce Report 2024 dengan isi yang komprehensif membahas perkembangan FMCG di Semester 1 tahun 2024.",https://www.instagram.com/p/C9ziODJy72b/
compas.co.id,"Presentasi CEO Compas.co.id, Hanindia Narendrata, di acara Indonesia Best Selling Brand in E-commerce Market 2024! Terdapat beberapa insight yang dipaparkan, yaitu:

🚀 Shopee memimpin dengan konsisten, meraih pertumbuhan market share lebih dari 85% berdasarkan nilai penjualan

💄🍔 Kategori Perawatan Kecantikan dan Makanan & Minuman menjadi motor penggerak pertumbuhan FMCG yang konsisten.

📊 Untuk materi lengkap, hubungi kami melalui DM atau komen ‘Data Present’ di kolom komentar. Dapatkan insight mendalam untuk mendukung strategi bisnismu!

Kami juga sudah membuka pre-order Compas Market Insight Semester 1 FMCG E-commerce Report 2024 dengan isi yang komprehensif membahas perkembangan FMCG di Semester 1 tahun 2024.

#CompasID #Ecommerce #MarketInsights #FMCG #Shopee #BeautyCare #FoodAndBeverage #DataDriven #BusinessStrategy",https://www.instagram.com/p/C94x2UWSRPp/
compas.co.id,"Top 10 Brand yang Masuk dalam Nominasi Indonesia Best Selling Brands in E-commerce Market Kategori Produk Sunscreen!

Berdasarkan data monitoring pada kategori Sunscreen, Shopee berkontribusi besar dalam penjualan produk kategori Sunscreen dengan market share 95%. Sementara Tokopedia dan Blibli hanya menyumbang 4% dan 1%.

Data selanjutnya juga menampilkan bahwa Non-Official Store lebih unggul 69% pada Kategori Sunscreen dibanding Official Store yang meraih presentase hanya 31%.

Data 10 Brand Kategori Sunscreen Periode 2023 yang masuk dalam nominasi adalah Azarine, Nivea, Madame Gie, L’Oreal, Skintific, The Originote, Skin Aqua, Wardah, Facetology, dan Emina.

Siapakah brand yang berhasil memenangkan Indonesia Best Selling Brands in E-commerce Market Kategori Produk Sunscreen?🤔

Mention brand pilihanmu di bawah, yuk👇🏼

Selanjutnya, kita akan membahas brand-brand yang berhasil masuk dalam nominasi kategori produk Madu & Olesan.

Nantikan di postingan kami berikutnya!

Dapatkan free demo e-commerce market data khusus untuk brand Anda dengan menghubungi kami sekarang melalui DM atau komen postingan di bawah ini sekarang juga dan tim expert kami akan memberikan demo dashboard dengan segera!!

Kami juga sudah membuka pre-order Compas Market Insight Semester 1 FMCG E-commerce Report 2024 dengan isi yang komprehensif membahas perkembangan FMCG di Semester 1 tahun 2024.",https://www.instagram.com/p/C9mu1Mdy9PX/
compas.co.id,"Dalam dunia kecantikan yang terus berkembang, tetap unggul adalah kunci. Compas Market Insight Dashboard mengeluarkan data terbaru yang mengungkapkan Top 10 brand Lokal Kategori Lipstik dengan performa terbaik di Official Store Shopee untuk bulan Juni 2024 yang diurutkan berdasarkan jumlah produk terjual.

🏆 @wardahbeauty memimpin dengan market share mengesankan sebesar 10,5% 𝐝𝐞𝐧𝐠𝐚𝐧 𝐛𝐞𝐫𝐛𝐚𝐠𝐚𝐢 𝐩𝐢𝐥𝐢𝐡𝐚𝐧 𝐟𝐨𝐫𝐦𝐚𝐭 𝐥𝐢𝐩 𝐩𝐫𝐨𝐝𝐮𝐤 𝐲𝐚𝐧𝐠 𝐥𝐞𝐧𝐠𝐤𝐚𝐩, menunjukkan loyalitas merek yang kuat dan inovasi produk yang luar biasa.

Make Over mengikuti dengan 6,9% di posisi dua, sementara Hanasui mengukuhkan kehadiran di top 3 dengan market share 5,4%.

Berturut-turut berada di posisi 10 besar Brand Lokal Kategori Lipstik adalah @ohmyglam.indonesia, @madame.gie, @purbasari_indonesia, @somethincofficial, @imploracosmetics, @seamakeup.id, dan @mop.beauty terus menarik perhatian konsumen dengan penawaran yang beragam dan pangsa pasar yang terus bertumbuh.

Sebagai pemimpin industri, sangat penting untuk memanfaatkan wawasan ini guna menyempurnakan strategi Anda dan tetap kompetitif. Dengan Compas Market Insight Dashboard, Anda dapat mengakses data real-time untuk meningkatkan performa brand Anda dan mendorong kesuksesan di lanskap e-commerce.

Siap untuk mengangkat brand Anda ke level berikutnya?

Jadwalkan demo gratis hari ini dan temukan kekuatan dalam pengambilan keputusan berbasis data bersama Compas.co.id. 📊✨

#FMCG #WawasanPasar #DataEcommerce #IndustriKecantikan #StrategiBrand #DataDriven #CompasDashboard #Wardah #MakeOver #Hanasui #OhMyGlam #MadameGie #Purbasari #BrandKecantikan #Shopee",https://www.instagram.com/p/C9128xLSgpN/
compas.co.id,"Compas.co.id collaborated with @swamediainc & @business.digest_swa to host the Award for Indonesia Best Selling Brands in E-commerce Market 2024. Congratulations to all FMCG brand awardees!🎉

@babyhappydiapers as Top 10 of Indonesia Best Selling Brands in e-Commerce Market 2024 in Category Baby Diapers.

@givbodywash as Top 10 of Indonesia Best Selling Brands in e-Commerce Market 2024 in Category Body Wash.

@nuvo_family as Top 10 of Indonesia Best Selling Brands in e-Commerce Market 2024 in Category Body Wash and Hand Wash.

@karasantan.id as Top 10 of Indonesia Best Selling Brands in e-Commerce Market 2024 in Category Instant Food.

@animateofficial.id as Top 10 of Indonesia Best Selling Brands in e-Commerce Market 2024 in Category Beauty Package.

@sebamed.id as Top 10 of Indonesia Best Selling Brands in e-Commerce Market 2024 in Category Baby Wash and Baby Lotion Cream.

@tolak_angin as Top 10 of Indonesia Best Selling Brands in e-Commerce Market 2024 in Category Traditional Medicine.

@freshcareidn as Top 10 of Indonesia Best Selling Brands in e-Commerce Market 2024 in Category Essential Oil.

Congratulations for all Winners! 🏆

#DataCompas #SWAmediainc #CompasDashboard #Ecommerce #FMCG #Sellingbrand #Awarding",https://www.instagram.com/p/C-AvdAty_IZ/
compas.co.id,"Top 10 Brand Kategori Produk Lipstik yang Masuk Nominasi Indonesia Best Selling Brands in E-commerce Market 2024!

Dalam data Compas Market Insight Dashboard, e-commerce Shopee tunjukan kontribusinya sebagai pemimpin pada nilai penjualan kategori Lipstik di e-commerce dengan mencatatkan market share lebih dari 90%. Di lain sisi, Tokopedia dan Blibli mendapatkan market share jauh lebih kecil dibanding Shopee dengan perolehan 1,73% dan 0.07%.

Top Seller Kategori Produk Lipstik dipimpin oleh Non-Official Store yang mengukir prestasi dengan perolehan market share tertinggi, 61%. Tingginya kontribusi Non-Official Store dalam nilai penjualan kategori Lipstisk berhasil kalahkan 
Official Store yang hanya berkontribusi kurang dari 40%.

Nominasi Top 10 Brand Kategori Lipstik dengan nilai penjualan tertinggi periode 2023 adalah Madame Gie, Wardah, Maybelline, Focallure, Somethinc, OMG, Make Over, Implora, Pinkflash, dan Hanasui.

Siapakah brand yang berhasil memenangkan Indonesia Best Selling Brands in E-commerce Market Kategori Produk Lipstik?🤔

Mention brand pilihanmu di bawah, yuk👇🏼

Selanjutnya, kita akan membahas brand-brand yang berhasil masuk dalam nominasi kategori produk Diet Detox.

Nantikan di postingan kami berikutnya!

Dapatkan free demo e-commerce market data khusus untuk brand Anda dengan menghubungi kami sekarang melalui DM atau komen postingan di bawah ini sekarang juga dan tim expert kami akan memberikan demo dashboard dengan segera!!

Kami juga sudah membuka pre-order Compas Market Insight Semester 1 FMCG E-commerce Report 2024 dengan isi yang komprehensif membahas perkembangan FMCG di Semester 1 tahun 2024.",https://www.instagram.com/p/C9w88qKy84n/
compas.co.id,"Top 10 Brand Kategori Produk Madu dan Olesan yang Masuk Nominasi Indonesia Best Selling Brands in E-commerce Market 2024!

Data yang ditampilkan melalui Compas Market Insight Dashboard memperlihatkan sumbangan nilai penjualan dalam kategori Madu dan Olesan, dengan Shopee mencatatkan 63%, Tokopedia 36%, dan Blibli yang hanya menyumbang 1%.

Non-Official Store menjadi pemimpin dalam nilai penjualan dengan memperoleh 82%, sedangkan nilai penjualan Official Store hanya menyumbang di angka 18% pada kategori Madu dan Olesan.

Data Nominasi dan Top 10 Brand Kategori Madu dan Olesan dengan nilai penjualan tertinggi di periode 2023 terdiri dari Freshmag, Manuka, Quickfresh, Madu Tava, Dzikriya, Comvita, Gholiban, Tresnojoyo, Alshifa, dan Madu Uray.

Siapakah brand yang berhasil memenangkan Indonesia Best Selling Brands in E-commerce Market Kategori Produk Madu dan Olesan?🤔

Mention brand pilihanmu di bawah, yuk👇🏼

Selanjutnya, kita akan membahas brand-brand yang berhasil masuk dalam nominasi kategori produk Liptint.

Nantikan di postingan kami berikutnya!

Dapatkan free demo e-commerce market data khusus untuk brand Anda dengan menghubungi kami sekarang melalui DM atau komen postingan di bawah ini sekarang juga dan tim expert kami akan memberikan demo dashboard dengan segera!!

Kami juga sudah membuka pre-order Compas Market Insight Semester 1 FMCG E-commerce Report 2024 dengan isi yang komprehensif membahas perkembangan FMCG di Semester 1 tahun 2024.",https://www.instagram.com/p/C9r48HYN4NW/
compas.co.id,"Top 10 Brand Kategori Produk Liptint yang Masuk Nominasi Indonesia Best Selling Brands in E-commerce Market 2024!

Shopee menujukan keunggulannya dalam meraih market share dengan pimpin penjualan kategori produk Lip Tint di e-commerce dan mencatatkan persentase di angka 97%, sedangkan Tokopedia hanya memiliki 3% market share.

Non-Official Store berada di nomor satu dalam nilai penjualan kategori Lip Tint, dan hal ini terjadi karena kontribusi yang diberikan lebih dari 50%, sehingga di sisi lain, penjualan Official Store hanya dapat meraih kurang dari 50% di e-commerce pada kategori Lip Tint.

Data Nominasi dan Top 10 Brand Kategori Liptint yang meraih nilai penjualan tertinggi di periode 2023 di mulai dari Emina, Implora, Luxcrime, Somethinc, Hanasui, Dazzle Me, Focallure, Azarine, Rom&nd, dan Barenbliss.

Siapakah brand yang berhasil memenangkan Indonesia Best Selling Brands in E-commerce Market Kategori Produk Lip Tint?🤔

Mention brand pilihanmu di bawah, yuk👇🏼

Selanjutnya, kita akan membahas brand-brand yang berhasil masuk dalam nominasi kategori produk Kapas.

Nantikan di postingan kami berikutnya!

Dapatkan free demo e-commerce market data khusus untuk brand Anda dengan menghubungi kami sekarang melalui DM atau komen postingan di bawah ini sekarang juga dan tim expert kami akan memberikan demo dashboard dengan segera!!

Kami juga sudah membuka pre-order Compas Market Insight Semester 1 FMCG E-commerce Report 2024 dengan isi yang komprehensif membahas perkembangan FMCG di Semester 1 tahun 2024.",https://www.instagram.com/p/C9uYTLly9-3/
compas.co.id,"Top 10 Brand Kategori Produk Kapas yang Masuk Nominasi Indonesia Best Selling Brands in E-commerce Market 2024!

Hasil data Compas Market Insight Dashboard menunjukkan bahwa Shopee menyumbang nilai penjualan jauh lebih besar hingga 94% dalam kategori Kapas, sedangkan Tokopedia dan Blibli hanya berkontribusi 5% dan 1%.

Compas Market Insight Dashboard juga menampilkan prestasi yang diraih Non-Official Store dengan mencatatkan nilai penjualan 94% daripada Official Store yang hanya memperoleh 6% pada data kategori produk Kapas.

Data Nominasi dan Top 10 Brand Kategori Kapas dengan nilai penjualan tertinggi di periode 2023 adalah adalah Herbaay, Buds, Modis, Laneige, FSS, Unicharm, Miniso, Sariayu, Medisoft, dan Selection.

Siapakah brand yang berhasil memenangkan Indonesia Best Selling Brands in E-commerce Market Kategori Produk Kapas?🤔

Mention brand pilihanmu di bawah, yuk👇🏼

Selanjutnya, kita akan membahas brand-brand yang berhasil masuk dalam nominasi kategori produk Lipstik.

Nantikan di postingan kami berikutnya!

Dapatkan free demo e-commerce market data khusus untuk brand Anda dengan menghubungi kami sekarang melalui DM atau komen postingan di bawah ini sekarang juga dan tim expert kami akan memberikan demo dashboard dengan segera!!

Kami juga sudah membuka pre-order Compas Market Insight Semester 1 FMCG E-commerce Report 2024 dengan isi yang komprehensif membahas perkembangan FMCG di Semester 1 tahun 2024.",https://www.instagram.com/p/C9v2YxvS6Qm/
compas.co.id,"Shopee menjadi platform e-commerce favorit dengan 73,4% market share untuk kategori Sunscreen dengan harga di bawah Rp60.000. TikTok Shop menyusul dengan memperoleh 19,4% market share. Tokopedia meraih 6,7% dan Blibli 0,5% market share.

Kategori Sunscreen terlaris dengan harga di bawah Rp60.000 dipimpin oleh Azarine yang meraih 27,5% market share. Brand lain yang menyusul adalah Wardah (12,3%), Y.O.U (8,5%), Grace & Glow (5,7%), The Originote (5,3%), serta Emina, Hanasui, Madame Gie, Glow & Lovely, dan Scarlett yang meraih market share di bawah 5%.

Berhasil menjual 13 ribu produk dan menghasilkan nilai penjualan hingga Rp 502 juta selama periode double date 8.8 tahun 2024, produk Grace & Glow Brightening Sun Lotion Body Serum SPF 30 PA+ menjadi produk Sunscreen terlaris dengan harga di bawah Rp60.000.

Ingin tahu insight menarik lainnya dari Periode Double Date 8.8 2024? Nantikan di postingan kami selanjutnya!

Jangan lupa follow Instagram Compas.co.id dan aktifkan notifikasi agar tetap update dengan informasi terbaru dari kami! 🔔

Bagi kamu yang ingin memahami tren terbaru di FMCG, bisa menghubungi kami melalui DM atau melalui link di bio. Tim ahli kami akan siap memberikan demo dashboard secara gratis.

Kami juga telah membuka pre-order untuk Compas Market Insight Semester 1 FMCG E-commerce Report 2024, yang berisi pembahasan komprehensif mengenai perkembangan FMCG di Semester 1 tahun 2024.",https://www.instagram.com/p/C_dEjooSR1x/
compas.co.id,"Berdasarkan hasil data Compas.co.id, terdapat tren nilai penjualan kategori Treatment Rambut di Shoppe. Hal ini dikarenakan e-commerce Shopee mencapai market share hingga 78,6% sepanjang Q1 2024. Posisi ke-2 ditempati oleh Tokopedia dengan perolehan market share 18,6%. Lalu, disusul oleh TikTok dan Tokopedia masing-masing meraih market share 2,6% dan 0,2%.

Data Top 50 Brand Treatment Rambut, hasilnya menunjukan bahwa secara persentase Brand Lokal lebih unggul 52% dibandingkan Brand Global hanya 48%. Namun, jika dibandingkan secara nilai penjualan, Brand Global meraih nilai penjualan paling besar , total hingga Rp257 miliar, sedangkan Brand Lokal hanya mencapai total nilai penjualan sebesar Rp156 miliar.

Data Kategori Produk Treatment Rambut paling laris adalah jenis Vitamin Rambut. Produk dengan jenis vitamin rambut mencatatkan sebanyak 2,5 juta produk telah terjual selama periode kuartal satu 2024. http://Compas.co.id menemukan adanya selisih data yang cukup jauh dengan jenis treatment rambut lainnya, salah satunya adalah jenis hair mask yang hanya mencapai jumlah produk terjual sebanyak 1,5 juta produk. Jenis treatment rambut lainnya disusul oleh Hair Oil, Hair Serum, Hair Tonik, Hair Fragrance, dan Hair Mist.

Mengisi posisi 1 dalam Top 10 Brand Kategori Produk Treatment Rambut, Brand Makarizo berhasil meraih market share tertinggi sebesar 8,7%. Disusul oleh brand lain, seperti Kerastase 5,4%, L’Oreal Paris 4,5%, CBD 4,4%, Lab On Hair 3,7%, Matrix 3,1%, L’Oreal Professionnel Paris 2,5%, Ellips 2%, Pikaru dan Inaura masing-masing memperoleh market share 1,8%.

Nantikan diskusi dan insight menarik di postingan berikutnya. Jangan lupa untuk follow Instagram Compas.co.id dan aktifkan notifikasi agar tetap update dengan informasi terbaru dari kami!

Bagi kamu yang ingin memahami tren terbaru di FMCG, bisa menghubungi kami melalui DM atau melalui link di bio. Tim ahli kami akan memberikan demo dashboard secara gratis.

Kami juga telah membuka pre-order untuk Compas Market Insight Semester 1 FMCG E-commerce Report 2024, yang berisi pembahasan komprehensif mengenai perkembangan FMCG di Semester 1 tahun 2024.",https://www.instagram.com/p/C-sQnvISenj/
compas.co.id,"Hasil analisis Compas.co.id menunjukkan penurunan 3% dalam kategori kesehatan selama paruh waktu di tahun 2024 vs 2023. Hasil data tersebut dapat menjadi gambaran bagi para brand untuk persiapan menghadapi tantangan serta peluang di tahun 2024 ini.

Selanjutnya, Compas Market Insight Dashboard juga memperlihatkan adanya perubahan dinamis dalam penjualan kategori kesehatan di e-commerce, yakni Blibli dan Tokopedia alami penurunan di angka 47% dan 46%. Di sisi lain, Shopee muncul sebagai pemimpin dengan kenaikan nilai penjualan hingga 27% di semester satu 2024.

Hasil analisis selanjutnya menunjukkan bahwa sebesar 75% nilai penjualan yang didapat oleh kategori kesehatan berasal dari Non Official Store, sehingga 25% lainnya dimiliki oleh Official Store.

Berdasarkan penjelasan di atas, walaupun kategori kesehatan di e-commerce umumnya mengalami penurunan, tetapi nilai penjualan di Shopee justru alami peningkatan positif secara signifikan. Hal ini menunjukkan adanya peluang besar untuk keberhasilan bisnis dalam kategori ini di platform Shopee. Dan, untuk meningkatkan kontribusi Official Store, maka perlu dilakukan strategi marketing yang dapat menarik pelanggan.

Selanjutnya, kita akan membahas kategori produk kesehatan yang mengalami kenaikan dan penurunan selama periode  semester 1 2024.

Nantikan di postingan kami berikutnya!

Bagi kamu yang ingin memahami tren FMCG terbaru, bisa menghubungi kami melalui DM atau link yang ada di bio. Tim expert kami akan memberikan demo dashboard yang dapat menjawab kebutuhan data kamu.

Kami juga sudah membuka pre-order Compas Market Insight Semester 1 FMCG E-commerce Report 2024 dengan isi yang komprehensif membahas perkembangan FMCG di Semester 1 tahun 2024.

#CompasMarketInsight #FMCGIndonesia #MarketLeader #DataDriven #Ecommerce #Kesehatan #BrandStrategy #MarketingExcellence",https://www.instagram.com/p/C9SIepayKJ6/
compas.co.id,"Dalam monitoring Compas.co.id mengenai pergerakan FMCG berdasarkan nilai penjualan. Hasilnya, terjadi kenaikan sebesar 38% pada semester 1 2024 dibandingkan dengan semester 1 tahun 2023, dan jika kita melihat kembali ke tahun 2022, terjadi peningkatan sebesar 50% di tahun 2024.

Pernyataan di atas semakin diperkuat dengan data yang ditampilkan oleh Compas.co.id terkait kategori Beauty & Care yang memimpin di semester 1 tahun 2024 dengan perolehan market share sebesar 57%. Kategori tertinggi kedua adalah Food & Beverages, diikuti oleh Kesehatan dan Mom & Baby Care.

Marketplace dengan nilai penjualan tertinggi pada kategori FMCG di semester 1 2024 adalah Shopee, yang meraih market share tertinggi sebesar 63%. TikTok Shop menempati posisi kedua dengan market share 19%, disusul oleh Tokopedia, Lazada, dan Blibli.

Dari penjelasan di atas, kesimpulan yang dapat diambil adalah adanya kenaikan yang konsisten dalam pasar FMCG dengan kenaikan sebesar 50% dibandingkan data semester 1 tahun 2022. Kategori Beauty & Care menguasai pasar FMCG dengan market share sebesar 57%. Selain itu, Shopee menjadi pemimpin dalam penjualan FMCG di e-commerce dengan persentase nilai penjualan sebesar 63%.

Selanjutnya, kita akan membahas highlight semester 1 2024 dari beberapa kategori.

Nantikan di postingan kami berikutnya!

Bagi kamu yang ingin memahami tren FMCG terbaru, bisa menghubungi kami melalui DM atau link yang ada di bio. Tim expert kami akan memberikan demo dashboard yang dapat menjawab kebutuhan data kamu.

Kami juga sudah membuka pre-order Compas Market Insight Semester 1 FMCG E-commerce Report 2024 dengan isi yang komprehensif membahas perkembangan FMCG di Semester 1 tahun 2024.

#fmcgindonesia #trenkonsumen #datapenjualan #ecommerceindonesia #shopee #marketanalysis #infographic #beautycare #fmcg #marketshare #datavisualization",https://www.instagram.com/p/C9KaCHDSNcq/
compas.co.id,"Data yang dianalisis Compas.co.id menunjukkan peningkatan positif signifkan pada kategori Perawatan  Kecantikan dengan berhasil mencatatkan kenaikan hingga 41% sejak semester satu tahun 2023.

E-commerce Shopee menjadi marketplace yang menyumbang nilai penjualan terbesar hingga berhasil mendorong pertumbuhan di angka 49% pada kategori Perawatan Kecantikan, namun data Compas.co.id di e-commerce lain justru alami penurunan sebesar 34% di Tokopedia dan 14% di Blibli.

Hasil analisis Compas.co.id di data berikutnya memperlihatkan kontribusi Non-Official Store lebih besar dengan persentase 63% dibandangkan Official Store yang meraih market share hanya 37%.

Penjelasan data di atas memberikan gambaran bagi kamu yang ingin terjun di sektor Perawatan Kecantikan dengan penjualan di Shopee sebagai marketplace yang telah terbukti mampu mendorong tingginya nilai penjualan yang hingga 83%.

Selanjutnya, kita akan membahas kategori produk Perawatan Kecantikan yang mengalami kenaikan selama periode semester 1 2024.

Nantikan di postingan kami berikutnya!

Dapatkan free demo e-commerce market data khusus untuk brand Anda dengan menghubungi kami sekarang melalui DM atau komen postingan di bawah ini sekarang juga dan tim expert kami akan memberikan demo dashboard dengan segera!!

Kami juga sudah membuka pre-order Compas Market Insight Semester 1 FMCG E-commerce Report 2024 dengan isi yang komprehensif membahas perkembangan FMCG di Semester 1 tahun 2024.

#CompasMarketInsight #FMCGIndonesia #MarketLeader #DataDriven #Ecommerce #beautycare #BrandStrategy #MarketingExcellence",https://www.instagram.com/p/C9chnBcybha/
compas.co.id,"Top 5 Brand Kategori Suplemen Kecantikan, Brand Noera duduki posisi ke-2 dengan market share 14,1% di TikTok Shop. Brand lain yang masuk dalam jajaran tersebut, Natur-E, Cool-Vita, K-eauty, dan NewLab.

Mulai dari Februari sampai April 2024, Noera By Reisha alami stagnansi pada nilai penjualan, namun pada bulan Mei 2024, brand tersebut berhasil meraih nilai penjualan tertinggi, yaitu Rp9,5 miliar.

Nilai penjualan tersebut didominasi oleh Official Store dengan persentase 97,9, dan 2,1% lainnya dimiliki oleh Non-Official Store.

Data Compas.co.id mengenai Top Product Listing Kategori Suplemen Kecantikan menunjukan produk dengan nilai penjualan tertinggi masih dikuasi oleh Noera By Reisha. Melalui Paket Combo Whitening Set, brand tersebut memperoleh nilai penjualan Rp3,8 miliar dan sebanyak 26,8 ribu produk telah terjual. Harga rata-rata dari produk tersebut Rp142,4 ribu dengan rata-rata diskon 60,34%.

Dari data di atas, maka kesimpulan nya adalah dominasi official store dan produk unggulan yang berfokus pada whitening terbukti mendorong nilai penjualan dari brand Noera by Reisha di TikTok Shop, serta berhasil membawa brand tersebut dalam posisi dua teratas dari 5 brand kategori Suplemen Kecantikan.

Dengan optimasi yang tepat pada non-official store untuk meningkatkan jangkauan brand Noera by Reisha di kategori Suplemen Kecantikan serta evaluasi besaran diskon pada produk populer akan dapat meningkatkan juga posisi Brand Noera by Reisha di pasar Suplemen Kecantikan.

Selanjutnya, bagaimana performance brand suplemen kecantikan yang berada di peringkat 1?

Nantikan di postingan kami selanjutnya!

Bagi kamu yang ingin memahami tren FMCG terbaru bisa menghubungi kami melalui DM atau link yang ada di bio, dan tim expert kami akan memberikan demo dashboard.

#fmcgindonesia #trenkonsumen #datapenjualan #ecommerceindonesia #tiktokshop #marketanalysis #infographic #suplemenkecantikan #healthcare",https://www.instagram.com/p/C9AG0jbyHcR/
compas.co.id,"Episode 4 Podcast Ruang Tamu Compas.co.id Hadir!

Guest pada episode kali ini adalah Aprilia Wulandari, yakni expertise di bidang Consumer Insight, khususnya dalam industri Healthcare. Topik yang diangkat dalam podcast membahas tentang tren consumer insight, perbedaan perilaku conventional & modern customers, dan prediksi perubahan perilaku konsumen dalam 5 tahun yang akan datang.

Tonton video selengkapnya di sini ya👇🏼👇🏼
📍 Youtube: https://youtu.be/KEJM9tF0pLs?si=2KfT3JTKZe4igSlW
📍 Spotify: https://open.spotify.com/episode/77yHzTq8WgWfGEnJcm8uAf?si=SvgvJRBWRweWk4TNh1P3hA

#podcast #marketresearch #healthcare #consumerinsights #consumer #global #lokal",https://www.instagram.com/p/C9EgZGwyBeS/
compas.co.id,"Compas.co.id x @swamediainc Mempersembahkan Indonesia Best Selling Brands Award in E-commerce Market 2024!🙌🏼

Menyempurnakan awards yang sudah dimulai pada 2021 oleh @swamediainc, kolaborasi bersama @compas.co.id di tahun 2023 meningkatkan jangkauan awards bagi para pemilik merk melalui beragam pengkuran. Indonesia Best Selling Brands for E-commerce Market hadir untuk memberikan apresiasi kepada para brand yang memiliki prestasi penjualan terbaik di e-commerce, khususnya di sektor FMCG. Metode penilaian dilakukan berdasarkan hasil riset Compas.co.id dengan cara crawling online di marketplace Shopee, Blibli, dan Tokopedia.

Kolaborasi acara ini bertujuan untuk mendorong pertumbuhan bisnis di e-commerce, dan dapat memotivasi para pengguna platform e-commerce untuk terus berinovasi.

Dari monitoring Compas.co.id, data perkembangan di industri FMCG mengalami perkembangan yang dinamis, walaupun sempat mengalami penurunan di Q2 2023, FMCG berhasil naik dengan konsisten sampai akhir 2023.

Nah, kira-kira brand-brand apa saja yang masuk dalam nominasi Indonesia Best Selling Brands in E-commerce Market 2024?🤔

Mention brand jagoanmu di bawah, yuk👇🏼

Selanjutnya, kita akan membahas brand-brand yang berhasil masuk dalam nominasi acara tersebut.

Nantikan di postingan kami berikutnya!

Dapatkan free demo e-commerce market data khusus untuk brand Anda dengan menghubungi kami sekarang melalui DM atau komen postingan di bawah ini sekarang juga dan tim expert kami akan memberikan demo dashboard dengan segera!!

Kami juga sudah membuka pre-order Compas Market Insight Semester 1 FMCG E-commerce Report 2024 dengan isi yang komprehensif membahas perkembangan FMCG di Semester 1 tahun 2024.",https://www.instagram.com/p/C9kKXity269/
compas.co.id,"Berdasarkan hasil data Compas Market Insight Dashboard, kategori kesehatan sempat mengalami penurunan, namun  tidak berlaku untuk kategori Mulut. Hasil dari Top 10 Kategori Kesehatan menunjukkan kategori Mulut berhasil mencapai pertumbuhan positif sebesar 46,7%. 

Data dari Compas.co.id memperlihatkan bahwa Non-Official Store memberikan sumbangan nilai penjualan terbesar, yakni 67%.

Pada data Top 10 Produk Kategori Mulut dipimpin oleh Pepsodent yang mencatatkan marketshare tertinggi, 15%. Diikuti oleh brand lain, Colgate, Sensodyne, Oral-B, Ciptadent, Polident, NASA, Listerine, Secret Clean, dan Darlie.

Nilai penjualan Pepsodent sebesar 75% justru berasal dari Offical Store. Data ini berbanding terbalik dengan data proporsi tipe seller di kategori Mulut.

Data Top 10 Seller Produk Pepsodent dipimpin oleh Official Store milik Unilever dan 70% penjual berasal dari Shopee.

Untuk Top Produk Listing Kategori Produk Pepsodent dimenangkan oleh produk satuan, yakni Pepsodent Pasta Gigi 225 gram dengan nilai penjualan Rp4 miliar dan 192 ribu produk telah terjual. Harga rata-rata dari produk tersebut adalah Rp20,9 ribu dengan rata-rata diskon 10,28%.

Nantikan diskusi dan wawasan menarik lainnya di minggu depan, jangan lupa untuk follow instagram Compas.co.id dan aktifkan notifikasi agar tetap update dengan informasi terbaru dari postingan kami!🔔

Bagi kamu yang ingin memahami tren FMCG terbaru bisa menghubungi kami melalui DM atau link yang ada di bio, dan tim expert kami akan memberikan demo dashboard.

Kami juga sudah membuka pre-order Compas Market Insight Semester 1 FMCG E-commerce Report 2024 dengan isi yang komprehensif membahas perkembangan FMCG di Semester 1 tahun 2024.

#CompasMarketInsight #FMCGIndonesia #MarketLeader #DataDriven #Ecommerce #Kesehatan #BrandStrategy #MarketingExcellence",https://www.instagram.com/p/C9UtPGvS2-u/
compas.co.id,"Mama’s Choice Memimpin Pasar Feminine Wash di April 2024!

Sebagai seorang pemimpin di industri FMCG, memahami dinamika pasar adalah kunci untuk tetap kompetitif. Berdasarkan data terbaru dari Compas Market Insight Dashboard, Mama’s Choice berhasil mendominasi pasar Feminine Wash dengan penjualan mencapai 43,5%, jauh di atas pesaing terdekat, Milk Recipe, dengan 24,1%.

Mengapa ini penting diketahui bagi Anda?
1. Strategi yang Terbukti Efektif: Pelajari bagaimana Mama’s Choice menerapkan strategi pemasaran dan distribusi yang efektif.
2. Insight Berharga: Dapatkan wawasan mendalam tentang preferensi konsumen dan trend pasar yang berkembang.
3. Kompetisi yang Ketat: Ketahui langkah-langkah yang diambil oleh pemain top lainnya seperti Mayium dan Lactacyd untuk tetap bersaing.

Sementara itu Brand lain yang masuk dalam top 10 kategori Feminine Wash adalah @milkrecipe.id, @mayiumofficial, @lactacydbabyid, @sebamed.id, @secretclean.id, @betadineindonesia, @resikv_id, @goodvirtues.co.id, @sumberayulpg.

Dengan data dari Compas Market Insight Dashboard, Anda dapat menyusun strategi yang lebih baik untuk meraih posisi teratas di kategori Anda. Mari tingkatkan performa brand Anda dan pimpin pasar bersama kami!

Dapatkan free demo e-commerce market data khusus untuk brand Anda dengan menghubungi kami sekarang melalui DM atau komen postingan di bawah ini sekarang juga dan tim expert kami akan memberikan demo dashboard!!

#CompasMarketInsight #FMCGIndonesia #MarketLeader #DataDriven #Ecommerce #FeminineWash #BrandStrategy #MarketingExcellence",https://www.instagram.com/p/C9MqRkzyhSG/
compas.co.id,"Hasil pantauan Compas.co.id pada data Top 10 Brand Kategori Paket Kecantikan Glow, brand NBS Memimpin pada kategori tersebut.

Paket Kecantikan Glow dengan harga 180an dari NBS berhasil membawa brand tersebut menjadi pemimpin dan meraih marketshare tertinggi hingga 31% di e-commerce.

NBS raih peringkat tinggi dan meninggakan pesaing terdekat, seperti Meronah di posisi 2 dengan marketshare 10,1%, KF Skin dan NS Queen di posisi 3 dan 4 dengan marketshare 9,8%, serta brand Verona Skincare, Ertos’s, Bierlian, DNY Skincare, Arumi, dan Perle Beaute.

Melalui Compas Market Insight Dashboard, brand kamu juga berkesempatan menjadi pemimpin pasar seperti NBS. Yuk, segera tingkatkan performa brand kamu dan pimpin pasar bersama kami!

Dapatkan free demo e-commerce market data khusus untuk brand Anda dengan menghubungi kami sekarang melalui DM atau komen postingan di bawah ini sekarang juga dan tim expert kami akan memberikan demo dashboard dengan segera!!

Kami juga sudah membuka pre-order Compas Market Insight Semester 1 FMCG E-commerce Report 2024 dengan isi yang komprehensif membahas perkembangan FMCG di Semester 1 tahun 2024.

#CompasMarketInsight #FMCGIndonesia #MarketLeader #DataDriven #Ecommerce #PaketKecantikan #BrandStrategy #MarketingExcellence",https://www.instagram.com/p/C9PO-vbS7eM/
compas.co.id,"Cool-Vita pimpin Top 5 Brand Kategori Suplemen Kecantikan di TikTok Shop dengan marketshare tertinggi, 30,7%. Diikuti oleh brand lain, seperti K-eauty, NewLab, Natur-E, dan Noera by Reisha.

Berdasarkan pantauan Compas.co.id pada tren penjualan brand Cool-Vita menunjukkan meningkatnya penjualan dari bulan Januari - April 2024, akan tetap di bulan Mei 2024 penjualan brand tersebut mengalami penurunan. Walaupun sempat menurun, brand Cool-Vita mampu meraih nilai penjualan lebih dari 19 miliar rupiah.

Official Store di TikTok Shop kuasai penjualan Cool-Vita dengan persentase 82,1%. Di sisi lain, 17,9% diraih oleh Non-Official Store Cool-Vita.

Data dari Top Seller Kategori Suplemen Kecantikan menunjukkan dominasi Official Store Cool-Vita yang meraih nilai marketshare tertinggi hingga 72,6%. Diikuti oleh seller coolvita.shop yang juga Official Store milik brand Cool-Vita di posisi 2 teratas dengan marketshare 16% yang sebenarnya pun toko Coolvita.shop ini adalah bagian dari brand Cool-Vita juga meskipun tidak berstatus official store di TikTok Shop.

Pada data Top Produk Listing, produk Cool-Vita Minuman Rasa Buah Peach meraih posisi tertinggi sebagai produk terlaris dengan nilai penjualan yang tembus hingga Rp15,1 miliar. Sebanyak 148,2 ribu produk telah terjual dengan harga rata-rata sebesar Rp106,3 ribu dan diskon rata-rata sebesar 88,57%.

Data di atas menyimpulkan bahwa dengan dominasi Official Store dan penerapan strategi diskon yang tepat, maka hasil yang didapat pun maksimal, seperti brand Cool-Vita yang berhasil mencatatkan nilai penjualan hingga Rp21 miliar rupiah pada kategori Suplemen Kecantikan.

Nantikan diskusi dan wawasan menarik lainnya di minggu depan, jangan lupa untuk follow instagram Compas.co.id dan aktifkan notifikasi agar tetap update dengan informasi terbaru dari postingan kami!🔔

Bagi kamu yang ingin memahami tren FMCG terbaru bisa menghubungi kami melalui DM atau link yang ada di bio, dan tim expert kami akan memberikan demo dashboard.

#fmcgindonesia #trenkonsumen #datapenjualan #ecommerceindonesia #tiktokshop #marketanalysis #infographic #suplemenkecantikan #healthcare",https://www.instagram.com/p/C9CrtOyyDAi/
compas.co.id,"Data terbaru dari Compas Market Insight Dashboard menunjukkan Mama’s Choice sebagai pemimpin pasar di kategori Baby Face Lotion dengan market share sebesar 42.3% pada April 2024. 📊

Mengapa Mama’s Choice Sukses?

	1.	Inovasi Produk: Formula inovatif yang sesuai dengan kebutuhan kulit bayi.
	2.	Strategi Pemasaran Efektif: Kampanye pemasaran yang menyasar ibu-ibu muda di platform digital.
	3.	Kolaborasi dengan E-commerce: Optimalisasi penjualan melalui Shopee, Tokopedia, dan TikTok Shop.

Sementara itu Brand lain yang masuk dalam top 10 Baby Face Lotion adalah @zwitsalnederland , @maskit.store , @lolunaofficial , @gently_indonesia , @budsorganics.id @bambibaby.id , @mybabyid , @pyunkangyul.id , dan @sanosan.id 

Dengan pendekatan yang data-driven dan fokus pada kebutuhan konsumen, Mama’s Choice tidak hanya meningkatkan market share tetapi juga menetapkan standar baru dalam industri perawatan bayi. 🌟

Ingin tahu lebih lanjut tentang bagaimana Compas.co.id dapat membantu brand Anda mencapai kesuksesan serupa? Dapatkan wawasan pasar yang mendalam dan strategi yang terbukti efektif dengan Compas Market Insight Dashboard. Dapatkan free demo e-commerce market data khusus untuk brand Anda dengan menghubungi kami sekarang melalui DM atau komen postingan di bawah ini sekarang juga dan tim expert kami akan memberikan demo dashboard!!

Kami juga sudah membuka pre-order Compas Market Insight Semester 1 FMCG E-commerce Report 2024 dengan isi yang komprehensif membahas perkembangan FMCG di Semester 1 tahun 2024.

#CompasMarketInsight #FMCGIndonesia #MarketLeader #DataDriven #Ecommerce #babyfacelotion #BrandStrategy #MarketingExcellence #mamaschoice",https://www.instagram.com/p/C-Cu-7Dy0wn/
compas.co.id,"Hasil monitoring Compas Market Insight Dashboard menampilkan data total produk terjual di angka 26 juta diraih oleh kategori Pelembab Wajah yang berada di urutan ke-2 dari Top 5 kategori produk Perawatan Kecantikan pada periode semester 1 2024.

Bagi para brand yang ingin meningkatkan jumlah produk terjual, mulailah pasarkan produk Pelembab Wajah dari brand yang kamu miliki di Shopee karena Shopee berkontribusi besar, yakni 97% dalam mendongrak jumlah produk terjual.

Brand The Originote menjadi brand terlaris nomor 1 kategori Pelembab Wajah dengan marketshare 7,8%, sedangkan brand Somethinc, Glad2Glow, MS Glow, Wardah, Viva Cosmetics, Kelly, Glow & Lovely, Ponds, dan Azarine adalah brand yang berada di peringkat selanjutnya.

Compas.co.id temukan fakta The Originote Official Shop memimpin Top 10 Seller Kategori Pelembab Wajah dengan kontribusi 42,8% berdasarkan total produk terjual.

Berkat kandungan Hyalucera, Brand The Originote memenangkan Kategori Pelembab Wajah Terlaris dengan nilai penjualan 11 miliar. Total produk telah terjual mencapai 270,7 ribu dengan harga rata-rata di angka Rp39,3 ribu dan diskon rata-rata sebesar 34,42%.

Dengan fakta yang dijelaskan oleh Compas.co.id di atas, maka ini saat yang tepat bagi kamu menyesuaikan strategi penjualan, khususnya dengan mengembangkan strategi di marketplace Shopee.

Nantikan diskusi dan wawasan menarik lainnya di minggu depan, jangan lupa untuk follow instagram Compas.co.id dan aktifkan notifikasi agar tetap update dengan informasi terbaru dari postingan kami!🔔

Bagi kamu yang ingin memahami tren FMCG terbaru bisa menghubungi kami melalui DM atau link yang ada di bio, dan tim expert kami akan memberikan demo dashboard.

Kami juga sudah membuka pre-order Compas Market Insight Semester 1 FMCG E-commerce Report 2024 dengan isi yang komprehensif membahas perkembangan FMCG di Semester 1 tahun 2024.

#CompasMarketInsight #FMCGIndonesia #MarketLeader #DataDriven #Ecommerce #beautycare #BrandStrategy #MarketingExcellence",https://www.instagram.com/p/C9hlN6Sytqt/
compas.co.id,"Compas.co.id collaborated with @swamediainc & @business.digest_swa to host the Award for Indonesia Best Selling Brands in E-commerce Market 2024. Congratulations to all FMCG brand awardees!🎉

@imploracosmetics as 1st Winner of Indonesia Best Selling Brands in e-Commerce Market 2024 in Category Lip Tint

@flimtyfiber as 1st Winner of Indonesia Best Selling Brands in e-Commerce Market 2024 in Category Diet Detox

@azarinecosmeticofficial as 1st Winner of Indonesia Best Selling Brands in e-Commerce Market 2024 in Category Sunscreen Aftersun

@sidomuncultbk as 1st Winner of Indonesia Best Selling Brands in e-Commerce Market 2024 in Category Traditional & Herbal Drink.

@collinschocolate as 1st Winner of Indonesia Best Selling Brands in e-Commerce Market 2024 in Category Jam

@maduuray as 1st Winner of Indonesia Best Selling Brands in e-Commerce Market 2024 in Category Honey.

@safiyafood as 1st Winner of Indonesia Best Selling Brands in e-Commerce Market 2024 in Category Food Grains.

#DataCompas #SWAmediainc #CompasDashboard #Ecommerce #FMCG #Sellingbrand #Awarding",https://www.instagram.com/p/C-IHW9DSjzP/
compas.co.id,"Bagaimana strategi brand-brand berikut ini, sehingga bisa mendominasi kategori Pelembab Wajah?🤔

Berdasarkan hasil monitoring Compas.co.id pada data Top 3 Brand Kategori Pelembab Wajah, setelah dikuasai Daviena Skincare, Brand dari The Originote dan H&H Skincare menyusul di posisi ke-2 dan ke-3. Brand The Originote berhasil memperoleh market share 4,5%, sedangkan H&H Skincare memperoleh market share 4,3%. 

Data pantauan Compas.co.id mengenai Top Produk Listing Kategori Pelembab dimenangkan oleh brand The Originote dengan produk terlaris, yaitu Hyalucera Moisturizer Gel. Nilai penjualan dari produk ini mencapai Rp2,8 miliar, dan sebanyak 72 ribu produk telah terjual dengan harga rata-rata yang didapat sebesar Rp37 ribu.

Hal yang dilakukan oleh The Originote hingga berhasil memperoleh penjualan di lebih dari Rp 2 miliar adalah menawarkan harga penjualan yang lebih murah dibandingkan dengan kompetitor lainnya, dimana harga satuan dari produk Pelembab Wajah merk Originote bisa didapat dengan harga dibawah Rp50 ribu.

Di sisi lain, Brand H&H pun juga menerapkan sebuah strategi yang berhasil membawa produk H&H Buy More Save More Advanced Glow Night Crem meraih nilai penjualan sebesar Rp2,6 miliar dengan 5 ribu produk telah terjual. Harga rata-rata dari produk milik H&H tersebut sebesar Rp467 rupiah.

Strategi yang dilakukan oleh H&H Skincare berbeda dengan The Originote. Brand H&H Skincare menerapkan strategi bundling dengan varian 2 pcs, 3 pcs, dan 4 pcs, sehingga konsumen memiliki banyak pilihan dan nilai penjualan pun dapat meningkat. 

Selanjutnya, bagaimana strategi yang dilakukan oleh brand-brand dalam kategori Kesejahteraan?

Nantikan di postingan kami selanjutnya!

Bagi kamu yang ingin memahami tren dan target konsumen dengan tepat, serta membuat strategi yang akurat, bisa menghubungi kami melalui DM atau link yang ada di bio, dan tim expert kami akan memberikan demo dashboard yang disesuaikan dengan kebutuhan data brand kamu!🙌🏼

#fmcg #marketanalysis #marketingdigital #datapenjualan #datacompas #infographic #datavisualization #pelembabwajah #kesejahteraan #healthcare #beautycare",https://www.instagram.com/p/C8uDQdHyP2q/
compas.co.id,"Berdasarkan data Top 5 Kategori Produk Perawatan Kecantikan Terlaris sepanjang semester 1 2024, ditemukan kategori Parfum & Wewangian meraih total produk terjual paling tinggi, yaitu 27 juta. Persaingan ketat terlihat dari kategori Pelembab Wajah yang meraih 26 juta produk terjual.

Tingkatkan peluang penjualan di Non-Official Store karena marketshare yang diraih tembus hingga 85% daripada Official Store yang hanya 15%.

Data Compas Market Insight Dashboard tunjukkan kepemimpinan Evangeline di rank 1 dari Top 10 Brand Kategori Produk Parfum & Wewangian dengan market share 4,3%, tinggalkan kompetitor lain, seperti Fres & Natural, Saff & Co, Mykonos, Bonavie, Scentplus, Miniso, Morris, Scarlett, dan Posh.

Evangeline Official Store  menjadi toko terlaris dari Brand Evangeline. Dari Top 10 Penjual di Brand Evangeline, 7 diantaranya berasal dari Marketplace Shopee memimpin 

Produk Parfum Evangeline Premium EDP Size 100ml masuk di nomor satu sebagai produk terlaris di kategori Parfum & Wewangian dengan total nilai penjualan Rp2,6 miliar dan sebanyak 83,5 ribu produk telah terjual di harga rata-rata Rp31,6 ribu dan diskon rata-rata sebesar 23,85%.

Data di atas menyimpulkan bahwa sebagai pebisnis harus dapat memanfaatkan peluang melalui penjualan Kategori Parfum & Wewangian karena kategori tersebut memimpin dalam Top 5 Kategori Produk Perawatan & Kecantikan Terlaris dan dari Top 10 Brand di Parfum & Wewangian, 7 diantaranya merupakan Brand local.

Selanjutnya, kita akan membahas kategori produk Pelembab Wajah yang mengalami kenaikan selama periode semester 1 2024.

Nantikan di postingan kami berikutnya!

Dapatkan free demo e-commerce market data khusus untuk brand Anda dengan menghubungi kami sekarang melalui DM atau komen postingan di bawah ini sekarang juga dan tim expert kami akan memberikan demo dashboard dengan segera!!

Kami juga sudah membuka pre-order Compas Market Insight Semester 1 FMCG E-commerce Report 2024 dengan isi yang komprehensif membahas perkembangan FMCG di Semester 1 tahun 2024.

#CompasMarketInsight #FMCGIndonesia #MarketLeader #DataDriven #Ecommerce #beautycare #BrandStrategy #MarketingExcellence",https://www.instagram.com/p/C9fAZhuyymi/
compas.co.id,"Brand-Brand yang Menguasai Kategori Pelembab Wajah dan Kesejahteraan!✨

Brand Daviena menduduki posisi 1 dalam kategori Pelembab Wajah dengan market share tertinggi, yaitu 5,1%. Beberapa brand lain yang menyusul Daviena adalah The Originite, H&H Skincare, Skintific, Chalonese, Byzoe, SSSKIN, Elformula, Gmeelan, dan Somethinc.

Berdasarkan data Top 10 Brand Kategori Kesejahteraan, Blackmores menguasai pasar dengan market share tertinggi sebesar 10,9%. Di sisi lain, brand NOW, Bronson, Puritan’s Pride, Health Care, Nature’s Plus, Swisse, Ovisure Gold, Microingredients, dan CDR juga masuk dalam daftar.

Compas.co.id turut memantau data pada kategori Pelembab Wajah. Hasilnya, Paket 3 pcs dari brand Daviena meraih nilai penjualan tertinggi dengan harga rata-rata sebesar 434 ribu rupiah, dengan market share sebesar 2,03%.

Hal ini menunjukkan bahwa Top 10 Produk Brand Daviena di Kategori Pelembab Wajah didominasi oleh produk bundling, di mana Paket Bundling 3 pcs ukuran 50 gram per pcs menjadikan harga satuan lebih murah dibandingkan produk sejenis yang dijual satuan.

Dalam kategori Kesejahteraan, produk Vitamin D3 1000 IU sebanyak 200 kapsul dari Blackmores meraih nilai penjualan tertinggi dengan harga rata-rata sebesar 254 ribu rupiah dengan market share 0,17%.

Top 10 Produk Blackmores di Kategori Kesejahteraan didominasi oleh produk dengan manfaat menjaga daya tahan tubuh, seperti Vitamin D3, Vitamin C 1000, dan Multivitamin & Mineral. Temuan lainnya menunjukkan bahwa isi kemasan besar dianggap lebih worth the value dan dipilih oleh konsumen, terlihat bahwa isi kemasan di atas 60 kapsul menjadi penjualan terbanyak di Top 10 Produk Vitamin Blackmores.

Selanjutnya, apa strategi dari brand lain di kategori pelembab wajah dan kesejahteraan?🤔

Nantikan di postingan kami selanjutnya!

Bagi kamu yang ingin memahami tren dan target konsumen dengan tepat, serta membuat strategi yang akurat, bisa menghubungi kami melalui DM atau link yang ada di bio, dan tim expert kami akan memberikan demo dashboard yang disesuaikan dengan kebutuhan data brand kamu!🙌🏼

#fmcg #marketanalysis #marketingdigital #datapenjualan #datacompas #infographic #datavisualization",https://www.instagram.com/p/C8rmZ_OyfVj/
compas.co.id,"Dampak Akuisisi, Nilai Penjualan FMCG di TikTok Shop Melesat!📈

Berdasarkan hasil monitoring dari Compas Market Insight Dashboard kategori Perawatan dan Kecantikan menjadi Key Contributor Performance di TikTok Shop, terlihat bahwa angka penjualan kategori tersebut tembus lebih dari Rp5,2 triliun.

Sementara itu berdasarkan Data Compas.co.id, kategori makanan dan minuman menjadi key contributor performance di Tokopedia dengan menunjukkan perolehan nilai penjualan sebesar Rp1,8 triliun.

Jika kita melihat secara detail berdasarkan data Compas.co.id, pada Tiktok Shop kategori produk yang mendominasi nilai penjualan adalah pelembab wajah dengan total nilai penjualan sebesar Rp433 miliar.

Sedangkan, di Tokopedia Kategori Produk yang mendominasi nilai penjualan adalah Kesejahteraan dengan total nilai penjualan sebesar Rp287 miliar menjadi terbesar total nilai penjualannya diantara kategori produk lainnya yang ada di Tokopedia.

Selanjutnya, brand apa saja yang mendominasi kategori pelembab wajah dan kesejahteraan?

Nantikan di postingan kami selanjutnya!

Bagi kamu yang ingin memahami tren dan target konsumen dengan tepat, serta membuat strategi yang akurat, bisa menghubungi kami melalui DM atau link yang ada di bio dan tim expert kami akan memberikan demo dashboard yang disesuaikan dengan kebutuhan data brand kamu!

#fmcg #marketanalysis #marketingdigital #datapenjualan #datacompas #infographic #datavisualization #beautycare  #pelembabwajah #makanan #minuman #healthcare #tokopedia #tiktokshop",https://www.instagram.com/p/C8o80jLyF99/
compas.co.id,"Data dari Compas Dashboard menunjukkan bahwa kategori Suplemen Kecantikan di Tiktok Shop merupakan kategori dengan pertumbuhan nilai penjualan yang konsisten positif. Sedangkan, pada kategori lain, seperti Body Lotion, Serum Wajah, Parfum & Wewangian, Kesejahteraan, Lipstik, dan lain-lain mengalami nilai penjualan yang fluktuatif.

Sementara itu, di e-commerce Shopee, Lazada, dan Tokopedia justru mengalami fluktuasi dalam nilai penjualan pada kategori tersebut. Dengan demikian, dapat disimpulkan bahwa walaupun Tokopedia telah diakuisisi TikTok Shop, hasil yang terlihat belum menunjukkan dampak peningkatan secara positif, khususnya dalam kategori Suplemen Kecantikan.

Selanjutnya, siapa yang menjadi Key Contributor Performance pada kategori Suplemen Kecantikan di TikTok Shop?

Nantikan di postingan kami selanjutnya!

Bagi kamu yang ingin memahami tren dan target konsumen dengan tepat, serta membuat strategi yang akurat, bisa menghubungi kami melalui DM atau link yang ada di bio, dan tim expert kami akan memberikan demo dashboard yang disesuaikan dengan kebutuhan data brand kamu!

#fmcgindonesia #trenkonsumen #datapenjualan #ecommerceindonesia #tiktokshop #tokopedia #marketanalysis #infographic",https://www.instagram.com/p/C84Y7SVSNrk/
compas.co.id,"Peta Persaingan Brand Lokal vs Global Kategori Beauty Care!💄

Berdasarkan data Top 50 Brand Beauty & Care, Brand Lokal mengungguli Brand Global dengan persentase 52% dan meraih total penjualan lebih dari 41 juta produk. Di lain sisi, persentase Brand Global berada di angka 48% dan total penjualan mencapai 33 juta produk.

Pada kategori Lipstik, Brand Hanasui dominasi Top 5 Brand Lokal dengan market share 18,8%. Brand lainnya terdiri dari Implora (12,5%), OMG (10,19%), Wardah (5,6%), dan Make Over (2,4%).

Data Top 5 Brand Global kategori Lipstik berhasil dikuasai Lameila dengan market share 9,2%, disusul Maybelline (8,5%), Pinkflash (3,9%), Focallure (1,3%), dan O.Two.O (1,1%).

Dalam monitoring data Top 5 Brand Lokal kategori Pelembab Wajah, Originote duduki posisi 1 dengan perolehan market share 10,1%, sementara itu dalam data Top 5 Brand Global kategori Pelembab Wajah dikuasai Skintific dengan market share 7,6%.

Terakhir, pada data Top 5 Brand Lokal kategori Parfum dan Wewangian, Geamoore pimpin pasar parfume dan wewangian dengan market share 4,9%. Lalu, pada data Top 5 Brand Global, parfum Lelabo mencapai market share tertinggi hingga 8%.

Nantikan diskusi dan wawasan menarik lainnya di minggu depan, jangan lupa untuk follow instagram Compas.co.id dan aktifkan notifikasi agar tetap update dengan informasi terbaru dari postingan kami!🔔

Bagi kamu yang ingin memahami tren dan target konsumen dengan tepat, serta membuat strategi yang akurat, bisa menghubungi kami melalui DM atau link yang ada di bio dan tim expert kami akan memberikan demo dashboard yang disesuaikan dengan kebutuhan data brand kamu!🙌🏼

#fmcg #marketanalysis #marketingdigital #datapenjualan #DataCompas #infographic #datavisualization #beautycare #pelembabwajah #lipstick #parfume",https://www.instagram.com/p/C8eohx6SRKI/
compas.co.id,"Bagaimana trend pasar Mom & Baby Care di E-commerce dan Social Commerce sekarang?🤔
Saksian segera hanya di Podcast Ruang Tamu Compas. 

Episode kali ini akan ditemani oleh kak @brianprakoso selaku Manager E-commerce dari PT Interbat.

Tonton video selengkapnya di sini ya👇🏼👇🏼
📍 Youtube: https://youtu.be/KEJM9tF0pLs?si=2KfT3JTKZe4igSlW
📍 Spotify: https://open.spotify.com/episode/77yHzTq8WgWfGEnJcm8uAf?si=SvgvJRBWRweWk4TNh1P3hA

#podcast #marketresearch #momandbaby #babycare #socialcommerce",https://www.instagram.com/p/C84GV5qSg9E/
compas.co.id,"Peta persaingan Brand Lokal vs Brand Global dalam kategori Makanan dan Minuman di E-commerce!

Dalam data Top 50 Brand Terlaris kategori Makanan dan Minuman, terlihat bahwa Brand Lokal mengungguli Brand Global dengan persentase 72% dan mencatatkan total penjualan produk lebih dari 18,6 juta. Brand Global hanya memperoleh persentase 28% dengan total penjualan produk sebanyak 5,4 juta.

Data Top 5 Brand Lokal kategori Biskuit dan Kue Kering dimenangkan oleh brand Tango dengan market share 11,6%. Brand Roma menyusul di posisi ke-2, Biskitop di posisi ke,3, Beng-Beng di posisi ke-4, dan Nabati di posisi terakhir. Sementara itu, data Top 5 Brand Global untuk kategori Biskuit dan Kue Kering dijuarai oleh Monde dengan market share 4,6%. Diikuti oleh Brand Oreo, Nissin, Pocky, dan Apollo dengan menempati posisi masing-masing.

Data mengenai Top 5 Brand Lokal kategori Keripik Kerupuk menunjukkan Brand Finna sebagai Juara dengan marketshare tertinggi, 6,6%. Disusul oleh Brand Cap Koki, Sabena, Ngabret, dan Basreng Sultan Bandung, sedangkan pada data Top 5 Brand Global kategori Keripik Kerupuk, Pringles duduki posisi 1 dengan perolehan marketshare 1,9%. Adapun Brand Global lain yang menyusul adalah Chitato, Mister Potato, Krisbee, dan Japota.

Selanjutnya, Compas.co.id memantau data Top 5 Brand Lokal kategori Mie Pasta Instan, dimana Brand Indomie kuasai marketshare lebih dari 37,5%, sedangkan pada data Top 5 Brand Global kategori Mie Pasta Instan dimenangkan oleh Nongshim dengan keberhasilannya meraih marketshare hingga 3,9%.

Selanjutnya, bagaimana peta persaingan Brand FMCG Lokal dan Global dalam kategori Mom & Baby Care?
Nantikan di postingan kami selanjutnya!

Bagi kamu yang ingin memahami tren dan target konsumen dengan tepat, serta membuat strategi yang akurat, bisa menghubungi kami melalui DM atau link yang ada di bio dan tim expert kami akan memberikan demo dashboard yang disesuaikan dengan kebutuhan data brand kamu!

#fmcg #marketanalysis #marketingdigital #datapenjualan #DataCompas #infographic #datavisualization",https://www.instagram.com/p/C8Ze-omy7ny/
compas.co.id,"Efek TikTok Shop Akuisisi Tokopedia, Nilai Penjualan Naik Pesat!📈

Compas.co.id merilis data hari ini tentang dampak yang muncul akibat bergabungnya Tokopedia dan TikTok Shop sejak akhir Januari 2024.

Hasilnya terlihat bahwa nilai penjualan yang diraih TikTok Shop menyentuh angka 2 triliun rupiah di bulan Mei 2024. Pada bulan yang sama, Tokopedia pun turut serta menghasilkan nilai penjualan hingga 900 miliar rupiah.

Dengan demikian, hasil pantauan Compas.co.id menyimpulkan bahwa tindakan mengakuisisi Tokopedia yang dilakukan TikTok berhasil memunculkan peluang penjualan terbaru. Akuisisi Tokopedia oleh TikTok diikuti dengan pertumbuhan nilai penjualan FMCG di TikTok Shop, namun Tokopedia mengalami stagnasi yang kemungkinan disebabkan oleh perlunya penyesuaian dan strategi baru untuk diterapkan ke depannya

Selanjutnya, kategori FMCG apa saja yang menopang performace dari dua e-commerce tersebut?
Nantikan di postingan kami selanjutnya!

Bagi kamu yang ingin memahami tren dan target konsumen dengan tepat, serta membuat strategi yang akurat, bisa menghubungi kami melalui DM atau link yang ada di bio dan tim expert kami akan memberikan demo dashboard yang disesuaikan dengan kebutuhan data brand kamu!

#fmcg #marketanalysis #marketingdigital #DataCompas #tokopedia #tiktokshop #layoff",https://www.instagram.com/p/C8mRLo2S_Hx/
compas.co.id,"Hasil analisis Compas.co.id pada Top 3 Brand Kategori Suplemen Kecantikan. Brand NewLab+ raih posisi ke-3 dengan market share 5,1%.

Compas.co.id pun turut memantau perkembangan nilai penjualan brand NewLab+ di TikTok Shop. Hasilnya menunjukkan sejak Februari sampai Mei 2024, meskipun sempat mengalami perlambatan pertumbuhan nilai penjualan pada bulan Februari dan Maret, Newlab+ Mengalami Lonjakan Nilai Penjualan dari Bulan April Hingga Berhasil Menutup Bulan Mei 2024 dengan Nilai Penjualan Mencapai 3 Miliar Rupiah.

Data dari Compas Dashboard pun terlihat bahwa non-official store memiliki peran yang sangat signifikan dalam distribusi produk Newlab+ di Kategori Suplemen Kecantikan dengan market share mencapai 88,5%. Meskipun dominasi official store sangat besar, tidak boleh mengabaikan official store yang juga berkontribusi pada penjualan Newlab+ dengan market share Sebesar 11,5%

Hasil dari Top Produk Listing Newlab+ di kategori Suplemen Kecantikan adalah produk paket bundling Brightology Colagen Drink dengan terjual sebanyak 6,8 ribu produk dengan nilai penjualan mencapai 1,7 miliar rupiah. Rata-rata harga yang dijual sebesar 254,5 ribu dengan rata-rata diskon 57,51%.

Kesimpulan dari data di atas, yaitu produk dengan kandungan Kolagen dan Gluthatione adalah produk unggulan di Official Store, sehingga mampu mendorong penjualan NewLab+ di TikTok Shop.

Selanjutnya, bagaimana performance brand suplemen kecantikan yang berada di peringkat 2?
Nantikan di postingan kami selanjutnya!

Bagi kamu yang ingin memahami tren FMCG terbaru bisa menghubungi kami melalui DM atau link yang ada di bio, dan tim expert kami akan memberikan demo dashboard.

#fmcgindonesia #trenkonsumen #datapenjualan #ecommerceindonesia #tiktokshop #marketanalysis #infographic #suplemenkecantikan #healthcare",https://www.instagram.com/p/C89iCWDSPLa/
compas.co.id,"Compas.co.id memantau data dari 109 brand yang masuk dalam daftar boikot, 109 brand tersebut mengalami penurunan tajam di November 2023 efek dari Campaign Boikot yang pertama dan berlanjut berdampak hingga februari 2024, sempat memiliki memiliki progress positif di bulan Maret 2024, turun pada April 2024 dan kembali mengalami peningkatan jumlah produk terjual pada Mei 2024.

Campaign ""All Eyes On rafah"" yang baru-baru ini di gaungkan di socmed pada akhir bulan Mei sampai awal bulan Juni 2024 ternyata juga membuat 109 brand yang dimonitor kembali mengalami penurunan jumlah produk terjual hingga 19%.

Jika melihat dampaknya pada keseluruhan Industri FMCG, terlihat bahwa pada periode campaign “All Eyes on Rafah” Kategori Kesehatan dan F&B adalah kategori yang paling terdampak terhadap isu boikot, mengalami penurunan hingga 16,5%. Sementara itu Kategori Beauty Care hanya turun sebesar 3,2%.

Kategori lain yang juga terdampak adalah kategori perlengkapan rumah tangga dengan penurunan 13,2%, serta kategori Mom & Baby Care turun sampai 7,1%.

Penasaran dengan brand-brand FMCG apa saja yang terdampak? Nantikan penjelasan kami di postingan berikutnya!🤗

Bagi kamu yang ingin memahami tren dan target konsumen dengan tepat, serta membuat strategi yang akurat, bisa menghubungi kami melalui DM atau link yang ada di bio dan tim expert kami akan memberikan demo dashboard yang disesuaikan dengan kebutuhan data brand kamu!🙌🏼

#boikot #fmcg #marketingdigital #marketanalysis #infographic",https://www.instagram.com/p/C8CWBKmSYbr/
compas.co.id,"Berdasarkan hasil pantauan Compas.co.id, brand Skintific yang diwakili oleh Official Storenya, Skintific Official Shop menunjukkan bahwa brand tersebut berhasil memperoleh dan meningkatkan nilai penjualan dengan memaksimalkan momen double date.

Data dari Compas Market Insight Dashboard memperlihatkan bahwa Skintific mencapai puncak tertinggi nilai penjualan di double date pada bulan Desember 2023, nilai penjualan mencapai lebih dari 400 juta saat 12.12.

Selama momen double date, Skintific menyediakan penawaran yang menarik dengan diskon hingga 50% yang berlaku selama periode 12.12. Harga yang ditawarkan pun lebih rendah dibandingkan dengan harga rata-rata paket kecantikan yang ditawarkan pada periode pantauan Compas.co.id

Next, bagaimana kondisi brand Lokal vs Global di kategori paket kecantikan?
Nantikan di konten selanjutnya!

Jangan lupa follow dan nyalakan notifikasi agar tidak ketinggalan update dari kami.

Bagi kamu yang ingin memahami tren dan target konsumen dengan tepat, serta membuat strategi yang akurat, bisa menghubungi kami melalui DM atau link yang ada di bio dan tim expert kami akan memberikan demo dashboard yang disesuaikan dengan kebutuhan data brand kamu!

 #Skintificid #PaketKecantikan #MarketInsight #DoubleDateCampaign",https://www.instagram.com/p/C74AjfkSwgo/
compas.co.id,"Kondisi kategori Mom & Baby Care sepanjang periode boikot!🍼

Dalam hasil pantauan Compas.co.id terlihat bahwa brand pada kategori Mom & Baby Care yang terboikot alami penurunan penjualan signifikan sebesar 81% dan sisanya 19% brand yang terboikot masih menunjukkan pertumbuhan positif.

Dapat dilihat pula pada data manufaktur yang dipantau terdapat 1 manufaktur yang tetap alami pertumbuhan positif 14,4%, sementara 4 manufaktur lainnya alami penurunan penjualan 9%.

Brand pengganti kategori Baby Lotion raih penjualan sampai 30%. Diantara 2 brand yang terboikot, terdapat 1 brand yang tetap alami pertumbuhan penjualan sebesar 15%.

Data pada kategori Susu Formula pun menunjukkan hal serupa, dimana brand pengganti menguasai yang diwakili oleh Entrakid raih penjualan sampai 40%, sedangkan penurunan pada brand yang terboikot mencapai 14,5%, dimana 2 diantaranya catat penjualan positif sebesar 10%.

Selanjutnya, pada kategori Sabun Mandi brand-brand lokal catat pertumbuhan hingga 32,3%. Dan, tidak ada brand yang terboikot yang menunjukkan pertumbuhan positif.

Lalu, bagaimana dampak boikot terhadap kategori Healthcare? Nantikan di postingan kami selanjutnya!

Bagi kamu yang ingin memahami tren dan target konsumen dengan tepat, serta membuat strategi yang akurat, bisa menghubungi kami melalui DM atau link yang ada di bio dan tim expert kami akan memberikan demo dashboard yang disesuaikan dengan kebutuhan data brand kamu!🙌🏼

#alleyesonrafah #boikot #fmcg #marketanalysis",https://www.instagram.com/p/C8KPm9dSqTl/
compas.co.id,"Kondisi terkini pada kategori Healthcare yang terboikot!🍼

Kategori Healthcare alami nasib yang serupa dengan kategori lain sebagai efek dari gerakan boikot. Pada hasil pantauan data Compas.co.id terlihat sebesar 68% brand yang terboikot alami penurunan tajam dan 32% brand lainnya masih memperoleh peningkatan penjualan.

Lalu, hasil monitoring mengenai manufaktur pada kategori Healthcare menunjukkan 1 diantara 4 manufaktur yang masuk ke daftar manufaktur di boikot memperoleh penjualan positif, sedangkan 3 lainnya alami penurunan penjualan sebesar 9,8%. Manufaktur Lokal turut tunjukkan eksistensinya dengan meraih peningkatan penjualan sampai 23%.

Data pada kategori Kesejahteraan tunjukkan penjualan yang meningkat secara positif sampai angka 60% dan penjualan tersebut diraih oleh brand Redoxon, namun ditemukan 1 brand yang masuk daftar boikot turut serta alami pertumbuhan positif 5%.

Pada data kategori Mulut, brand yang tidak terboikot catat pertumbuhan penjualan hingga lebih dari 50%, sementara brand yang terboikot mendapatkan penurunan penjualan mencapai 9,4%.

Lalu, bagaimana peta persaingan brand FMCG Global vs Lokal di E-commerce?🤔

Nantikan diskusi dan wawasan menarik lainnya di minggu depan, jangan lupa untuk follow instagram Compas.co.id dan aktifkan notifikasi agar tetap update dengan informasi terbaru dari postingan kami!🔔

Bagi kamu yang ingin memahami tren dan target konsumen dengan tepat, serta membuat strategi yang akurat, bisa menghubungi kami melalui DM atau link yang ada di bio dan tim expert kami akan memberikan demo dashboard yang disesuaikan dengan kebutuhan data brand kamu!🙌🏼

#alleyesonrafah #boikot #fmcg #marketanalysis #healthcare",https://www.instagram.com/p/C8M1vm9yPml/
compas.co.id,"Pengaruh boikot terhadap pasar perawatan dan kecantikan!💄

Ramainya aksi boikot yang dibagikan di social media memberikan dampak pada kategori perawatan dan kecantikan. Diperkuat dengan hasil pantauan Compas.co.id, Setengah dari 86 brand yang terpantau sebagai brand yang diboikot di kategori Beauty Care mengalami penurunan penjualan. Meskipun demikian, impact dari campaign boikot ini tidak memberikan pengaruh signifikan karena masih ada 43% dari 86 brand kategori perawatan dan kecantikan yang tetap membukukan penjualan positif.

Isu boikot ini justru mampu mendorong penjualan hingga 13,8% pada manufaktur lokal! Meskipun dari Manufaktur Global mayoritas mencatatkan penjualan negatif, tapi ada 2 manufaktur Global yang diboikot justru berhasil survive dan alami pertumbuhan penjualan positif pada periode campaign boikot ini.

Pada kategori sabun mandi, penjualan dari brand GIV dan Nouvo berhasil mencatatkan penjualan positif hingga 8,5%, sementara itu 2 brand yang diboikot mengalami penurunan penjualan hingga 9,2%.

Tak hanya kategori Beauty Care dan Sabun, kategori Deodorant dan Body Lotion juga terkena dampak dari adanya boikot. Pada kategori Deodorant penjualan brand boikot turun hingga 13,5%. Hal positif dialami oleh brand Posh dan Kahf yang mengalami peningkatan penjualan sebesar 19,3%.

Pada kategori Body Lotion brand Marina dan Emeron mencatat penjualan positif masing-masing 8% dan 17,5%, sementara itu penurunan penjualan terjadi pada brand yang diboikot hingga 8% meskipun ada brand yang diboikot pada kategori ini yang mencatatkan penjualan positif meski tipis hanya 0,7%.

Pada kategori Pelembab Wajah, brand Wardah, Marina, dan Emina capai peningkatan penjualan hingga 38,7%, sementara penjualan dari brand yang di boikot turun hingga 21,5%.

Lalu, bagaimana dampak boikot terhadap kategori F&B? Nantikan penjelasan kami di postingan berikutnya!🤗

Bagi kamu yang ingin memahami tren dan target konsumen dengan tepat, serta membuat strategi yang akurat, bisa menghubungi kami melalui DM atau link yang ada di bio dan tim expert kami akan memberikan demo dashboard yang disesuaikan dengan kebutuhan data brand kamu!🙌🏼

#alleyesonrafah #boikot #fmcg #marketanalysis",https://www.instagram.com/p/C8E9HmFS-gC/
compas.co.id,"Peta persaingan Brand Global dan Brand Lokal dalam kategori Healthcare di E-commerce!

Berdasarkan hasil data Compas Market Insight Dashboard, dari Top 50 Brand Terlaris kategori Healthcare, terlihat bahwa brand Lokal unggul dengan persentase 58% dibanding Brand Global. Tak hanya itu, Brand Lokal pun berhasil meraih total penjualan lebih dari 8,7 juta, sementara Brand Global meraih di angka 4,8 juta.

Pada Top 5 Brand Lokal Terlaris kategori Kesejahteraan, Brand Tolak Angin mewakili berada di posisi 1 dengan market share 7,6%, brand lain yang menyusul Tolak Angin terdiri dari Zymuno, Ipi, CDR, dan Sido Muncul.

Sedangkan, pada Top 5 Brand Global Kategori Kesejahteraan didominasi oleh Blackmores dengan market share 4,7%.

Dalam data pantauan Compas.co.id pada kategori Mulut, Brand Nasa sebagai perwakilan dari Brand Lokal berhasil menduduki posisi 1 dengan market share 5,1%, diikuti oleh brand lainnya, seperti Delident, Formula, Secret Clean, dan Kodomo.

Top 5 Brand Terlaris Global pada kategori Mulut diwakili oleh Pepsodent yang mencatatkan market share tertinggi, 15,1% di e-commerce.

Untuk Top 5 Brand Lokal Terlaris kategori Obat Bebas, Brand OGB Dexa kuasai market share dengan persentase 4,2%, sedangkan Panadol yang masuk dalam Brand Global raih market share dengan persentase 1,0%.

Selanjutnya, bagaimana peta persaingan Brand FMCG Lokal dan Global dalam kategori Makanan dan Minuman?
Nantikan di postingan kami selanjutnya!

Bagi kamu yang ingin memahami tren dan target konsumen dengan tepat, serta membuat strategi yang akurat, bisa menghubungi kami melalui DM atau link yang ada di bio dan tim expert kami akan memberikan demo dashboard yang disesuaikan dengan kebutuhan data brand kamu!

#fmcg #marketanalysis #marketingdigital #datapenjualan #DataCompas #infographic #datavisualization",https://www.instagram.com/p/C8W7XBxy_VD/
compas.co.id,"Hi, teman-teman Compas! Apakah Kamu sudah menonton episode ketiga dari podcast Ruang Tamu Compas?

Yuk, segera tonton episode terbaru dari Podcast Ruang Tamu Compas. Pembahasan dalam podcast kali ini akan ditemani oleh kak @brianprakoso sebagai Manajer E-commerce dari PT Interbat yang akan menceritakan lebih dalam mengenai dampak dan peluang dari Social Commerce!

Tonton video selengkapnya di sini ya👇🏼👇🏼
📍 Youtube: https://youtu.be/KEJM9tF0pLs?si=2KfT3JTKZe4igSlW
📍 Spotify: https://open.spotify.com/episode/77yHzTq8WgWfGEnJcm8uAf?si=SvgvJRBWRweWk4TNh1P3hA

#podcast #marketresearch #momandbaby #babycare #socialcommerce",https://www.instagram.com/p/C8ZD7NtSFwb/
compas.co.id,"Kategori makanan & minuman turut serta terdampak isu boikot!🍫

Hasil monitoring Compas.co.id pada kategori Makanan dan Minuman menunjukkan kategori tersebut turut terdampak dari adanya gerakan boikot. Merujuk pada data Compas Market Insight Dashboard, ditemukan 53% brand Makanan dan Minuman yang diboikot alami penurunan penjualan dan masih terdapat 47% brand Makanan dan Minuman yang mencatat pertumbuhan penjualan yang positif.

Jika melihat dari data yang dimonitor mengenai manufaktur Makanan dan Minuman yang diboikot, terdapat 1 manufaktur yang tetap tumbuh sebesar 4%, sementara itu manufaktur lokal semakin eksis dengan pertumbuhan positif mencapai 18%.

Pada kategori Cokelat, brand Silverqueen mencatat pertumbuhan tertinggi sebesar 34,4%, sedangkan brand yang diboikot pada kategori Cokelat alami penurunan penjualan sampai 20,5% dan terdapat 1 diantara 3 brand yang diboikot masih mengalami pertumbuhan positif 4,9%.

Dalam pantauan data Compas.co.id pada kategori kopi, brand Excelso dan Caffino raih pertumbuhan positif hingga 20,1%. Dan, 1 dari 3 brand brand yang diboikot menunjukkan pertumbuhan positif 4,6%, sedangkan sisanya alami penurunan penjualan sampai 17,1%.

Penjualan kategori penyedap rasa pada brand yang diboikot turun 31,2%, brand Sasa, Masako, dan Ajinomoto menjadi brand yang meraih pertumbuhan positif dengan angka hingga 16,1%.

Terlihat pula pada data kategori biskuit & kue kering alami penurunan penjualan tertinggi dengan angka 23%. Brand Gery, Roma, dan Khong Guan menjadi brand dengan mencatat penjualan positif sebesar 13%.

Lalu, bagaimana dampaik boikot terhadap kagegori Mom & Baby Care? Nantikan di postingan kami selanjutnya!

Bagi kamu yang ingin memahami tren dan target konsumen dengan tepat, serta membuat strategi yang akurat, bisa menghubungi kami melalui DM atau link yang ada di bio dan tim expert kami akan memberikan demo dashboard yang disesuaikan dengan kebutuhan data brand kamu!🙌🏼

#alleyesonrafah #boikot #fmcg #marketanalysis",https://www.instagram.com/p/C8HgCDXSCH7/
compas.co.id,"Situasi pasar paket kecantikan selama kuartal satu 2024!✨

Hasil analisis pada Compas Market Insight Dashboard terhadap Top 50 Brand Terlaris pada kategori paket kecantikan didominasi oleh brand lokal dengan persentase 74% pada periode Q1 2024.

Berdasarkan jumlah produk terjual antara brand lokal vs global, terlihat bahwa brand lokal masih lebih eksis dibandingkan brand global dikarenakan brand lokal menguasai pasar paket kecantikan dengan total penjualan lebih dari  3,3 juta produk selama Q1 2024.

Data nilai penjualan antara brand lokal vs global pun masih dijuarai oleh brand lokal. Nilai total penjualan brand lokal mencapai lebih dari Rp 340 miliar, sedangkan brand global hanya mencapai Rp 110 miliar.

Compas.co.id juga memantau perbandingan rata-rata jumlah produk terjual dan nilai penjualan antara brand lokal dan global yang berada pada top 50 brand terlaris kategori paket kecantikan. Hasil dari data pantauan Compas.co.id menunjukkan bahwa brand lokal masih tetap unggul.

Setiap Brand lokal yang berada pada daftar top 50 brand terlaris kategori paket kecantikan mampu menjual rata rata sebanyak 90 ribu produk dengan rata-rata nilai penjualan yang diraih oleh brand lokal lebih dari Rp 9,2 miliar selama 1 quarter 2024.

Produk terlaris dari brand lokal yang berada di daftar top 50 brand terlaris kategori kecantikan ditempati oleh brand @kymmbeauty dengan meraih market share 1,2%, sedangkan produk dari brand global dijuarai oleh @skintificid dengan market share sebesar 4,6%.

Nantikan diskusi dan wawasan menarik lainnya di minggu depan, jangan lupa untuk follow instagram Compas.co.id dan aktifkan notifikasi agar tetap update dengan informasi terbaru dari postingan kami!🙌🏼

Bagi kamu yang ingin memahami tren dan target konsumen dengan tepat, serta membuat strategi yang akurat, bisa menghubungi kami melalui DM atau link yang ada di bio dan tim expert kami akan memberikan demo dashboard yang disesuaikan dengan kebutuhan data brand kamu!🤗

#beauty #skintific #paketkecantikan #marketingdigital #marketanalysis #infographic #beautybrand",https://www.instagram.com/p/C76lLUOSwU3/
compas.co.id,"*Catatan Redaksi: Terdapat kesalahan dalam kategori Popok Sekali Pakai. Brand MamyPoko pada data Top 5 Brand Lokal seharusnya dimasukkan dalam Brand Global atau Top 5 Brand Global
--------------------------
Peta persaingan Brand Lokal vs Brand Global pada kategori Ibu dan Anak di E-commerce!🍼

Berdasarkan hasil monitoring Compas.co.id mengenai data Top 50 Brand Terlaris kategori Ibu dan Anak menunjukkan eksistensi Brand Lokal dengan perolehan persentase tertinggi di angka 54% dan berhasil mencatatkan total penjualan produk lebih dari 12 juta produk. Terdapat perbedaan tipis antara Brand Lokal vs Brand Global, dimana Brand Global meraih persentase di angka 46% dan total penjualan produk sebanyak 7,5 juta.

Dalam data Top 5 Brand Baby Lotion Lokal Terlaris diraih oleh My Baby dengan marketshare 13,3%. Brand selanjutnya yang memperoleh market share tertinggi adalah Gently (4,6%), Beeme (3,8%), Moell (3,7%), dan Bambi (3,4%).

Di sisi lain, data Top 5 Brand Global kategori Baby Lotion Terlaris dimenangkan oleh Cussons dengan perolehan marketshare 14,5%. Brand Zwitsal, Johnson’s, Pigeon, dan Buds turut serta masuk dalam jajaran Brand tersebut.

MamyPoko juarai Top 5 Brand Lokal kategori Popok Sekali Pakai dengan marketshare tertinggi, 31%. Sedangkan Brand Sweety meraih marketshare 15,1%, Baby Happy meraih marketshare 12,3%, Happy Nappy dan Sensi masing-masing meraih marketshare lebih dari 2%.

Di lain sisi, pemenang dari Top 5 Brand Global kategori Popok Sekali Pakai adalah Mamypoko dengan perolehan marketshare 31%. 

Dalam monotoring Compas.co.id megenai data Top 5 Brand Lokal kategori Susu Formula dikuasai SGM dengan marketshare tertinggi, 19,2%. Dan, pada data Top 5 Brand Global kategori Susu Formula, brand Morinaga menguasai marketshare dengan angka 14%.

Selanjutnya, bagaimana peta persaingan Brand FMCG Lokal dan Global dalam kategori Perawatan dan Kecantikan?
Nantikan di postingan kami selanjutnya!

Bagi kamu yang ingin memahami tren dan target konsumen dengan tepat, serta membuat strategi yang akurat, bisa menghubungi kami melalui DM atau link yang ada di bio dan tim expert kami akan memberikan demo dashboard yang disesuaikan dengan kebutuhan data brand kamu!",https://www.instagram.com/p/C8cDwesy4aI/
compas.co.id,"Hi, teman-teman Compas 👋 
Udah pada nonton episode dua podcast Ruang Tamu Compas belum?

Pada episode dua ini, Compas.co.id akan membahas tentang bagaimana membuat sebuah produk dengan melihat dan menggunakan pov dari konsumen. Episode dua menghadirkan kak @hidachu selaku Sr. Manager Brand Innovation dari PT Arya Noble (ERHA).

Yuk, tonton video selengkapnya hanya di sini 👇🏼
📍 Youtube: https://www.youtube.com/watch?v=x7dN-GC0U7c&t=584s
📍 Spotify: https://open.spotify.com/episode/6BMH4VxRLt5seExjQl9aTg

Klik link di atas dan dengarkan podcast kami, Compas.co.id sekarang! 🙌🏼 
#podcast #beautytrends #marketresearch",https://www.instagram.com/p/C73fA_tyYpy/
compas.co.id,"Hasil monitoring terbaru dari Compas.co.id pada data Top 3 Brand Kategori Kesejahteraan terlihat bahwa nomor satu dikuasi oleh Blackmores. Dan, urutan selanjutnya disusul oleh Brand Now dengan market share 5,4%, serta Bronso dengan market share 3,3%.

Produk Vitamin D3 1000 IU - 180 dari Now duduki peringkat satu dalam Produk Terlaris di Brand Now pada Kategori Kesejahteraan. Produk tersebut berhasil memperoleh nilai penjualan Rp296 juta, dimana 2 ribu produk telah terjual dengan harga rata-rata Rp141 ribu.

Straregi yang dilakukan oleh brand Now adalah membuat visuaslisasi poster yang informatif, sehingga konsumen akan merasa terbantu karena mendapatkan informasi yang dibutuhkan.

Produk selanjutnya yang masuk dalam jajaran produk terlaris di Brand Bronson adalah produk Vitamin K2 D3 5000 IU yang mencatatkan nilai penjualan lebih dari Rp 900 juta dengan jumlah produk yang terjual sebanyak 5 ribu produk, dan harga rata-rata dari produk tersebut sebesar Rp195 ribu.

Bagi kamu yang ingin memahami tren dan target konsumen dengan tepat, serta membuat strategi yang akurat, bisa menghubungi kami melalui DM atau link yang ada di bio, dan tim expert kami akan memberikan demo dashboard yang disesuaikan dengan kebutuhan data brand kamu!

#fmcgindonesia #nowindonesia 
#bronsonindonesia #trenkonsumen #datapenjualan #ecommerceindonesia",https://www.instagram.com/p/C8wqIlyyV1Y/
compas.co.id,"Pasar Beauty & Care menunjukkan tren positif sepanjang tahun lalu dengan Shopee mendominasi hingga 92% market share di Q1 2024! ✨

Pada postingan berikutnya Compas.co.id akan membahas lebih lanjut mengenai kategori perawatan dan kecantikan yang memiliki tingkat pertumbuhan paling tinggi. 

Jangan lupa follow dan nyalakan notifikasi agar tidak ketinggalan update dari kita.

Bagi kamu yang ingin memahami tren dan target konsumen dengan tepat, serta membuat strategi yang akurat, bisa menghubungi kami melalui DM atau link yang ada di bio dan tim expert kami akan memberikan demo dashboard yang disesuaikan dengan kebutuhan data brand kamu!🙌🏼

#Ecommerce #FMCG #BeautyMarket #Shopee #MarketTrend",https://www.instagram.com/p/C7eOMIASPt9/
compas.co.id,"Saksikan video selengkapnya hanya di #Podcast Ruang Tamu Compas!🙌🏼 

Dapatkan informasi terkini mengenai kondisi industri kesehatan bersama narasumber expert, Fauzan Akbar
(Head of Digital & E-commerce of Health Industry).

Ini saatnya bagi kamu untuk dapatkan peluang dan taklukan tantangan!✊🏼

Dengarkan sekarang hanya di 👇🏼
https://www.youtube.com/watch?v=x7dN-GC0U7c

#RuangTamuCompas #Podcast #FMCG #Ecommerce #Kesehatan #Data #Bisnis#",https://www.instagram.com/p/C7gmwgySHZt/
compas.co.id,"Alami kenaikan nilai penjualan tercepat di pasar perawatan dan kecantikan, kategori Sunscreen jauh lebih unggul dalam pertumbuhan nilai penjualan dibandingkan kategori lain dengan persentase kenaikan mencapai 99%!

Hasil pantauan Compas.co.id juga menunjukkan bahwa nilai penjualan Sunscreen mencapai puncaknya pada bulan Oktober 2023, kemudian sempat mengalami penurunan pada bulan November dan Desember 2023, lalu kembali tumbuh pada kuartal satu di tahun 2024.

Dari pantauan data Compas.co.id brand Azarine dan Facetology adalah brand yang meraih nilai penjualan tertinggi dalam kategori Sunscreen.

Pada postingan berikutnya Compas.co.id akan membahas faktor-faktor keberhasilan yang membuat brand tersebut berhasil memiliki growth rate tinggi.

Jangan lupa follow dan nyalakan notifikasi agar tidak ketinggalan update dari kami.

Bagi kamu yang ingin memahami tren dan target konsumen dengan tepat, serta membuat strategi yang akurat, bisa menghubungi kami melalui DM atau link yang ada di bio dan tim expert kami akan memberikan demo dashboard yang disesuaikan dengan kebutuhan data brand kamu!🙌🏼

#dataecommerce #penjualan #fmcg #beautycare #sunscreen #marketanalysis",https://www.instagram.com/p/C7gaNEfyvxw/
compas.co.id,"Wardah jawara pelembab wajah di marketplace Lazada!
Berdasarkan hasil pantauan Compas Market Insight Dashboard, brand @wardahbeauty memimpin pasar pelembab wajah dengan meraih market share tertinggi, yakni 7,4%

Brand lain yang ikut serta menyusul Wardah terdiri dari @glad2glow yang menempati posisi ke-2 dengan perolehan market share sebesar 6,9%, lalu @pondsindonesia menyusul di posisi ke-3 dengan market share sebesar 6,7%, @msglowbeauty di posisi ke-4 dengan market share 5,9%, dan di posisi ke-5 diduduki oleh brand dari @skintificid yang berhasil mendapatkan market share sebesar 5,6%.

Adapun brand lain yang juga masuk dalam jajaran pantauan Compas.co.id mengenai data Top 10 Brand kategori pelembab wajah dengan menempati posisi ke-6 sampai dengan terakhir, yakni @glowandlovely_id , @theoriginote , @garnierindonesia , @cantikcitra , dan @eminacosmetics .

Bagi kamu yang ingin memahami tren dan target konsumen dengan tepat, serta membuat strategi yang akurat, bisa menghubungi kami melalui DM atau link yang ada di bio dan tim expert kami akan memberikan demo dashboard yang disesuaikan dengan kebutuhan data brand kamu!",https://www.instagram.com/p/C7lBshtyMvJ/
compas.co.id,"Ramadan tahun ini membawa angin segar bagi industri FMCG dengan lonjakan signifikan dalam penjualan! Data dari Compas Market Insight Dashboard mengungkapkan peningkatan luar biasa sebesar 25,4%, dengan total penjualan mencapai Rp 6,4 Triliun dibandingkan tahun sebelumnya.

Kategori produk juga menunjukkan performa yang mengesankan: Perawatan dan Kecantikan naik 5,7% menjadi 77,6 juta unit, Makanan dan Minuman melonjak 27% menjadi 60,3 juta unit, Kesehatan menurun 19,5% menjadi 22,3 juta unit, dan Ibu dan Bayi naik 26,9% menjadi 10,3 juta unit. Perubahan pola konsumsi selama Ramadan ini menyoroti berbagai prioritas konsumen, mulai dari perawatan diri hingga kebutuhan nutrisi keluarga.

Ingin memahami tren pasar lebih dalam dan merancang strategi bisnis yang lebih tepat sasaran? Hubungi kami melalui DM atau komentar di bawah postingan ini sekarang juga. Tim ahli kami siap memberikan demo dashboard yang akan membantu meningkatkan performa bisnis Anda!

#datapenjualan #dataecommerce #datashopee #datatokopedia",https://www.instagram.com/p/C7OetM6S6kE/
compas.co.id,"Kategori Paket Kecantikan jauh lebih unggul dibanding kategori lain, menghasilkan revenue tertinggi di periode Q1 2024, lebih dari 900 Miliar Rupiah!

Hasil pantauan Compas.co.id juga menunjukkan bahwa nilai penjualan Paket Kecantikan mencapai puncaknya pada bulan Desember 2023 kemudian sempat mengalami penurunan pada bulan Januari 2024 dan  lalu kembali tumbuh pada Q1 di tahun 2024.

Dari pantauan data Compas.co.id brand @skintificid , @msglowbeauty , @davienaskincare.official , @beningsindonesia , @theoriginote ,  adalah brand yang meraih nilai penjualan tertinggi dalam kategori Paket Kecantikan.

Pada postingan berikutnya Compas.co.id akan membahas faktor-faktor keberhasilan yang membuat brand tersebut berhasil memiliki Revenue tertinggi.
Jangan lupa follow dan nyalakan notifikasi agar tidak ketinggalan update dari kami.

Bagi kamu yang ingin memahami tren dan target konsumen dengan tepat, serta membuat strategi yang akurat, bisa menghubungi kami melalui DM atau link yang ada di bio dan tim expert kami akan memberikan demo dashboard yang disesuaikan dengan kebutuhan data brand kamu!🙌🏼",https://www.instagram.com/p/C7wUTmcytDb/
compas.co.id,"#Podcast Ruang Tamu Compas.co.id Telah Hadir!🙌🏼

Ingin tahu lebih banyak soal industri kesehatan dan bagaimana update e-commerce langsung dari Narasumber berpengalaman? atau tips and trick bersaing di e-commerce dengan bantuan data?

Yuk, dengarkan sekarang podcast perdana Ruang Tamu Compas.co.id!
Bersama narasumber expert, Fauzan Akbar
(Head of Digital & E-commerce of Health Industry).

Tonton selengkapnya di link ini:
https://www.youtube.com/watch?v=x7dN-GC0U7c

#RuangTamuCompas #Podcast #FMCG #Ecommerce #Kesehatan #Data #Bisnis",https://www.instagram.com/p/C7RQZw4yPN6/
compas.co.id,"Berdasarkan hasil pantauan Compas.co.id, brand @facetologyofficial berhasil memanfaatkan momentum double date 11.11 yang dibuktikan dengan naiknya nilai penjualan hingga lebih dari 600 juta Rupiah.

Hanya dengan melakukan dua hal, brand tersebut juga meraih keuntungan yang maksimal selama momen double date. Adapun strategi yang dilakukan Facetology, yakni melaksanakan kampanye amal untuk mendorong pembelian sebelum 11.11, dimana setiap pelanggan yang membeli 1 pcs produk Facetology, maka pelanggan tersebut telah menyumbang sebesar 30.000 rupiah. Kampanye berhasil menjual 1000+ pcs produk hanya dalam waktu 2 jam. Kampanye Palestine ini membantu meningkatkan brand awareness di masyarakat untuk memaksimalkan penjualan di 11.11. 

Selain itu, Facetology juga memberikan diskon up to 50% yang berlaku selama periode double date. Hasilnya Facetology berhasil mencapai keuntungan tertinggi di bulan November selama tahun 2023.

Nah, bagi kamu yang ingin memahami tren dan target konsumen dengan tepat, serta membuat strategi yang akurat, bisa menghubungi kami melalui DM atau komen postingan di bawah ini sekarang juga dan tim expert kami akan memberikan demo dashboard!🙌🏼",https://www.instagram.com/p/C7l_bKDyILI/
compas.co.id,"Berdasarkan pantauan dari Compass Market Insight Dashboard mengenai tren yang ada pada kategori Perawatan Bayi, @moell.id berhasil mendapatkan market share tertinggi berdasarkan jumlah produk terjual  yaitu sebesar 17.6%  selama Bulan April 2024 pada Marketplace Shopee dan Tik Tok Shop.

Brand lain yang juga masuk Top 10 brand berdasarkan data yang dipantau Compas.co.id pada kategori Perawatan Bayi adalah @zwitsal_id , @temankodomo , @mybabyid , @johnsonsbaby_id , @mitubabyid , @gently_indonesia , @cussonsbabyid , @expertcare.id , @bigrootcare 

Nah, bagi kamu yang ingin mengetahui lebih lanjut mengenai tren dan target konsumen dengan tepat, serta membuat strategi yang akurat, bisa menghubungi kami melalui DM atau komen postingan di bawah ini sekarang juga dan tim expert kami akan memberikan demo dashboard!",https://www.instagram.com/p/C7ymQ1DywWg/
compas.co.id,"Di balik setiap brand sukses terdapat pendekatan strategis yang harus Anda ketahui; 

Inovasi adalah kunci untuk membuka peluang baru dan menaklukkan pasar, sementara strategi bundling yang menarik dapat meningkatkan keuntungan Anda dan meningkatkan pengalaman pelanggan; tingkatkan traffic dan konversi dengan optimasi visibilitas yang efektif dan buat kampanye Double Date Anda lebih berkesan dengan strategi menarik dan menguntungkan

Nantikan diskusi dan wawasan menarik minggu depan, jangan lupa untuk Follow instagram Compas.co.id dan mengaktifkan notifikasi agar tetap update dengan informasi terbaru dari postingan kami! 
Nah, bagi kamu yang ingin memahami tren dan target konsumen dengan tepat, serta membuat strategi yang akurat, bisa menghubungi kami melalui DM atau komen postingan di bawah ini sekarang juga dan tim expert kami akan memberikan demo dashboard!🙌🏼",https://www.instagram.com/p/C7oknugyFQY/
compas.co.id,"Berdasarkan hasil pantauan Compas.co.id pada data periode Q1 2024, hasilnya menunjukkan bahwa Facetology berhasil meraih nilai penjualan fantastis hingga 50 miliar rupiah dengan penjualan terbesar, yakni 52% berasal dari toko resmi brand tersebut yang berada di Shopee.

Salah satu strategi yang dilakukan oleh Facetology dalam mendongkrak nilai penjualan dengan menerapkan paket bundling. Hasilnya brand @facetologyofficial berhasil memperoleh penjualan sampai 8,2 miliar rupiah dari paket bundling.

Adapun produk yang meraih nilai penjualan tertinggi ialah Sunscreen Varian 40ml dan 100ml. Didukung dengan hasil data dari Top Product Listing, Facetology Triple Care Sunscreen SPF 40 PA++++ menunjukkan dominasinya dengan berada di posisi 1 sebagai produk Sunscreen terlaris e-commerce.

Tiga hal penting yang dapat dilakukan untuk mengikuti jejak Facetology dapat dimulai dari pembuatan design poster yang menarik, gunakan kata kunci yang relevan yang menggambarkan manfaat produk dan kebutuhan pelanggan, serta bangun kepercayaan pelanggan untuk dapat meningkatkan pembelian.

Ingin Tahu Strategi Lain dari Facetology dalam Meningkatkan Penjualan di e-commerce?Nantikan Tips Lainnya Hanya di Postingan Kami!

Nah, bagi kamu yang ingin memahami tren dan target konsumen dengan tepat, serta membuat strategi yang akurat, bisa menghubungi kami melalui DM atau komen postingan di bawah ini sekarang juga dan tim expert kami akan memberikan demo dashboard!🙌🏼",https://www.instagram.com/p/C7jZVSHysbK/
compas.co.id,"Compas.co.id merilis data terbaru mengenai bagaimana Peta persaingan Global vs Lokal pada Top 50 Brand Terlaris di FMCG pada Quarter 1 tahun 2024, hasilnya adalah pada daftar top 50 Brand terlaris ini 68% adalah Brand Lokal dan Brand Global hanya memperoleh 32%.

Compas.co.id juga menunjukkan dominasi Brand Lokal yang berhasil menjual total lebih dari 50 juta produk dengan total nilai penjualan sebesar 1,9 triliun rupiah sepanjang periode Q1 di 2024. Semantara Brand Global, total sebanyak 30 juta produk berhasil terjual dengan total nilai penjualan 1,2 triliun rupiah.

Pada data rata-rata produk terjual dan rata-rata nilai penjualan, Brand Global unggul dengan mencatatkan jumlah produk terjual dan nilai penjualan yang lebih tinggi daripada Brand Lokal. Data ini menunjukkan bahwa rata-rata brand Global mampu menjual lebih dari 1,9 juta produk dan dapat mencatatkan nilai penjualan lebih dari 76 miliar rupiah selama kuartal pertama di 2024.

Selanjutnya, bagaimana peta persaingan Brand FMCG Lokal dan Global dalam kategori Kesehatan?
Nantikan di postingan kami selanjutnya!

Bagi kamu yang ingin memahami tren dan target konsumen dengan tepat, serta membuat strategi yang akurat, bisa menghubungi kami melalui DM atau link yang ada di bio dan tim expert kami akan memberikan demo dashboard yang disesuaikan dengan kebutuhan data brand kamu!

#fmcg #marketanalysis #marketingdigital #datapenjualan #DataCompas #infographic #datavisualization",https://www.instagram.com/p/C8UV3axS2IZ/
compas.co.id,"Compas.co.id memonitor tren pasar kategori mie pasta instan, hasilnya menyatakan terjadi peningkatan signifikan sebesar 75.8% selama menyambut bulan Ramadan. Sebagai salah satu marketplace yang dipantau, Tokopedia lebih unggul di antara marketplace lain karena berhasil meraih market share tertinggi sebesar 35.9%.

Compas.co.id juga mengawasi top 10 brand kategori mie pasta instan berdasarkan market share tertinggi, dan @indomie unggul telak dengan market share mencapai 64.3%. Tak hanya meraih market share tertinggi, berbagai varian dari produk Indomie ikut serta mendominasi top product listing.
Brand lain yang mengikuti jejak Indomie adalah @miesedaapid, @lemonilo, @popmieofficial, @indonesia.mie, @ladanglima.id, @pastabisa, @nongshimindonesia, @bestwok.official, dan Mi ABC.

Dalam analisis terbaru, pulau Jawa berhasil mendominasi sebagai top seller location untuk kategori mie pasta instan.

🔖 Bagi kamu yang ingin mengetahui data tren di atas atau pun kategori FMCG lainnya. Silahkan hubungi kami melalui DM atau komen postingan di bawah ini dan dapatkan informasi selengkapnya yang disajikan dalam bentuk Compas Market Insight Dashboard sekarang juga!

📌 Compas.co.id menyediakan berbagai analisis data mulai dari Top Kategori Brand, Top Seller, Top Product Listing, Top Seller Location, dan lain-lain.
📌Sampaikan kebutuhanmu kepada kami, tim expert kami siap membantu!

#marketanalysis #fmcg #mie #indomie #miesedap #lemonilo #pasta #datapenjualan #shopee #tokopedia #lazada #blibli #popmie #miegoreng #food #infographic",https://www.instagram.com/p/C5nYn_ZS2QS/
compas.co.id,"Berdasarkan data dari Compas.co.id pada Kategori Body Lotion mengalami kenaikan jumlah produk terjual mencapai 46% di e-commerce, yakni Shopee, TikTok Shop, Tokopedia, dan Lazada.

Compas.co.id juga memantau situasi pasar, dimana hasil pantauan Compas.co.id menunjukkan bahwa brand @vaselineid mengungguli kompetitornya dengan meraih market share tertinggi, sebesar 26%. Vaseline juga turut serta masuk dalam jajaran top product listing kategori Body Lotion dengan produk andalannya, Gluta-Hya Body Serum.

Terdapat 9 brand lain yang menyusul Vaseline, yakni @emeronlovely, @nivea_id, @cantikcitra, @scarlett_whitening, @preciousskin_id, @perfectwhiteseries, @sahabatmarina, @herboristnaturalcare, dan @iswhite.id.

Nah, hasil pantauan Compas.co.id juga menunjukkan bahwa Top Location kali ini dijuarai oleh Bekasi, dimana 3 dari 5 Top Seller Location didominasi wilayah Bekasi.

Jika kamu tertarik dengan data yang Compas.co.id sajikan dan ingin mendapatkan data dari kategori FMCG lainnya, Compas.co.id menyediakan data tersebut secara lengkap meliputi Top Kategori Brand, Top Seller, Top Product Listing, Top Seller Location, dan lainnya.

Hubungi kami melalui DM atau komen di bawah ini untuk menjadwalkan demo dan dapatkan data yang kamu butuhkan melalui tim expert kami! 

#bodylotion #bodycare #beautycare #beautycommunity #fmcg #datapenjualan #shopee #tiktokshop #tokopedia #lazada #vaseline #nivea #citra #scarlett #marina #marketanalysis #marketshare #infographic",https://www.instagram.com/p/C5SKOtSyyk0/
compas.co.id,"Fenomena “war takjil” atau “perang takjil” berhasil membuat ramadhan di tahun ini menjadi berbeda dari tahun - tahun sebelumnya. Dilansir dari artikel yang dipublish oleh @swamediainc mengenai berkah ramadhan, memang terjadi kenaikan transaksi untuk sub kategori minuman hingga lebih dari 1,5 kali lipat di awal bulan Ramadan 2024.

📊 Sejalan dengan hasil pantauan Compas.co.id, peningkatan penjualan kategori minuman terjadi sebanyak 387 ribu produk terjual. Dari ketiga marketplace yang telah dipantau oleh Compas.co.id, Shopee mendominasi sebagai market share tertinggi, 62.8%.

🍹Fenomena war takjil ini pun berdampak pada kategori minuman. Dibuktikan dengan data dari Compas.co.id, yakni @marjanboudoin memimpin perolehan market share tertinggi, 17.9%. Adapun brand lain yang masuk dalam top 7 brand minuman terlaris, yakni
@tongtji_id, @kapalapi_id , @nescafe_indonesia, @topcoffeeid, @sirupabc.id, dan @seduhpertama

Artikel yang dipublish oleh @swamediainc juga menyatakan bahwa industri makanan dan minuman diprediksi akan tumbuh sebesar 7% pada tahun 2024. 

🔖 Bagi teman-teman brand, yuk maksimalkan peluang ini bersama kami, Compas.co.id🙌🏼

📞 Segera hubungi kami melalui dm atau komen postingan ini. Dapatkan konsultasi gratis dengan Tim Expert kami dan dapatkan tawaran menarik mengenai Compas Market Insight Dashboard sekarang juga!!

#marketanalysis #minumansegar #takjilpuasa #datapenjualan #fmcg #foodandbeverage #shopee #tokopedia #blibli #infographic #marjan #nescafe #kapalapi #abc #swamediainc #ramadhankareem",https://www.instagram.com/p/C5F7jy8Sx-g/
compas.co.id,"Berdasarkan monitoring Compas.co.id, sejak Tokopedia diakuisisi oleh TikTok Shop. Kategori Suplemen Kecantikan terus mengalami pertumbuhan positif, dibuktikan dengan nilai penjualan mencapai lebih dari Rp50 miliar.

Non-official store dari TikTok Shop menguasai kategori Suplemen Kecantikan dengan persentase 65,6%. Sementara itu, 34,4% lainnya dikuasai oleh Official Store TikTok Shop. Beberapa Rekomendasi yang dapat dipertimbangkan oleh Brand yang sudah official store adalah dengan Brand Strategy yang fokus pada kampanye untuk meningkatkan kepercayaan konsumen di Official Store.

Berdasarkan data Top 10 Seller Kategori Suplemen Kecantikan, terlihat bahwa Official Store Coolvita Indonesia meraih market share tertinggi sebesar 22,96%. Keberhasilan Coolvita Indonesia yang memiliki dua toko di 10 besar (Coolvita Indonesia dan coolvita.id) menunjukkan bahwa strategi diversifikasi toko dan brand mereka sangat efektif dan layak untuk diperhatikan dan dijadikan sebagai pembelajaran yang baik bagi brand lain.

Tak hanya menguasai Top 10 Seller, Cool Vita juga memimpin di posisi satu dalam Top 5 Brand kategori Suplemen Kecantikan dengan market share sebesar 30,7%. Brand lain yang menduduki posisi selanjutnya adalah Noera by Raisha, Newlab, Natur-E, dan K-eauty.

Dengan demikian, disimpulkan bahwa pasar Suplemen Kecantikan didominasi oleh non-official store dari TikTok Shop walaupun peringkat satu ditempati oleh Cool Vita Indonesia yang merupakan Official Store. Official Store dapat mempertimbangkan penawaran dan promosi yang lebih kompetitif untuk menarik lebih banyak konsumen dari non-official di Kategori Suplemen Kecantikan.

Selanjutnya, siapakah Top 3 Brand yang memiliki Performance menonjol pada kategori Suplemen Kecantikan?

Nantikan di postingan kami selanjutnya!

Bagi kamu yang ingin memahami tren FMCG terbaru bisa menghubungi kami melalui DM atau link yang ada di bio, dan tim expert kami akan memberikan demo dashboard.

#fmcgindonesia #trenkonsumen #datapenjualan #ecommerceindonesia #tiktokshop #marketanalysis #infographic #suplemenkecantikan",https://www.instagram.com/p/C8693kGyr8x/
compas.co.id,"Menyambut bulan Ramadan, Compas.co.id memantau tren kategori makanan segar dan beku lainnya. Hasilnya kategori tersebut alami pertumbuhan nilai penjualan sebesar 36.3%!

Dari ke-10 brand yang turut dipantau oleh Compas.co.id, brand @ferryfish_ menduduki posisi pertama dengan meraih market share sebesar 10%. Product Ikan Salmon dari Ferry Fish pun menjadi product terlaris, dimana 4 dari 10 top product listing didominasi oleh brand tersebut.

Brand lain yang masuk dalam pantauan Compas.co.id terdiri dari @22seafood.official, @kemfood.id, @cedeaseafood, @seafoodlovers.japfa, @sesaindonesia, @bernardiindonesia, @kanzler.id, @freezyfresh_id, dan @hijrahfood.meatshop 🙌🏼

Top 5 seller location khusus kategori makanan segar dan beku lainnya didominasi oleh Jakarta, dimana 3 dari top 5 lokasi seller dengan market share tertinggi yang dipantau ditempati oleh Jakarta

🔖 Compas.co.id menyediakan data mulai dari Top Kategori Brand, Top Seller, Top Product Listing, Top Seller Location, dan data lain yang kamu butuhkan

📌 Bagi para brand yang tertarik ingin memantau data dalam kategori FMCG lainnya, silahkan hubungi kami melalu DM atau komen postingan di bawah ini ya!

#marketanalysis #fmcg #frozenfood #sushi #seafood #salmon #infographic #datapenjualan #shopee #tokopedia #food #marketingdigital #ecommerce #ramadhan2024",https://www.instagram.com/p/C5qLMK3SQmB/
compas.co.id,"Data di atas menunjukkan bahwa selama bulan ramadan, Compas.co.id telah memantau 10 brand kategori cologne baby yang berhasil mencatat perolehan market share tertinggi di e-commerce.

Berdasarkan pantauan Compas.co.id pada kategori cologne baby, brand @zwitsal_id berada di nomor 1 dengan market share 19.49%. Brand lain yang juga masuk pantuan Compas.co.id terdiri dari @johnsonsbaby_id @bambibaby.id @cussonsbabyid @mitubabyid @mybabyid @pucelleid @momami.id @fresnnatural_id dan @eskulin_id 

Hasil top product listing kategori cologne baby dipimpin oleh product Baby Cologne dari brand Bambi dengan varian Morning Breezy.

Data top seller location yang turut dipantau tim Compas.co.id menunjukkan wilayah Bekasi berhasil mendominasi lokasi penjualan dalam kategori cologne baby

🔖 Bagi kamu yang tertarik dengan data di atas atau data dari kategori FMCG lainnya, Compas.co.id menyediakan data tersebut secara lengkap meliputi Top Kategori Brand, Top Seller, Top Product Listing, Top Seller Location, dan lainnya.

🔖 Bagi Brand yang tertarik ingin memantau data dalam kategori FMCG lainnya, silahkan hubungi kami melalui DM atau komen postingan di bawah ini ya!

#marketanalysis #fmcg #babycare #babycologne #zwitsal #johnsons #cussons #infographic #datapenjualan #shopee #tokopedia #marketingdigital #ecommerce #ramadan #mombaby",https://www.instagram.com/p/C55JdrNyjtL/
compas.co.id,"Tren selama ramadan memang sangat menarik untuk dibahas, Hasil pantauan data dari Compas.co.id tentang kategori Minuman selama ramadan menunjukkan adanya dominasi nilai penjualan dalam kategori Kopi.

Kopi berhasil unggul dari para pesaingnya, yaitu Teh dan Jus Sirup dengan berada di posisi 1 dan memperoleh market share tertinggi, sebesar 33.1%🙌🏼

Pada posisi ke-2 dalam kategori Minuman, Teh meraih market share sebesar 18.1%, lalu disusul oleh Jus Sirup di posisi ke-3 dengan market share sebesar 15.5%

Dari data di atas, maka terdapat gambaran bahwa kategori minuman, yakni Kopi bisa saja mendominasi kembali peluang di ramadhan yang akan datang
Oleh karena itu, mulailah manfaatkan peluang dan kembangkan bisnismu bersama kami, Compas.co.id!

Temukan data yang kamu butuhkan, seperti Top Kategori, Top Brand, Top Product Listing, Top Seller Location, dan data lainnya.

Yuk, segera hubungi kami sekarang juga melalui DM atau komen postingan ini ya👇🏼

#marketanalysis #fmcg #minuman #kopi #jussirup #marketingdigital #ecommerce #ramadan #datapenjualan",https://www.instagram.com/p/C6qhdGYy_Ly/
compas.co.id,"Ramadan tahun ini memicu lonjakan luar biasa dalam penjualan e-commerce! Analisis data dari Shopee, Tokopedia, dan Blibli mengungkapkan tren yang menarik untuk dibahas.

Kategori Perawatan dan Kecantikan menguasai pasar e-commerce dengan nilai penjualan mencapai Rp 2,9 Triliun, diikuti oleh kategori Makanan dan Minuman dengan nilai penjualan Rp 1,8 Triliun. Kategori Kesehatan mencatat penjualan sebesar Rp 1,01 Triliun, sementara kategori Ibu dan Bayi mencapai Rp 642 Miliar.  Perubahan pola konsumsi selama bulan suci ini menyoroti pentingnya merawat diri dan menjaga penampilan, bahkan lebih dari kebutuhan kuliner.

Nah, bagi kamu yang ingin memahami tren dan target konsumen dengan tepat, serta membuat strategi yang akurat, bisa menghubungi kami melalui DM atau komen di postingan di bawah ini sekarang juga. Tim expert kami siap memberikan demo dashboard yang akan membantu meningkatkan performa bisnis Anda!

#datapenjualan #dataecommerce #dataindonesia #datashopee #datatokopedia",https://www.instagram.com/p/C7Lt9iJSAx8/
compas.co.id,"Pangsa pasar permen jenis lollipop didominasi oleh @milkita_indonesia !🙌🏼

Hasil pantauan Compas.co.id pada kategori Permen jenis Lollipop selama periode ramadan menunjukkan prestasi Milkita yang meraih market share tertinggi, yakni 45,3%🤩

Adapun brand lain yang masuk jajaran pantauan Compas.co.id terdiri dari @chupachupsid l, @fantasylollipop, @mentos, dan Split.

Untuk Top Seller Location Permen jenis Lollipop diraih oleh Jakarta Barat dengan berada di posisi 1 dan 2, sedangkan Kota Tangerang berada di posisi ke-5.

Nah, bagi para brand yang tertarik dan ingin tahu informasi selengkapnya dari data di atas atau kategori lainnya, segera hubungi kami via DM atau komen di bawah ini👇🏼

Dapatkan akses data pasar dan kompetitor terlengkap mulai dari Top Kategori, Top Brand, Top Product Listing, Top Seller Location, dan data lain yang kamu butuhkan.

Tentukan keputusan bisnismu bersama kami, Compas.co.id!

#marketanalysis #fmcg #minuman #permen #lollipop #marketingdigital #ecommerce #ramadan #datapenjualan #shopee #tokopedia",https://www.instagram.com/p/C6-usw4SlIv/
compas.co.id,"Ramadan tahun ini membawa lonjakan penjualan e-commerce yang luar biasa!🥳

Hasil analisis data dari Shopee, Tokopedia, dan Blibli menunjukkan beberapa tren menarik:

- Kecantikan Memancar: Perawatan & Kecantikan melonjak 9,7%! Tampil cantik selama Ramadan menjadi prioritas utama konsumen.
- Kebutuhan Bayi Meningkat: Ibu & Bayi mengalami pertumbuhan 8,3% di bulan suci ramadan.
- Kategori F&B menjadi juara, dimana kategori tersebut naik 50,8% dengan 60,3 juta produk terjual.
- Kesehatan menurun: Terjadi penurunan dalam kategori tersebut sebesar 1,9%.

Momen ramadan kali ini memberikan banyak peluang bagi brand FMCG agar setiap brand dapat meningkatkan penjualan melalui e-commerce.

Nah, bagi kamu yang ingin memahami tren dan target konsumen dengan tepat, serta membuat strategi yang akurat, bisa menghubungi kami melalui DM atau komen postingan di bawah ini sekarang juga dan tim expert kami akan memberikan demo dashboard!🙌🏼

#ramadan #ecommerce #FMCG #marketing #datadriven #consumerinsights #marketshare #datapenjualan #marketanalysis #infographic",https://www.instagram.com/p/C7EFQsGSY5B/
compas.co.id,"Berdasarkan hasil pantauan Compas.co.id brand @skintificid berhasil meraih nilai penjualan lebih dari 70 miliar rupiah sepanjang kuartal satu di tahun 2024. Nilai penjualan tersebut didapatkan dari official store yang berada di Shopee dan Tokopedia, dimana dari data yang dipantau oleh Compas.co.id, official store @skintificid berhasil mendominasi nilai penjualan dengan market share 89,2%.

Beberapa hal yang dilakukan oleh Skintific agar menjadi pemimpin dalam pasar Paket Kecantikan, yakni menyediakan berbagai macam produk dengan benefit yang beragam, sehingga pelanggan memiliki banyak pilihan, seperti variasi paket kecantikan berisi 6 pcs, 5 pcs, 4 pcs, 3 pcs, dan 2 pcs. Dampak dari pilihan jumlah produk dari setiap paket kecantikan yang beragam, menghasilkan penjualan yang signifikan, dimana berdasarkan data Compas.co.d paket kecantikan berisi 5 pcs menghasilkan nilai penjualan lebih besar dibandingkan dengan varian lainnya.

Varian paket kecantikan 5pcs berdasarkan data dari Compas.co.id dikuasai oleh varian Cleanser+Toner+Serum+Moisture Gel+Sunscreen dengan nilai penjualan mencapai 23 miliar rupiah, jauh meninggalkan 2 varian 5 pcs kecantikan lainnya yang hanya mencapai nilai penjualan sebesar 29 juta rupiah dan 2 juta rupiah.

Selain itu, Skintific juga melakukan strategi yang mampu tingkatkan daya saing dan exposure, seperti menggunakan Brand Ambassador untuk video poster produk, jumlah varian produk yang bervariasi tergantung dengan kebutuhan spesifik dari konsumen, serta berhasil mengkombinasikan produk dengan tepat yang disesuaikan untuk konsumen pemula hingga konsumen advance.

Ingin Tahu Strategi Lain dari Skintific selama campaign double date?Pada postingan berikutnya Compas.co.id akan membahas berdasarkan data yang kami punya.
Jangan lupa follow dan nyalakan notifikasi agar tidak ketinggalan update dari kami.

Bagi kamu yang ingin memahami tren dan target konsumen dengan tepat, serta membuat strategi yang akurat, bisa menghubungi kami melalui DM atau link yang ada di bio dan tim expert kami akan memberikan demo dashboard yang disesuaikan dengan kebutuhan data brand kamu!

 #Skintificid #PaketKecantikan #MarketInsight #DoubleDateCampaign",https://www.instagram.com/p/C71cTGsS4jP/
compas.co.id,"Merujuk dari data pantauan Compas.co.id mengenai tren penjualan kategori suplemen fitness, Evolene tunjukkan prestasi gemilangnya dengan raih market share tertinggi di seluruh marketplace. Suplemen fitness asli Indonesia ini berhasil memperoleh market share sebesar 9.12% dari nilai penjualan.

Selanjutnya, brand lain yang juga masuk Top 10 brand berdasarkan data yang dipantau Compas.co.id, yakni Muscle First, Optimum Nutrition, Cuerpo, Vectorlabs, Provus, Fitlife, Puro, L-Men, dan Muscletech.

Bagi teman-teman brand yang tertarik ingin mengetahui data selengkapnya mengenai kategori kesehatan lainnya. Compas.co.id siap membantu melalui Compas Market Insight Dashboard yang saat ini telah terintegrasi dengan berbagai macam e-commerce di Indonesia. Compas Market Insight Dashboard dapat menyajikan pantauan data yang kamu butuhkan, seperti Kategori Market size, Top Brand, Top Seller, Top Produk Listing, hingga Top Seller Location dengan periode yang dapat disesuaikan.

Jangan ditunda-tunda, segera hubungi kami melalui dm atau komen postingan di bawah ini iya!

#marketanalysis #suplemen #suplemenfitness #lifestyle #fitness #evolene #musclefitness #datapenjualan #fmcg #shopee #tiktokshop #tokopedia #lazada #blibli #marketingdigital #infographic #healthylifestyle",https://www.instagram.com/p/C5DVdgyyotk/
compas.co.id,"Jelang ramadhan Compas.co.id memantau tren pangsa pasar khusus kategori Lipstik di berbagai e-commerce, seperti Shopee, TikTok Shop, Lazada, dan Tokopedia. Berdasarkan jumlah produk terjual, Shopee unggul dengan market share tertinggi mencapai 64.7%.

Lalu, dalam top 10 brand kategori Lipstik, brand @maybelline menjadi juara dengan berada di posisi pertama dan meraih market share tertinggi sampai 26.7%. Tidak hanya mendominasi market share, 4 dari Top 10 Product Listing ditempati oleh Maybelline Superstay Matte Ink dan Maybelline Superstay Vinyl Ink.

Brand lain yang juga masuk dalam pantauan Compas.co.id terdiri dari @wardahbeauty, @makeoverid, @imploracosmetics, @pinkflashcosmetics, @madame.gie, @focallurebeautyid, @otwoo_id, @itsomgbeauty, dan @somethincofficial.

Data Top Seller Location untuk kategori Lipstik juga menunjukkan area Jakarta menjadi area yang mendominasi sebagai lokasi seller dengan penjualan tertinggi.

Nah, jika kamu tertarik dengan data yang kami sajikan dan ingin mendapatkan data dari kategori FMCG lainnya, segera hubungi kami melalui DM atau komen di bawah ini!

Tim expert kami siap membantu kamu untuk mendapatkan data yang dibutuhkan🙌🏼

#marketanalysis #fmcg #lipstick #maybelline #wardah #makeover #infographic #datapenjualan #shopee #tiktokshop #lazada #tokopedia #beauty",https://www.instagram.com/p/C5VXCHlSssU/
compas.co.id,"Performa Hero Produk MS Glow Setelah Pecah Kongsi!

Hasil data yang dianalisis dari Compas Market Insight Dashboard, top 5 hero kategori produk dari brand MS Glow menunjukan tren penurunan penjualan sejak periode 2023 hingga kuartal satu 2024.

MS Glow Paket Wajah isi 4 pcs Sebagai Produk Terlaris MS Glow kategori Paket Kecantikan Mengalami Penurunan jumlah produk terjual  sebesar 12% di Semester 1 2024 dibandingkan semester 1 2023.

Untuk kategori serum wajah di brand MS Glow, MS Glow Serum White Cell DNA/WCD Sebagai Produk Terlaris MS Glow Mengalami Penurunan jumlah produk terjual Sebesar 19% di Semester 1 2024 jika dibandingkan dengan Semester 1 2023.

Jika kita lihat di kategori Toner,  Produk MS glow TONER glow maker / acne fight mengalami penurunan jumlah produk terjual di Semester 1 2024, Turun Sekitar 11% Jika dibandingkan dengan Semester 1 2023.

Apakah brand MS Glow dapat meningkatkan penjualannya kembali? Share pendapatmu di komen yuk!

Nantikan diskusi dan insight menarik di postingan berikutnya. Jangan lupa untuk follow Instagram Compas.co.id dan aktifkan notifikasi agar tetap update dengan informasi terbaru dari kami!🔔

Bagi kamu yang ingin memahami tren terbaru di FMCG, bisa menghubungi kami melalui DM atau melalui link di bio. Tim ahli kami akan memberikan demo dashboard secara gratis.

Kami juga telah membuka pre-order untuk Compas Market Insight Semester 1 FMCG E-commerce Report 2024, yang berisi pembahasan komprehensif mengenai perkembangan FMCG di Semester 1 tahun 2024.",https://www.instagram.com/p/C-plFZgy0m6/
compas.co.id,"Ramadhan membawa angin segar bagi industri Mom & Baby Care! Grafik di atas menunjukkan kategori Mom & Baby Care juga alami kenaikan nilai penjualan hingga 26% selama momen jelang ramadhan.

Brand @bebeclub menunjukkan kehebatannya dengan menjadi Top 1 dari Top 7 Brand Mom & Baby Care. Hal ini juga dibuktikan dengan perolehan market share Bebelac yang mendominasi sebesar 7.7%, Bebelac juga unggul sebagai produk terlaris dengan produk andalannya adalah Susu Pertumbuhan Bubuk🙌🏼

Adapun brand lain yang masuk dalam jajaran Top 7 Brand Mom & Baby Care terdiri dari @merriessmile @enfaclub @mamypokoid @akuanaksgm S-26, dan @morinaga.id 

Pertumbuhan nilai penjualan dari kategori Mom & Baby Care salah satunya dipicu oleh meningkatnya kesadaran para orang tua untuk memberikan kebutuhan yang maksimal bagi tumbuh kembang anak.
Momen ini juga dapat menjadi kesempatan emas bagi para brand Mom & Baby Care! ✨

🔖 Compas.co.id siap membantu kamu memanfaatkan momen ini dengan maksimal!
👉🏼 Melalui Compas Market Insight Dashboard, kamu akan dapat memantau brandmu secara near real time dan melihat jajaran top brand, top seller, top produk listing terlaris, serta lokasi penjual

Compas membuka sesi diskusi dan konsultasi secara gratis. Yuk, konsultasikan kebutuhan datamu bersama kami, Compas.co.id
Silahkan dm atau komen postingan ini yaa!

#babycare #momcare #susu #popokbayi #datapenjualan #marketshare #infographic #shopee #tokopedia #blibli #ecommerce #bebelac #enfagrow #merries #mamypoko #morinaga #marketanalysis #fmcg",https://www.instagram.com/p/C41zHYuSrWi/
compas.co.id,"Oreo Rajanya Kue Kering (Biskuit)! 🍪✨
Sajian kue kering memiliki peran penting dalam menyambut bulan suci Ramadhan. Dengan sajian kue kering suasana yang diciptakan terasa lebih fun dan istimewa setiap momen bisa jadi lebih istimewa

Berikut ini Compas.co.id memuat data tentang Top 7 Brand Kue Kering Terlaris di Tokopedia, kategori populer ini merujuk dari tingginya angka market share yang didapat. Posisi pertama masih dipegang oleh @oreo_indonesia dengan market share 15,48%. Oreo termasuk brand kue kering tertua yang sudah ada sejak 1912 dan memiliki penikmat terbanyak di dunia. Saking diminatinya Oreo berhasil pecahkan rekor muri untuk ucapan ulang tahun terbanyak. Selanjutnya, ada @ritzcrackersindonesia di posisi ke-2 dengan persentase 9,21% dan Monde di posisi ke-3 dengan perolehan 6,82%.

Ke tujuh brand di atas memang memiliki pangsa pasar yang besar, namun yang menjadikan Oreo unggul,  yakni strategi kolaborasi dan inovasinya selalu tetap sasaran. Menurut kamu, adakah brand yang mampu menggeser posisi Oreo sebagai top brand kategori kue kering paling diminati di dunia? Komen di bawah yuk

Nah, untuk data top kategori dan top brand FMCG lainnya telah Compas.co.id rangkum dan siap dibagikan. Tertarik ingin tahu lebih lanjut? Silahkan komen postingan ini atau dm kami untuk info selanjutnya!

#oreo #monde #ritz #biscuit #fnb #ramadhan2024 #romakelapa #tokopedia #datapenjualan #markettrends #marketanalysis #infographic #fmcg #nissin #mondelez",https://www.instagram.com/p/C4h_I8TS-h6/
compas.co.id,"‼️Fenomena kenaikan dan kelangkaan beras telah diriset oleh Compas.co.id‼️

🔖 Hasil riset Compas.co.id melalui pantauan harga-harga beras dan beberapa substitusi produk pengganti beras, seperti porang, jagung, singkong, dan ubi di Tokopedia, Shopee dan Blibli mengalami kelonjakan secara bertahap di e-commerce pada Januari dan Februari 2024. Data dari dashboard Compas.co.id menggambarkan bahwa harga rata-rata beras putih dari berbagai varian meningkat 22% dibanding bulan lalu.

📌 Nah, Compas.co.id selaku E-commerce Market Insight melihat keresahan yang dirasakan masyarakat, oleh karena itu team Compas.co.id dengan sigap memantau harga di e-commerce agar dapat memberikan insight bagi masyarakat.

Team Compas.co.id pun turut mengantisipasi peralihan beras ke beragam makanan pokok lainnya, dan ditemukan fakta menarik bahwa substitusi pengganti beras turut meningkat.

👉🏼 Silahkan akses website Compas.co.id untuk informasi artikel lainnya
Dan, buat kamu yang tertarik ingin mengetahui data FMCG di e-commerce Indonesia silahkan komen dan dm kami agar tim expert kami bisa memberikan Compas Market Insight Dashboard sesuai kebutuhanmu

#bahanpokok #marketanalysis #bisnisecommerce  #strategibisnis #markettrends #fmcg #CompasID #topbrand #datapenjualan #dataecommerce #ecommerceindonesia #datatokopedia #datashopee #kelangkaan",https://www.instagram.com/p/C34zGNOyyRp/
compas.co.id,"Manisnya marjan mendominasi penjualan kategori Jus Sirup jelang ramadhan!

🙌🏼 Menyambut bulan Ramadhan, Compas.co.id turut memantau data penjualan kategori Jus Sirup. @marjanboudoin masih memimpin dengan perolehan market share 40,98%. Posisi ke-2, yakni @drippflavour 6,21%, dan diikuti oleh @monin_id di posisi ke-3 5,18%.

🍷 Marjan sudah dua kali mendominasi penjualan kategori Jus Sirup jelang ramadhan, pencapaian tersebut berhasil diraih karena adanya penggunaan strategi marketing yang tepat, yakni seasonal marketing. Selain itu, Marjan juga melaukan pendekatan dengan memasuki pikiran audiens melalui sajian konten atau iklan yang menarik. Saat ini Marjan telah menjadi top of mind bagi masyarakat dan mampu menggeser posisi brand @sirupabc.id yang juga sempat memiliki banyak peminat selama bertahun-tahun.

Menurut kamu, apalagi strategi lain yang diterapkan oleh Marjan dan siapakah brand Jus Sirup lain yang mampu menggeser posisi Marjan di ramadhan yang akan datang? Komen di bawah yuk👇🏼

🔖 Fyi, Compas tidak hanya menyediakan data seputar kategori Jus Sirup saja, tetapi tersedia data penjualan dari kategori lainnya yang berisi data Market Share Kategori, Top Brand, Top Seller & Top Product

👋🏼 Bagi para FMCG Leaders yang tertarik dan ingin memanfaatkan momentum ramadhan kali ini agar bisa seperti Marjan, yuk hubungi kami sekarang juga dengan dm atau komen postingan ini agar tim Expert kami bisa memberikan demo terkait kapabilitas data maupun product dari kami

#sirupmarjan #sirupabc #makanan #minuman #fnb #ramadhan2024 #ramadhankareem🌙 #tokopedia #datapenjualan #moninsyrup #tropicana #markettrends #marketanalysis #infographic #fmcg #davinci",https://www.instagram.com/p/C4c8czESM4e/
compas.co.id,"✨ Berikut ini data pantauan team Compas.co.id mengenai Top Kategori TikTok Shop periode February 2024

📊 Hasil pantauan Compas.co.id dalam memantau data market share TikTok Shop by Category Sales Revenue, menunjukkan bahwa kategori perawatan dan kecantikan unggul di peringkat pertama dengan 71,8%, lalu disusul oleh kategori makanan & minuman sebesar 17,2%, posisi ke-3 ditempati oleh kategori kesehatan sebesar 8,3%, dan posisi terakhir, yakni kategori Ibu Bayi sebesar 2,7%.

👉🏼 Jika dilihat dari penggunaan dan kebutuhan perawatan dan kecantikan memang seringkali unggul dalam beberapa top kategori karena umumnya penggunaan perawatan dan kecantikan sudah dipakai sejak usia 12 tahun ke atas.
Compas.co.id selaku penyedia layanan market insight dashboard baru-baru ini meluncurkan layanan end to end e-commerce solution yang terintegrasi dengan platform e-commerce, salah satunya TikTok Shop Dashboard yang menyajikan data secara near real time. 

Nah, langsung aja komen postingan ini atau dm kami untuk mendapatkan detail data dan demo dari tim expert Compas.co.id mengenai top brand & top kategori produk.

#topbrand #markettrends #tiktok #datapenjualan #marketsharefnb #bodycare #skincare  #datamakananminuman #fnb #infographic",https://www.instagram.com/p/C4Fw3zDyEx2/
compas.co.id,"Brand @wookeyweight memimpin kategori suplemen makanan dengan Market Share 17.7%!
Sejalan dengan data dari top product listing, product yang mendominasi juga berasal dari Wookey Weight dengan produk terlarisnya adalah susu penambah berat badan yang telah terjual sebanyak 2.8 ribu produk terjual. Selain itu, brand tersebut juga menjadi top seller location dengan menempati posisi pertama.

Posisi selanjutnya ditempati oleh @fitwithrealfoodid, @vitaciminid, @natur_e_indonesia, @blackmoresid, @seloxy.id, @coolvita.id, @suplemenastria, @cdr.id, dan Ambeno di posisi terakhir

Compas.co.id siap membantu dengan Compas Market Insight dashboard yang telah terintegrasi dengan e-commerce di Indonesia. Tersedia fitur menarik pada dashboard yang dapat membantu temen-temen brand untuk mengembangkan bisnisnya, mulai dari pantauan data Top Brand, Top Seller, Top Produk Listing sampai dengan Lokasi Seller.

Bagi para brand yang ingin tahu di mana posisi bisnismu, mari diskusi bersama kami melalui komen postingan ini atau melalui dm kami yaa!

#suplemen #suplemenmakanankesehatan #realfood #nature #marketanalysis #datapenjualan #marketshare #kesehatan #infographic #tokopedia #lazada #blibli #tiktokshop #shopee #ecommerce",https://www.instagram.com/p/C4wrFbDyNX1/
compas.co.id,"🔖 PT Telunjuk Komputasi Indonesia selaku perusahaan induk dari Compas.co.id merayakan ulang tahunnya ke 12 pada tanggal 29 Februari 2024 dan sudah lebih dari satu dekade berkontribusi dalam mendorong pertumbuhan perekonomian digital Indonesia di sektor e-commerce dengan beragam inovasi dimulai dari price comparison di ecommerce Indonesia hingga pada saat ini berfokus pada lini brand compas.co.id yang menyediakan layanan end to end e-commerce solution. 

📌 Pada kesempatan ini Compas.co.id turut meluncurkan layanan market insight dashboard TikTok Shop, diintegrasikan dengan seluruh marketplace yang telah ada sebelumnya. Peluncuran ini sejalan dengan salah satu nilai perusahaan, yakni improve continuously, dimana Compas.co.id akan terus berkembang dengan melakukan pembaharuan agar dapat memenuhi kebutuhan informasi bagi pemilik brand, media maupun pelaku bisnis fmcg di industri E-commerce.

✨ Dalam acara perayaan ulang tahun kemarin, terdapat sesi demo Live Dashboard yang menampilkan informasi market insight TikTok Shop secara near real time. Informasi yang disajikan terdiri dari sales value, sales quantity berdasarkan brand, jenis toko (official dan non-official store), serta kelompok kategori yang dapat disesuaikan pada periode waktu tertentu. 

Compas.co.id berharap melalui peluncuran ini dapat membantu para pemilik brand untuk semakin bijak mengambil keputusan yang berdasarkan data.

🤗 Compas.co.id mengucapkan terima kasih kepada semua pihak yang telah menjadi bagian dari perjalanan perusahaan selama ini. Terima kasih dukungan dan kontribusi dari para stakeholders yang terus mendorong Compas.co.id untuk bertumbuh. Kami juga ingin berterima kasih kepada teman-teman media atas bantuannya dalam mempublikasikan data-data Compas.co.id, serta seluruh pengikut setia Compas.co.id sampai saat ini yang senantiasa berinteraksi pada setiap konten yang dipublikasikan oleh Compas.co.id. 

Bersama kita sukseskan generasi Indonesia berbasis data, ENABLING SUCCESS!🙌🏼

#digitaleconomy #tiktokshop #datadrivendecisions #B2Bmarketing #mediapartner #mediasosial #Tokopedia #markettrends #infografis #bisnisecommerce #shopee #strategibisnis #marketanalysis #dataecommerce #fmcg",https://www.instagram.com/p/C3_9XPmybiu/
compas.co.id,"Shopee memimpin Top Market Share Kategori Beauty Care di E-commerce selama bulan Februari 2024!

Compas.co.id merilis data terkait platform e-commerce yang mendominasi market share untuk kategori Beauty & Care, mulai dari TikTok Shop, Lazada, Blibli, Shopee, dan Tokopedia. Dari data yang disajikan;
📈Shopee unggul dengan market share 63,5%
📈TikTok Shop di posisi ke-2 dengan market share 18,2%
📈Lazada di posisi ke-3 dengan market share 13,8%
📈Tokopedia di posisi ke-4 dengan market share 4,26%
📈Dan, Blibli yang berada di posisi terakhir dengan market share 0,13%

Dari data di atas, marketplace favoritmu ada di urutan berapa? Komen di bawah yuk

Bagi para FMCG Leaders yang ingin tahu apakah produknya masuk Top Brand atau Top Kategori, serta strategi seperti apa yang tepat untuk mengembangkan bisnismu. Langsung aja komen di bawah ini atau bisa DM kami. Compas.co.id memiliki tim expert yang dapat membantu kamu dan bisnismu melalui data yang disajikan secara near real time dengan informasi yang sudah terintegrasi di berbagai macam platform e-commerce.

So, tunggu apalagi??? Yuk komen sekarang juga:)

#marketingdigital #marketshare #markettrends #marketanalysis #shopee #tiktokshop #lazada #tokopedia #infographic #blibli #datapenjualan #topbrand #skincare #bodycare",https://www.instagram.com/p/C4LIlrTyH2E/
compas.co.id,"📌 Pertumbuhan Healthcare Industry dengan Sales Value Growth Terpesat di E-commerce 2023

Perkembangan industri Jamu Tradisional terbukti dapat menarik atensi dan mendapat kepercayaan dari pelanggan. Seiring dengan perkembangan teknologi, perusahaan lokal di atas memiliki reputasi yang baik dikalangan masyarakat, khususnya bagi penikmat Jamu.

Terbukti dari hasil pantauan Compas.co.id dalam industri Healthcare dengan perbandingan data tahun 2022 dan 2023, dimana meskipun terjadi penurunan sales value growth dalam kategori health di 17% , namun beberapa perusahaan lokal malah tetap tumbuh, dipimpin oleh Sido Muncul dengan sales value growth 50%, Bintang Toedjoe 37%, Herbana 31%, dan Jamu Jago 24%.

Strategi apa yang diterapkan oleh perusahaan di atas dan bagaimana cara mereka dalam mempertahankan kepercayaan pelanggannya?

Temukan jawabannya di @compas.co.id!:) 

#markettrends #jamutradisional #healthcare #marketanalysis #datapenjualan #topbrand #infographic 
#marketshare #tokopedia #datapenjualan #topbrand #shopee",https://www.instagram.com/p/C4NQx-yyW3j/
compas.co.id,"📊 Tingginya minat dan besarnya peluang bisnis untuk kategori Beauty & Care dipicu oleh perubahan perilaku konsumen dan peningkatan kesadaran pentingnya perawatan diri. Sebelumnya, tim Compas.co.id juga telah merilis data mengenai Top Kategori TikTok Shop periode Februari 2024, hasilnya menunjukkan bahwa kategori Beauty & Care mendominasi, sehingga dapat disimpulkan bahwa bisnis dengan kategori Beauty & Care akan memiliki persaingan yang sangat ketat.

👉🏼 📈 Dibuktikan dengan data Compas.co.id mengenai
Top 10 Seller Beauty & Care dengan market share tertinggi di Tiktok Shop. Brand @otwoo_id memimpin di posisi pertama dengan market share 3,52%, posisi ke-2 ada @scarlett_whitening 2,88%, posisi ke-3 ditempati oleh @wardahbeauty 2,24%, lalu di posisi ke-4 ada @byzoeofficial 1,78%, dan @somethincofficial di posisi ke-5 dengan 1,64%, selanjutnya di posisi ke-6 ada brand @npureofficial dengan 1,56%, posisi ke-7 diduduki oleh @azarinecosmeticofficial 1,50%, posisi ke-8 ada Aneka Kosmetik 1,49%, disusul oleh @imploracosmetics di posisi ke-9 dengan 1,46%, dan terakhir @evangeline.id dengan persentase 1,45%.

📌Ketatnya persaingan dalam industri Beauty & Care khususnya dalam marketplace TikTok Shop dipengaruhi oleh brand image dan penggunaan strategi marketing yang tepat. Brand image dan strategi marketing berpengaruh besar untuk menarik minat dan daya beli pelanggan.

✨Oleh karena itu, Compas.co.id hadir membantu setiap brand maupun para leaders di industri FMCG, khususnya dalam kategori Beauty & Care agar dapat survive di kondisi pasar yang sangat ketat.

🔖 Tersedia sesi konsultasi dari tim Compas.co.id dan sajian data mengenai Top Brand & Top Kategori, serta data lain sesuai kebutuhan bisnismu
Tertarik? Yuk, komen dibawah atau silahkan DM kami sekarang juga!:)

#beautycare #skincare #skincareroutine #tiktokshop #otwoocosmetics #wardahbeauty #somethinc #imploralipcream #npure #scarlettwhitening #markettrends #marketanalysis #infographic #datapenjualan",https://www.instagram.com/p/C4QHo71yXZB/
compas.co.id,"Jelang Ramadan, Compas.co.id memantau data kategori Baby Lotion Cream!
Berdasarkan pantauan Compas.co.id, marketplace Shopee masih menjadi platform ecommerce dengan market share tertinggi sebesar 68%. Selanjutnya, dalam Top 10 brand Kategori Baby Lotion Cream di seluruh marketplace, brand @zwitsal_id meraih posisi puncak dengan market share 16%.

Brand lain yang juga yang masuk dalam top 10 brand kategori Baby Lotion Cream, yaitu:
@moell.id, @gently_indonesia, @budsorganics.id, @expertcare.id, @mustelaindonesia, @beeme.official, @nubiko.id, @mamaschoiceid, dan @johnsonsbaby_id.

Compas.co.id tidak hanya memantau Top brand dari Kategori Baby Lotion Cream saja. Kali ini Compas.co.id memantau data terkait Top Product Listing pada kategori Baby Lotion Cream! Produk Zwitsal unggul dan berhasil merebut posisi 1 dan 4 dengan produk andalannya, Zwitsal Essential Baby. Selain itu secara penyebaran lokasi 4 dari 5 penjual dengan market share tertinggi masih dipegang oleh daerah Jabodetabek dengan Surabaya masuk dalam top 5 seller location based on market share.

Bagi para brand yang ingin mengetahui data terkait ecommerce Indonesia, Compas.co.id siap menyediakan data sesuai kebutuhan, mulai dari market share tiap kategori FMCG, Top Kategori Brand, Top Seller, Top Product Listing, Top Seller Location, dan lain-lain.

📞 Hubungi kami, Compas.co.id melalui dm atau komen postingan di bawah ini untuk bisa menjadwalkan demo terkait data yang kami miliki.

#babycare #momcare #babylotion #datapenjualan #marketshare #infographic #shopee #tiktokshop #tokopedia #lazada #zwitsal #marketanalysis #fmcg",https://www.instagram.com/p/C5CqoQXSvRK/
compas.co.id,"Optimalkan potensi bisnismu dengan warehouse management system! Temukan alasan mengapa sistem manajemen gudang adalah kunci kesuksesan operasional🔑🔓

📄 Sistem manajemen gudang atau dikenal sebagai warehouse management system adalah sistem yang dibuat untuk memudahkan kinerja manajemen gudang secara end-to-end process. Dengan mengimplementasikan warehouse management system, maka human error dan risiko lain dapat diminimalisir, meningkatkan efisiensi & produktivitas, meningkatkan kepuasaan pelanggan, menghemat biaya operasional, dan membantu proses supply chain.

🔖 Nah, untuk mentransformasikan bisnismu, Compas.co.id menyediakan Compas Operation Dashboard yang diperuntukan untuk multi-platform e-commerce brand operations command center dengan fungsi yang sama dengan warehouse management system. Compas.co.id memiliki dashboard yang dapat memantau aktivitas dan meningkatkan kepuasan pelanggan terhadap status brand.

So, tunggu apalagi⁉️
Yuk, tingkatkan peluang bisnismu bersama Compas.co.id sekarang juga‼️✨🤩
DM atau komen postingan ini untuk info selanjutnya:)

#MarketAnalysis #bisnisecommerce  #strategibisnis #markettrends #fmcg #CompasID #topbrand #datapenjualan #dataecommerce #ecommerceindonesia #datatokopedia #datashopee",https://www.instagram.com/p/C3pGNBfSKgh/
compas.co.id,"— #CompasIDVisit

Yeay, pada tanggal 22 Februari 2024 pukul 14:00 WIB team @compas.co.id berkunjung ke markas aka kantornya @detikcom 🤩✨

Kedatangan team Compas.co.id disambut hangat oleh teman-teman dari team detikcom🙌🏼
Pertemuan tersebut berlangsung +- 1,5 jam dengan pembahasan yang berfokus dalam hal kolaborasi dan edukasi, serta ada sesi demo e-commerce market insight dari team Compas.co.id juga loh😍

Pertemuan tersebut ditutup dengan pemberian cinderamata satu sama lain. So, nantikan project kolaborasi kami yaa🤗

#compasid #detikcom #detik #dataanalytics #marketingdigital #marketanalysis #fmcg #datapenjualan #datashopee",https://www.instagram.com/p/C3rCdaOSQXW/
compas.co.id,"Tingkatkan peluang bisnis e-commercemu dengan analisis data!🚀📊
Data dapat dijadikan sebagai acuan oleh brand e-commerce untuk tetap unggul dan selangkah lebih maju💡🎯

Nah, @compas.co.id selaku business intelligence yang memiliki kapabilitas dalam melakukan analisis market insight e-commerce dengan berfokus pada data produk terlaris (top brand), data harga produk di pasar, dan data top brand, serta analisis kompetitor per kategori secara near real time.

Yuk, jelajahi analisis kompetitor dengan data untuk ungkap referensi harga, strategi branding & marketing, serta peluang inovasi bersama Compas. Bagi Compas, data tidak hanya sekadar angka, namun juga menjadi fakta.

🔖 So, tim @compas.co.id .id siap memberikan solusi terbaik untuk kebutuhan bisnismu 📈🔍
Langsung aja DM dan komen sekarang untuk info selengkapnya! 📩👇

#MarketAnalysis #bisnisecommerce #marketanalysis #strategibisnis #markettrends #fmcg #CompasID #topbrand #datapenjualan #dataecommerce #ecommerceindonesia #datatokopedia #datashopee",https://www.instagram.com/p/C3hwrwLSwJg/
compas.co.id,"— #CompasIDVisit 
Compas.co.id ❌ Bisnis Indonesia

Today @compas.co.id mengadakan kunjungan ke kantor @bisnisindonesia_id dalam rangka pengenalan dan upaya untuk membangun sinergi dalam bidang bisnis di Indonesia.

Nextnya, bakal ada project-project seru dari team @compas.co.id dan team @bisnisindonesia_id

So, nantikan dan jangan sampai dilewatkan!:)🙌🏼

@bisnisindonesia_id @bisnisindonesiagroup @bisnis.com @contexdotid 

#MarketAnalysis #bisnisecommerce #strategibisnis #markettrends #fmcg #CompasID #datapenjualan #dataecommerce #ecommerceindonesia #bisnisindonesia",https://www.instagram.com/p/C3kZPeaywXN/
compas.co.id,"Perkembangan sektor e-commerce tengah menjadi sorotan dalam beberapa tahun terakhir.
Menurut laporan e-Conomy SEA 2023 sektor e-commerce Indonesia diprediksi akan terus berkembang dan mencapai sekitar USD 110 miliar pada tahun 2025 nanti.

Mengacu pada laporan di atas, ini saatnya bagi kamu untuk memulai bisnis di sektor e-commerce!
Tenang aja, kamu tidak sendiri karena ada kami @compas.co.id
Compas.co.id menyediakan Compas Market Insight Dashboard sebagai platform analisis yang bisa membantu bisnis kamu berkembang pesat. Salah satunya dalam penetapan strategi yang tepat.

Mari kembangkan bisnismu bersama team Compas.co.id. Segera DM atau komen di postingan ini terkait kebutuhan bisnismu. Tim expert Compas.co.id menyediakan data dan demo dari top kategori produk & top brand, serta insight secara near real time untuk kategori FMCG.

#bisnisecommerce #marketanalysis #strategibisnis #peluangbisnis #digitaleconomy #bisnisonline #markettrends #fmcg #CompasID #topbrand #datapenjualan #dataecommerce #ecommerceindonesia #datatokopedia #datashopee",https://www.instagram.com/p/C3Xh2UISiXP/
compas.co.id,"— #CompasIDVisit 👋🏼

Team @compas.co.id kembali mengadakan kegiatan kunjungan ke teman-teman media. Nah, kali ini team @compas.co.id menghadiri pertemuan dengan team dari @cnbcindonesia di kantor CNBC Indonesia yang berlokasi di daerah Tendean, Jakarta Selatan🙌🏼

Nah, sama dengan kegiatan media visit sebelumnya, tentu team Compas.co.id dan team CNBC Indonesia berharap pertemuan ini dapat menghasilkan inovasi dalam bentuk kolaborasi🤗
Menurut kamu, kolaborasi apa yang cocok untuk team Compas.co.id dan CNBC Indonesia??🤔

Komen di bawah yaa👇🏼

#compasid #cnbcindonesia #cnbc #dataanalytics #marketingdigital #marketanalysis #fmcg #datapenjualan #datashopee #datatokopedia",https://www.instagram.com/p/C3tnKXCSLVK/
compas.co.id,"Berdasarkan data yang dipantau oleh Compas.co.id, Market F&B di Tokopedia periode 1-15 Januari 2024 mencatat jumlah produk terjual hingga 625 ribu produk khusus official store. 

Khusus untuk 3 Kategori Produk F&B terlaris mengalami penjualan luar biasa, terjual >144 Ribu Produk!🚀📈

Dari seluruh subkategori produk F&B, terdapat 3 kategori produk yang menempati puncak sebagai produk terlaris. Mie Pasta Instan berhasil terjual hingga 65 ribu produk, diikuti oleh kategori Kopi dan Bumbu Instan.

Data top kategori produk & top brand di kategori F&B maupun Kategori FMCG lainnya sudah dirangkum oleh tim Compas.co.id. Tinggalkan comment dibawah, dm kami atau bisa langsung click link di Bio untuk dapatkan demo insight dari tim expert kami terkait data-data tersebut.

#topbrand #PangsaPasar #Tokopedia #datapenjualan #marketsharefnb #datacompas #datamakananminuman",https://www.instagram.com/p/C3AHzGuyzy2/
compas.co.id,"Siapa nih yang penasaran sama fitur-fitur di Compas Market Insight Dashboard?☝🏼

Nah, biar nggak pada kepo. Ini dia fitur-fitur yang bisa kalian akses dan pantau hanya dalam satu dashboard🙌🏼

🔖Compas.co.id selalu berkomitmen untuk membantu kamu dalam mengembangkan & meningkatkan bisnismu. Kalau kamu masih bingung gimana cara pakainya dan baca datanya, team @compas.co.id juga siap membantu loh

Langsung DM dan komen postingan ini untuk info selengkapnya👇🏼✨

#MarketAnalysis #bisnisecommerce  #strategibisnis #markettrends #fmcg #CompasID #topbrand #datapenjualan #dataecommerce #ecommerceindonesia #datatokopedia #datashopee",https://www.instagram.com/p/C3sM3DvSAPa/
compas.co.id,"Moment valentine semakin dekat, dan ini dia brand cokelat yang mendominasi jelang valentine 2024✨

Berdasarkan data pengamatan periode 16-31 Januari 2024 dari @compas.co.id. Brand Cadburry berhasil mendominasi pasar cokelat mendekati valentine 2024 di Tokopedia dengan market share sebesar 42,85%. Disusul oleh brand Silverqueen di peringkat 2 dengan market share sebesar 6,27%, dan brand Delfi di peringkat 3 dengan market share sebesar 6,12%.

kira-kira faktor apa ya yang berhasil membuat Cadburry mendominasi Market Cokelat di Tokopedia??🤔

Langsung DM kami atau komen di postingan ini untuk mendapatkan detail data dan demo dari tim expert @compas.co.id. Mulai dari top kategori produk & top brand dan insight yang terjadi secara near real time di kategori F&B maupun kategori FMCG lainnya🙌🏼

#topbrand #PangsaPasar #Tokopedia #datapenjualan #marketsharefnb #datacompas #datamakananminuman #datapenjualancokelat #valentine",https://www.instagram.com/p/C3RoIiKyKVL/
compas.co.id,"Akhirnya saat yang kita tunggu tiba, pemilu sudah didepan mata🥳

Nah, kali ini @compas.co.id merelease data terbaru yang menampilkan beberapa anomali dalam penjualan produk FMCG di e-commerce selama masa pemilu 2024, loh😱
Berdasarkan data pengamatan dari @compas.co.id terjadi penurunan penjualan untuk minyak goreng sebesar 11% atau sebanyak 70.000 produk, disusul dengan penurunan penjualan beras sebesar 2% atau sebanyak 16.000 produk, dan terakhir penurunan penjualan paling tinggi berada pada kategori bumbu dapur dan penyedap rasa sebesar 41% atau 526.000 produk.

Di saat bahan pangannya lainnya menurun, penjualan gula justru meningkat sebesar 38% atau terjual sebanyak 201.000 produk.
Fyi, data tersebut merupakan data terbaru yang telah dibandingkan dengan data pada bulan Januari 2023.

Fenomena tersebut disebabkan oleh perilaku konsumen dan pasar FMCG yang dipengaruhi oleh situasi politik jelang Pemilu 2024.
Nah, sekarang terjawabkan kenapa harga bahan pokok pada mahal😩

So, buat Brand FMCG penting banget untuk memahami tren dan anomali saat ini agar dapat merancang strategi yang tepat🙌🏼
Kami @compas.co.id hadir untuk membantu. Langsung aja DM atau komen dibawah ini terkait data dan demo yang kalian perlukan ya👇🏼✨
Tim expert Compas.co.id menyediakan data dan demo top kategori produk & top brand, serta insight yang terjadi secara near real time untuk kategori F&B dan FMCG lainnya🙌🏼

#topbrand #PangsaPasar #datapenjualan #berasmahal #pemilu2024",https://www.instagram.com/p/C3Ugd84SQAN/
compas.co.id,"Compas.co.id mengucapkan selamat Hari Pers Nasional! Hari ini, bersama-sama kita dukung peran penting jurnalis untuk terus berdedikasi memberikan informasi Dan data yang bermanfaat untuk publik.

Jangan pernah berhenti untuk mengedukasi seluruh masyarakat Indonesia! 🎥📝🌟
#HariPersNasional #PewartaIndonesia #TerimaKasihJurnalis",https://www.instagram.com/p/C3HT1wjyAsA/
compas.co.id,"Berdasarkan data yang dipantau oleh Compas.co.id, Market Parfum & Wewangian saat ini mencapai total GMV sebesar 3M Rupiah di periode 1-15 Januari 2024 pada platform Tokopedia khusus official store dengan jumlah produk terjual mencapai 27 ribu produk!🤩🎉

Peringkat Top 3 Brand Parfum dikuasai oleh brand lokal, yaitu @hmns.id dengan market share tertinggi sebesar 21%, peringkat ke 2 @saffnco dengan market share sebesar 12% dan @kahfeveryday dengan market share sebesar 5% berada di peringkat 3.

Temukan insight selengkapnya dalam “Compas Market Insight: Indonesian FMCG E-Commerce Report 2023”

#topbrand #top10brandparfum #pangsapasar #tokopedia #datapenjualan #marketshareparfum #datacompas",https://www.instagram.com/p/C210rqPSys4/
compas.co.id,"Premium Version of FMCG Report 2023 Now Available!✨

Dive deep with our Premium Edition. Get extensive market analysis, full data, current trends, future predictions, and in-depth competitor insights. It’s not just a report; it’s a key strategy tool to deeply understand the FMCG market and sharpen your strategy.📈🚀

ORDER REPORT VIA LINK IN BIO!✨

#CompasFMCGReport2023 #FMCGReport #DataCompas #CompasDashboard #marketinsights",https://www.instagram.com/p/C2rhcLlyHfO/
compas.co.id,"So, guys ini dia activity recap saat team @compas.co.id berkunjung ke kantor teman teman media dan disambut hangat oleh teman-teman media, seperti Bisnis Indonesia, Detikcom, CNBC Indonesia, dan CNN Indonesia🙌🏼✨

Nah, kalau kantor/sekolah/universitas kamu ada acara atau sekadar ingin dikunjungi oleh team Compas.co.id silahkan dm kami karena Compas.co.id terbuka untuk hal itu🤗

Nextnya team Compas.co.id visit kemana lagi ya?!! komen dibawah yuk👇🏼

#mediavisit #compasid #news #fmcg",https://www.instagram.com/p/C3whyuOyiKo/
compas.co.id,"📊 Berdasarkan data Compas.co.id, nilai penjualan kategori mouth care mencapai 9,8 Miliar Rupiah dengan total produk terjual lebih dari 300 ribu selama jelang Ramadhan.

@pepsodent_cl Juara 1!🙌🏼

Di tengah tren ini, Pepsodent mendominasi pangsa pasar dengan market share 54,22%, jauh di atas pesaingnya.
Ingin tahu rahasia sukses Pepsodent?
Temukan jawabannya di dashboard Compass.co.id!

Dashboard Market Insight Compas.co.id dapat menunjukkan secara detail kategori mouth care atau kategori FMCG lainnya, seperti:
- Data Top Brand
- Data Top Seller
- Data Produk Listing yang laku
- Lokasi Seller dari penjual

Dapatkan insights berharga untuk meningkatkan strategi marketing brand kamu dengan Compas.co.id Market Insight Dashboard.
Hubungi kami melalui comment atau dm untuk menjadwalkan demo dengan tim expert kami!

#pepsodent #closeup #sensodyne #markettrends #marketanalysis #datapenjualan #marketshare #mouthcare #infographic #tokopedia #lazada #blibli",https://www.instagram.com/p/C4p5BgXP216/
compas.co.id,"Top 10 brand minuman soda terlaris di Tokopedia pada periode 1-15 Januari 2024, Schweppes menjadi yang pertama!🥇

Menurut data Compas, @schweppes memimpin dengan market share 9%, diikuti @cocacola_id dengan 6%, dan Lotte Chilsung Cider dengan 3%.

Apakah Kamu tertarik untuk mengetahui lebih lanjut tentang tren industri minuman soda di Indonesia?

Temukan insight selengkapnya dalam “Compas Market Insight: Indonesian FMCG E-Commerce Report 2023”

#topbrand #industriminuman #fmcg #datapenjualan #marketshareindonesia #dataecommerce #strategibrand #peluangbisnis",https://www.instagram.com/p/C2wrBd3SeW4/
