ownerUsername,text,post_url
populix.co,"In 2026, brand choice is no longer driven by product and price alone. Global pop culture, local pride, and even geopolitical awareness are increasingly shaping how Millennials and Gen Z decide which brands they trust, support, or leave behind.

Launched at Populix Industry Outlook 2026, our latest whitepaper explores what’s really behind these shifts. From local vs global brand preference and perceived quality, to the role of pop culture, influencers, and brand stances, this report unpacks the key forces redefining loyalty, and what they mean for Indonesian brands navigating the next market cycle.

Get the full whitepaper and gain a strategic lens to navigate loyalty, relevance, and risk in an increasingly complex market.

Download it via 👉 populix.id/GenMZ2026 (link in bio)

—-————

Memasuki 2026, pilihan terhadap sebuah brand tidak lagi ditentukan oleh produk dan harga semata. Pengaruh pop culture global, local pride, hingga kesadaran isu geopolitik ikut memengaruhi bagaimana Milenial dan Gen Z melihat nilai, kualitas, dan sikap sebuah brand.

Diluncurkan pada Populix Industry Outlook 2026, whitepaper terbaru kami merangkum temuan utama tentang pergeseran perilaku tersebut. Mulai dari dinamika preferensi brand lokal vs global dan persepsi kualitas, pengaruh pop culture di industri kreatif, hingga bagaimana sikap brand memengaruhi loyalitas generasi muda di Indonesia.

Unduh whitepaper lengkapnya untuk mendapatkan perspektif strategis terkait perubahan loyalitas, relevansi brand, dan lanskap pasar 2026 yang semakin kompleks.

Unduh di 👉 populix.id/GenMZ2026 (link in bio)

#Populix #NextGenResearch #MarketResearch #IndustryOutlook",https://www.instagram.com/p/DTKmUchknDt/
populix.co,"Understanding purchase decisions in Southeast Asia requires more than identifying surface-level trends. The region’s rapid growth is influenced by diverse consumer mindsets shaped by emotional, rational, and cultural factors, making a deep understanding of local consumer behavior essential for brands to remain competitive.

To explore the factors shaping real purchase decisions across Southeast Asia, read the full article on our blog at 🔗 populix.id/SEApurchasedecision.

-————-

Memahami purchase decision konsumen di negara-negara Asia Tenggara tidak bisa sekadar melihat tren di permukaan. Pertumbuhan pesat di kawasan ini dibentuk oleh beragam pola pikir konsumen, yang dipengaruhi oleh faktor emosional, rasional, dan budaya. Karena itu, pemahaman yang mendalam terhadap perilaku konsumen lokal menjadi fondasi penting bagi brand untuk tetap relevan dan kompetitif.

Untuk memahami lebih jauh faktor-faktor yang membentuk purchase decision di kalangan konsumen Asia Tenggara, baca artikel lengkapnya di 🔗 populix.id/SEApurchasedecision.

#Populix #NextGenResearch #MarketResearch #ConsumerInsights #SoutheastAsia consumerbehavior",https://www.instagram.com/p/DT9pOozku-A/
populix.co,"Psychological abuse takes many forms, often leaving the victim unaware of the manipulation until it’s too late. But the trauma is lasting, affecting their emotional and mental well-being long after the abuse has occurred.

Unfortunately, topics like grooming and emotional abuse are still considered taboo in many spaces. People often aren’t aware of the tactics used, and there’s a lack of proper education on how to recognize and address these issues.

Check out our survey findings on public awareness of this issue➡️

———

Kekerasan psikis bisa datang dalam berbagai bentuk, sering kali tanpa disadari oleh korban hingga terlambat. Trauma yang ditinggalkan pun bisa sangat mendalam, memengaruhi kesehatan emosional dan mental korban jauh setelah kejadian.

Sayangnya, topik seperti grooming dan kekerasan emosional masih dianggap tabu di banyak kalangan. Banyak orang yang belum sepenuhnya paham tentang taktik yang digunakan, dan edukasi yang cukup tentang cara mengenali serta menangani masalah ini masih sangat kurang.

Yuk, simak temuan survei kami mengenai kesadaran publik tentang isu ini ➡️

#Populix #NextGenResearch #ChildGrooming #mentalhealth",https://www.instagram.com/p/DTw5Pqukp_L/
populix.co,"Expanding to Southeast Asia?

Whether you’re an Indonesian business targeting other SEA markets or a regional player entering Indonesia, understanding the market is critical, as consumer behavior, culture, and market maturity vary widely.

Regional perspectives help frame the bigger picture, while local insights ground strategies in real-world context, ensuring decisions are relevant, actionable, and aligned with market realities.

Connect with our team to explore tailored Southeast Asia consumer insight solutions at 📥info.populix.co/contact.us.

#Populix #NextGenResearch #MarketResearch #ConsumerInsights #SoutheastAsia",https://www.instagram.com/p/DTum4tVElvf/
populix.co,"Pop culture serves as a shortcut to understanding consumers emotionally, as it reflects what people collectively care about at any given moment.

From a movie scene turned into jokes & references, to a song that becomes a TikTok soundtrack, to slang words that enter daily conversations, these trends often spread quickly and then fade or evolve. 

Dive deeper into our whitepaper to explore how pop culture exposure influences perception, shapes relevance, and strengthens brand loyalty among Indonesian Gen MZ.

Access the full report via 👉 populix.id/GenMZ2026 (link in bio)

———

Pop culture sering kali jalan pintas untuk memahami konsumen secara emosional, karena beberapa tren mencerminkan apa yang sedang dianggap relevan oleh publik saat ini.

Mulai dari potongan scene film yang menjadi referensi jokes, lagu yang viral di FYP TikTok, hingga istilah/bahasa baru yang masuk ke percakapan sehari-hari, tren menyebar dengan cepat, lenyap dengan sendirinya hingga berganti arah.

Pelajari lebih lanjut melalui whitepaper kami untuk melihat bagaimana eksposur pop culture memengaruhi persepsi, menentukan relevansi, dan memperkuat loyalitas merek di kalangan Gen MZ Indonesia.

Akses laporan lengkapnya di 👉 populix.id/GenMZ2026 (link di bio)

#Populix #NextGenResearch #MarketResearch #PopCulture",https://www.instagram.com/p/DTSUVgDEtZ7/
populix.co,"Understanding consumer behavior is key for brands looking to expand in Southeast Asia. Despite being seen as a high-growth region, SEA consumers are highly diverse, making generic, one-size-fits-all strategies ineffective for long-term success.

Swipe to understand what drives SEA consumers and how data-driven insights can strengthen your expansion strategy 👉🏻
-----
Memahami perilaku konsumen adalah kunci bagi brand yang ingin berekspansi di Asia Tenggara. Meski kerap dipandang sebagai kawasan dengan pertumbuhan tinggi, konsumen di SEA sangat beragam, sehingga strategi generik atau one-size-fits-all tidak efektif untuk keberhasilan jangka panjang.

Geser untuk memahami apa yang mendorong konsumen di SEA dan bagaimana insight berbasis data dapat memperkuat strategi ekspansi brand 👉🏻

#Populix #NextGenResearch #consumerinsights #indonesiaconsumer #southeast_asia",https://www.instagram.com/p/DTkUsaCkg8m/
populix.co,"Amid rising global tensions and economic uncertainty, gold prices have surged, prompting many to rethink their investment strategies. So, how will this impact financial behavior among Indonesians?

Our survey reveals shifting priorities as individuals adjust their financial strategies in response to the fluctuating market and rising asset prices. They are now facing a delicate balance between preserving capital and pursuing higher returns.

Swipe through to discover how Indonesians are responding to this new gold price landscape.➡️
———

Di tengah ketegangan global dan ketidakpastian ekonomi, harga emas semakin melambung, membuat banyak orang mulai mempertimbangkan ulang strategi investasinya. Lalu, bagaimana dampaknya terhadap perilaku finansial masyarakat Indonesia?

Survei kami menunjukkan perubahan prioritas, di mana banyak orang menyesuaikan strategi keuangannya di tengah market yang fluktuatif. Mayoritas masih berusaha untuk mengejar imbal hasil yang lebih tinggi,  namun sebagian memilih mengamankan nilai aset yang dimiliki saat ini.

Geser untuk melihat hasil survei selengkapnyai ➡️

#Populix #NextGenResearch #WealthManagement #FinancialBehavior #HargaEmas",https://www.instagram.com/p/DUDHWkTkgSq/
populix.co,"As Southeast Asia’s largest economy, Indonesia offers significant growth opportunities for regional businesses entering the market.

However, understanding Indonesian consumer behavior is key, as it blends traditional values with modern digital influences. Given Indonesia’s geographic and cultural diversity, a one-size-fits-all strategy won’t work.

Want to learn more about how Indonesia can be a strategic market for SEA businesses?

Visit🔗 populix.id/WinningSEABusiness to read more 

#Populix #NextGenResearch #ConsumerInsights #IndonesiaConsumer #SEABusiness",https://www.instagram.com/p/DTzrPnBkjTX/
populix.co,"This year marks a defining milestone for Populix as we take a bold step toward shaping the future of research and insights across the region📊🌎

At Populix Industry Outlook 2026, we unveiled our refreshed company profile and announced Populix’s regional expansion into Southeast Asia; a strategic move that strengthens our commitment to delivering deeper, broader, and data-driven insights to help organizations navigate SEA’s fast-changing markets, with their diversity, cultural vibrancy, dynamic economies, and rapidly evolving consumer behaviors.

Moving forward, we’re not only expanding our reach but also shaping a research ecosystem that elevates decision-making beyond borders by delivering insights into regional trends, emerging challenges, and new opportunities for growth.

Enter Southeast Asia Market with Confidence
Contact Populix’s regional office: 🔗populix.id/seacontact

#Populix #NextGenResearch",https://www.instagram.com/p/DR_6SYdkiQd/
populix.co,"While short videos effectively capture the attention of Gen Z & Millennials, true purchase trust is cultivated through authentic content.

According to insights from our whitepaper, 64% of Gen Z & Millennial consumers place their trust in e-commerce reviews, underscoring the importance for brands to prioritize genuine consumer experiences over visual appeal.

Learn more about what drives these young generations’ purchase behavior and loyalty in our whitepaper at populix.id/GenMZ2026.

—————

Meski video pendek efektif menarik perhatian Gen Z & Millennials, kepercayaan pembelian yang sejati dibangun melalui konten otentik.

Menurut wawasan dari whitepaper kami, 64% konsumen Gen Z & Millennial mempercayai ulasan e-commerce, yang menekankan pentingnya bagi merek untuk memprioritaskan pengalaman konsumen yang autentik daripada daya tarik visual.

Pelajari lebih lanjut tentang apa yang memengaruhi perilaku pembelian dan loyalitas generasi muda ini dalam whitepaper kami di populix.id/GenMZ2026.

#Populix #NextGenResearch #MarketResearch #PopCulture",https://www.instagram.com/p/DTcsFCAEh2x/
populix.co,"Populix Industry Outlook 2026 left a lasting impression on our attendees, sparking new ideas and conversations that will shape the future.

We asked them to share their biggest takeaways from the event, and the responses were truly inspiring!

🎥 Watch the full video to hear firsthand from our attendees about the key insights that are set to drive change across industries.

#Populix #NextGenResearch #IndustryOutlook",https://www.instagram.com/p/DSXEZ4TkdY-/
populix.co,"🎉 Populix is turning 8 today! 🎉

From our humble beginnings to becoming a trusted partner in research, it’s been an incredible journey of growth and learning. We couldn’t have made it this far without the support of our amazing Popcrew, partners, clients, and online respondent community.

As we celebrate this milestone, we’re thrilled to hear heartfelt wishes from our partners and industry leaders who have been with us every step of the way. Their kind words inspire us as we reflect with gratitude.

Looking ahead, we remain committed to providing relevant insights and expanding beyond borders across the region, empowering companies to understand, penetrate, and dominate the fast-growing market.

#Populix #NexGenResearch #Marketresearch  #8thanniversary #birthday",https://www.instagram.com/p/DSZkv62EltA/
populix.co,"Our Policy & Society Research team recently attended the Konvensi Humas Indonesia (KHI) in Surabaya, where the PERHUMAS Indicators 2025 was officially launched.

We are honored to have supported PERHUMAS Indicators 2025 as official research partner, providing public relations professionals across Indonesia with data-driven insights to navigate the evolving landscape of public trust and reputation management. This report is designed not only to assess the level of public trust in both government and private institutions but also to analyze the quality of the narratives shaping public perceptions.

We hope the findings from this research will serve as a valuable resource for organizations looking to strengthen their public image. 

If your organization is looking to enhance its policy and societal impact through data-driven insights, let’s leverage our Policy & Society Research solutions to navigate today’s dynamic landscape. Visit 🔗info.populix.co/contact-us  to get started.

————————-

Tim Policy & Society Research Populix baru-baru ini hadir di Konvensi Humas Indonesia (KHI) di Surabaya, yang juga merupakan peluncuran PERHUMAS Indicators 2025. Acara ini mempertemukan praktisi humas untuk membahas inovasi dalam mengukur kepercayaan publik dan reputasi organisasi.

Sebagai official research partner, Populix turut mendukung PERHUMAS Indicators 2025 dalam memberikan wawasan berbasis data bagi para profesional PR di Indonesia dalam mengelola kepercayaan publik dan reputasi. Laporan ini tidak hanya mengukur tingkat kepercayaan, tapi juga menganalisis narasi yang membentuk persepsi publik.

Terima kasih atas kesempatan berharga ini! Kami berharap hasil riset ini bisa menjadi referensi berharga bagi organisasi yang ingin memperkuat citra publik mereka.

Temukan wawasan berbasis data untuk mengukur dan mengevaluasi dampak kebijakan serta persepsi publik melalui solusi Policy & Society Research kami di 🔗 info.populix.co/contact-us

#Populix #NextGenResearch #PolicyandSocietyResearch #PublicRelations",https://www.instagram.com/p/DSpFYGGElCa/
populix.co,"Digital fraud and online scams continue to evolve, exploiting public trust through increasingly sophisticated tactics. Alarmingly, these scams have also taken the form of impersonation; misusing the name of Direktorat Jenderal Bea dan Cukai to deceive the public.

To address this issue, Populix Policy & Society Research conducted a study as part of Bea Cukai’s “STOP-CEK-LAPOR” pre-campaign survey, mapping public experiences, concerns, and awareness around digital fraud.

One key implementation of these insights is the launch of Bea Cukai’s new, more service-oriented website, designed to improve access to trusted information and strengthen public protection.

Because when public concerns are heard, research-driven insights can turn awareness into action, shaping safer digital spaces and fostering stronger public trust.

Interested in collaborating to shape better, data-driven public policies?

Connect with our team at 🔗info.populix.co/contact-us

#Populix #NextGenResearch #PolicyandSocietyResearch",https://www.instagram.com/p/DSUcvRXEa8l/
populix.co,"Populix Report Wrapped 2025 is here 📊✨

A look back at the insights that made the biggest impact this year, and a sincere thank you to our community of professionals, researchers, and partners who downloaded, shared, and put our work into action.

From economic sentiment to lifestyle shifts, and from everyday routines to major purchasing moments, our Top 5 Most Downloaded Reports capture the wide spectrum of questions shaping decisions across industries in 2025. Each download reflects a shared curiosity to better understand people, markets, and change.

At Populix, our commitment remains the same: delivering high-quality, actionable research that helps businesses navigate complexity, uncover opportunities, and move forward with confidence.

Missed any of these insights or want to revisit them?
Explore our full library at 🔗 info.populix.co/data-hub

—-——
Populix Report Wrapped 2025 is here! 📊✨

Saatnya melihat kembali rangkaian insight yang paling berdampak sepanjang tahun ini, serta menyampaikan apresiasi kami untuk para profesional, peneliti, dan partner yang telah mengunduh, membagikan, dan memanfaatkan laporan kami.

Mulai dari sentimen ekonomi, perubahan gaya hidup, hingga momen penting, Top 5 Most Downloaded Populix Report mencerminkan keinginan bersama untuk memahami pasar dan perilaku konsumen dengan lebih mendalam yang membentuk pengambilan keputusan lintas industri di 2025.

Komitmen Populix tetap sama: menghadirkan riset yang kredibel, relevan, dan aplikatif untuk mendukung bisnis dalam menghadapi kompleksitas, membaca peluang, dan melangkah dengan lebih percaya diri dengan strategi berbasis data.

Belum sempat mengeksplorasi atau ingin meninjau ulang insight-nya?

Jelajahi seluruh laporan kami di 🔗info.populix.co/data-hub

#Populix #NextGenResearch #MarketResearch #ConsumerInsights",https://www.instagram.com/p/DS1_l2Ckrlk/
populix.co,"Behind the success of Populix Industry Outlook 2026 was the collective support of incredible brands and partners who helped bring this experience to life.

We’re grateful for the support from our sponsors: @halodoc, @pristine.official, @drinkregenid, @annsbakehouse, @cherymotorindonesia, La Rona Group (@misuji_steakhouse @bebek.klungkung @panella.brazilianbbq), @ming_promotion. Your contributions added meaningful value to every moment of the event.

Appreciation also goes to our partners:  @ogilvyindonesia @infipop.id @minutesmanager @pop.survey @asklumia.ai. Thank you for being part of the experience and elevating it for our attendees!

Industry Outlook 2026 was made possible through collaboration and collective support. Here’s to growing stronger together and shaping what’s next. 🚀

#Populix #IndustryOutlook2026",https://www.instagram.com/p/DSUAIpKktLt/
populix.co,"In a year shaped by rapid change, one thing stood out in 2025: the power of collective insight. Across industries and topics, we came together to unpack what matters: navigating uncertainty, challenging assumptions, and making sense of an evolving market through data-driven conversations.

We’re deeply grateful to everyone (panelists, attendees, sponsors, and partners) who made these moments possible. Every panel, forum, and roundtable was shaped by your perspectives.

As we look ahead to 2026, we will continue to be a bridge between data and decision-making, creating spaces where relevant insights spark empowering dialogue and inspire clearer, more confident choices for the road ahead.

Want to stay connected to what’s next? Get notified about upcoming Populix events and share the topics or research areas you’d like us to explore next.

 🔗 populix.id/events-info

—-——
Tahun 2025 menjadi pengingat bahwa di tengah perubahan yang cepat, insights kolektif punya 
peran yang semakin penting. Bersama para pelaku industri dari berbagai latar belakang, di tahun ini Populix menghadirkan ruang diskusi untuk membedah isu-isu relevan; mulai dari ketidakpastian pasar hingga dinamika baru yang membentuk arah bisnis ke depan.

Terima kasih kepada para panelis, peserta, sponsor, dan partner yang telah meluangkan waktu dan pemikiran untuk setiap diskusi. Setiap panel diskusi tidak hanya diisi oleh data, tetapi juga oleh perspektif dan pengalaman yang dibagikan bersama.

Memasuki 2026, Populix akan terus menghadirkan ruang dialog yang relevan dan bermakna. Kami percaya insight dan diskusi kolaboratif dapat menjadi fondasi untuk langkah yang lebih strategis ke depan.

Ingin ikut terlibat di percakapan berikutnya? Tetap terhubung dengan kamu untuk event mendatang dan sampaikan topik yang ingin kamu eksplorasi bersama kami.

🔗 populix.id/events-info

#Populix #NextGenResearch #MarketResearch #ConsumerInsights",https://www.instagram.com/p/DS6sAH9kv9q/
populix.co,"Happy New Year!🎉🥂

We hope 2026 brings resilience, space for sustainable growth, and the clarity to move forward.

Here’s to navigating the year ahead with greater perspective and confident decisions!

————

Selamat Tahun Baru!🎉🥂

Semoga 2026 menjadi ruang untuk terus bertumbuh, menguatkan langkah, dan melangkah ke depan dengan lebih jernih.

Mari menapaki tahun yang baru dengan perspektif yang lebih luas dan keputusan yang lebih matang!

#Populix #NextGenResearch #NewYear2026",https://www.instagram.com/p/DS8Z4aIAdVi/
populix.co,"🎄 Merry Christmas, everyone! 🎄

The holiday season is finally here! And what better way to spread the joy than through the tradition of gift-giving?

Whether it’s for family, friends, or a special someone, exchanging presents adds a special touch that makes the season even more meaningful. 🎁

So, what defines end-of-year shopping behavior this season?
Swipe to explore insights from our latest survey ➡️

#Populix #NextGenResearch #ChristmasShopping",https://www.instagram.com/p/DSrctTskpu9/
populix.co,"In today’s rapidly shifting market landscape, understanding consumer direction is no longer optional, it is a critical determinant of whether a brand advances or falls behind.

During the opening session of Industry Outlook 2026, our CEO & Co-Founder, Dr. Timothy Astandu, emphasized that agility is no longer optional it’s a strategic necessity. Brands that can deeply understand local culture, behavior, and context will be the ones best positioned to lead.

Want to explore more? Watch the full highlight and stay tuned for the official report release!

#Populix #NextGenResearch #IndustryOutlook2026",https://www.instagram.com/p/DSCrwq5EkgB/
populix.co,"In our session, “How Gen MZ Redefines Brand Value, and What Brands Must Do to Stay Relevant,” at Populix Industry Outlook 2026, our panelists explored the key factors shaping Gen MZ’s brand preferences; from price and brand origin to transparency, values, and global expansion.

Swipe to discover insightful takeaways from thought leaders on how brands can stay relevant by aligning with Gen MZ’s evolving expectations.

#Populix #IndustryOutlook2026",https://www.instagram.com/p/DSFGSXHknEZ/
populix.co,"Meet Della Kusuma Pradana, who will be joining as a speaker at Populix Industry Outlook 2026!

As Director of Revenue at Mitra Inovasi Gemilang (MING), Della brings a wealth of expertise in driving revenue growth and managing key client relationships within the highly competitive media and advertising sectors.

At Industry Outlook 2026, he will explore how Out-of-Home (OOH) media remains impactful in today’s fast-paced, fragmented world, and why it continues to capture attention amidst shifting media consumption habits in a session “MING Panel-of-One: Slow Media, Fast Impact: Why OOH Matters More When Everything Moves Too Fast.” 

Register now and mark your calendars:
📅 December 4, 2025
🕒 09.00 – 15.30 WIB
📍 Le Meridien Jakarta
🔗 RSVP: populix.id/rsvp-io2026

✨ FREE access to Populix Industry Outlook 2026 Report ✨

Don’t miss your chance to hear from Della and other top industry experts.

Seats are limited, secure yours today!

#Populix #NextGenResearch #IndustryOutlook2026 #Business",https://www.instagram.com/p/DRecoKHknJl/
populix.co,"Here are some of the highlights from our recent HR Outlook Discussion, ‘Navigating Crisis with Empathy & Transparency.’ 🌟

In collaboration with KitaLulus, Populix hosted this collaborative session to address one of today’s most pressing workforce challenges: how organizations can remain resilient while understanding employee aspirations during times of uncertainty. 

This topic was chosen to help employers, HR leaders, and policymakers gain deeper, data-driven perspectives on navigating crises with empathy and transparency.

A big thank you to all the speakers, panelists, and sponsors for making this event impactful. We hope this conversation encourages more thoughtful decision-making grounded in human realities, because resilience starts with understanding the people behind the data✨

#Populix #NextGenResearch #KitaLulus #HumanResources #Workforce #Karir #Layoffs #PHK #TenagaKerja #TenagaKerjaIndonesia",https://www.instagram.com/p/DRgaKlcEoY0/
populix.co,"Indonesian consumer preferences are evolving rapidly, influenced by rising quality expectations, price sensitivity, and growing exposure to global trends.

In response to these shifts, industry players must understand the key drivers of loyalty, the triggers behind brand switching, and how to capture attention across generations.

Join us for an insightful discussion at Industry Outlook 2026, where we will explore the factors shaping Gen MZ’s brand preferences; from price sensitivity, brand origin, and values to transparency. We’ll also dive into strategies for navigating the global market amidst these changing dynamics.

Mark your calendars!
📅 December 4, 2025
🕒 09.00 – 15.30 WIB
📍 Le Meridien Jakarta
🔗 RSVP: populix.id/rsvp-io2026

✨ FREE access to Populix Industry Outlook 2026 Report for attendees ✨

Seats are limited, secure yours today!

#Populix #NextGenResearch #IndustryOutlook2026 #BusinessStrategy",https://www.instagram.com/p/DRjkvzTEkPH/
populix.co,"In today’s digital landscape, Out-of-Home (OOH) advertising remains impactful, even as attention becomes increasingly fragmented.

During the Panel-of-One session at Industry Outlook 2026, Della Kusuma Pradana, Director of Revenue at MING Promotion, emphasized that, despite the digital age, OOH remains a crucial element, serving as a physical anchor that sparks curiosity, builds familiarity, and offers credibility that digital alone cannot provide.

Watch the full video and hear more from Della!

#Populix #NextGenResearch #IndustryOutlook2026",https://www.instagram.com/p/DSJmr5EkpXL/
populix.co,"In our session, “What Moves Generations: Exploring Gen MZ’s Emotional Triggers” at Populix Industry Outlook 2026, our moderator and panelists delved deep into how brands can win the hearts of Gen Z and Millennials, shaping loyalty by leveraging pop culture to stay relevant in a fast-evolving market.

Swipe through to discover inspiring takeaways from industry leaders on how to capture Gen MZ's emotional triggers by understanding their attitudes toward influencer content, long-form reviews, and a brand’s transparency and authenticity.

#Populix #NextGenResearch #IndustyOutlook2026",https://www.instagram.com/p/DSKO6zgEjed/
populix.co,"Our HR Outlook Discussion: “Navigating Crisis with Empathy and Transparency” in collaboration with @kitalulus was truly inspiring and enlightening.

This event wouldn’t have been possible without the incredible support of our sponsor partners who helped bring this initiative to life.

We’d like to express our sincere appreciation to GoCorp by @gojekindonesia , @halodoc , @bebek.klungkung , @drinkregenid , and CIRCL&D by @revou_id for their invaluable contribution.

Thank you for being an essential part of this journey. We look forward to future collaborations that continue to strengthen and empower people, workplaces, and industries.

#Populix #NextGenResearch #HumanResources #Workforce #Karir #Layoffs #PHK #TenagaKerja #TenagaKerjaIndonesia #hroutlook",https://www.instagram.com/p/DRg_oxgEi7x/
populix.co,"Brand collaborations aren’t just trends; they’re shaping consumer behavior, driving product demand, and redefining how brands stay culturally relevant. With 73% of consumers having purchased a collaboration product, the impact is undeniable.

This year at Populix Industry Outlook 2026, we’re diving deep into the rise of collaboration culture. Learn directly from industry leaders, understand what makes collaborations truly powerful, and uncover how brands can strategically tap into pop culture to stay ahead.

Mark your calendars!
📅 December 4, 2025
🕒 09.00 – 15.30 WIB
📍 Le Meridien Jakarta
🔗 RSVP: populix.id/rsvp-io2026

✨ FREE access to Populix Industry Outlook 2026 Report for attendees ✨

Seats are limited, secure yours today!

#Populix #NextGenResearch #IndustryOutlook2026 #BrandCollaboration",https://www.instagram.com/p/DRmO75GEm0N/
populix.co,"What an incredible event we just wrapped!

Populix Industry Outlook 2026 was more than just a showcase of emerging trends; it also marked a major milestone for Populix as we officially expanded our reach across Southeast Asia!

The event focused on how industries can stay ahead amid the rapidly changing dynamics expected in 2026. We presented key insights from our report, “What Shapes Brand Loyalty Today,” exploring the growing influence of local pride, global events, and pop culture on consumer loyalty.

Our engaging panel, “How Gen MZ Redefines Brand Value,” and live focus group session, “What Moves a Generation: A Live Test of Gen MZ’s Emotional Triggers,” featured a stellar lineup of industry leaders, brands, and policymakers.

In addition to these insights, we proudly introduced a new era of AI-powered research, designed to help brands validate ideas and make quicker, smarter decisions in this fast-paced market.

A huge thank you to all the speakers, panelists, and sponsors who made this event so impactful. We’re excited for what’s next as we continue to drive innovation across Southeast Asia! 🌏🚀

#Populix #NextGenResearch #IndustryOutlook2026 #Business #MarketResearch",https://www.instagram.com/p/DSCaYPQkriT/
populix.co,"Peran lembaga pertahanan negara sangat krusial untuk menjaga keamanan, stabilitas, dan kedaulatan nasional, serta membangun kepercayaan publik terhadap sistem pertahanan.

Lalu bagaimana generasi muda memandang lembaga pertahanan dan keamanan nasional di Indonesia?

Populix baru saja melakukan survei secara daring terhadap 500 responden muda Indonesia (13-30 tahun) dari berbagai wilayah dengan mayoritas berasal dari Indonesia bagian barat, dengan sebagian besar berpendidikan SMA/sederajat dan perguruan tinggi.

Kami mengeksplorasi bagaimana generasi muda melihat lembaga pertahanan dan keamanan nasional dalam dinamika sosial melalui lima aspek utama: peran dalam menjaga keamanan, transparansi & akuntabilitas, pendekatan humanis & damai, tingkat kepercayaan publik, dan popularitas di media.

Simak hasil selengkapnya➡️

#Populix #NextGenResearch #pertahanannasional",https://www.instagram.com/p/DSZCRNBkqWq/
populix.co,"AI has quietly become part of everyday life. It helps people work faster, learn smarter, and make decisions more easily, often without even realizing it. 

But convenience doesn’t always equate to trust. While many people embrace AI, others hesitate, questioning the reliability of its answers, how much they should depend on it, and where human judgment remains essential. 

Access the full report via 👉 populix.id/AI-in-everyday-life
-------
AI secara perlahan telah menjadi bagian dari kehidupan sehari-hari. Teknologi ini membantu banyak orang bekerja lebih cepat, belajar lebih efektif, dan mengambil keputusan dengan lebih mudah sering kali tanpa disadari.

Namun, kemudahan tidak selalu sejalan dengan kepercayaan. Meski banyak yang mulai mengadopsi AI, sebagian lainnya masih ragu, mempertanyakan seberapa andal jawabannya, sejauh mana ketergantungan terhadap AI seharusnya dibangun, serta di titik mana peran penilaian manusia tetap krusial.

Akses laporan lengkapnya di 👉 populix.id/AI-in-everyday-life

#Populix #NextGenResearch #marketresearch #artificialintelligenceai",https://www.instagram.com/p/DTaBCG4Ese-/
populix.co,"Ever wondered what your life would be like as a movie? Or imagined swapping careers with a public figure you admire?

We bumped into some curious minds at IdeaFest for a fun Q&A and got some seriously creative responses😆

Now, it's your turn! If these questions were asked to you, what would your answers be? Share them in the comments!

#Populix #NextGenResearch #IdeaFest2025 #IdeaTalks #CultivatetheCulture",https://www.instagram.com/p/DQ_hWsFkvzJ/
populix.co,"Get ready to meet Populix's CEO & Co-Founder, Timothy Astandu, at the Populix Industry Outlook 2026!

He will kick off the session and set the tone for a forward-looking discussion on what it takes for businesses to thrive in 2026 and beyond.

In a market where speed is the cost of relevance, Timothy will also explore how businesses can adapt to the fast-paced changes in Southeast Asia’s cultural, commercial, and consumer landscape.

Register now and save the date:
📅 December 4, 2025
🕒 09.00 – 15.30 WIB
📍 Le Meridien Jakarta
🔗 RSVP: populix.id/rsvp-io2026 or simply scan the QR on the poster.

✨ FREE access to the Populix Industry Outlook 2026 Report✨

Join us for a strategic gathering featuring leading voices from brands, industry, media, and policymakers.

Seats are limited, secure yours today!

#Populix #NextGenResearch #IndustryOutlook2026 #business",https://www.instagram.com/p/DRO-GdQEjF1/
populix.co,"Meet Rohit Vaswani, who will be joining as one of the speakers at Populix Industry Outlook 2026!

As Head of Delivery & PMO at Ogilvy Indonesia, Rohit’s expertise lies in delivery and operations, driving transformation at the intersection of technology, creativity, and client success.

At Industry Outlook 2026, Rohit will join the Live CLT Session: “What Moves a Generation: Exploring Gen MZ’s Emotional Triggers” and discuss the evolving dynamics of digital marketing, content transparency and relevance, and the prevalence of AI vs. human-generated content in today’s marketing landscape.

Register now and mark your calendars:
📅 December 4, 2025
🕒 09.00 – 15.30 WIB
📍 Le Meridien Jakarta
🔗 RSVP: populix.id/rsvp-io2026

✨ FREE access to the Populix Industry Outlook 2026 Report ✨

Don’t miss your chance to hear from Rohit Vaswani and other top industry experts! Secure your seat today!

#Populix #NextGenResearch #IndustryOutlook2026",https://www.instagram.com/p/DRRjcPkkqLN/
populix.co,"Meet Irfan “Fanbul” Prabowo, who will be joining as a speaker at Populix Industry Outlook 2026!

With over 10 years of experience across various industries and renowned brands, Fanbul brings his extensive marketing expertise as the Initiator & Board Member Co-Founder of Minutes of Manager and CEO of Infipop.

At Industry Outlook 2026, Fanbul will participate in a panel discussion on how Gen MZ is redefining brand value and what brands must do to stay relevant. We will delve into the key factors driving Gen MZ’s brand preferences, including price, brand origin, and brand values, and how businesses can adapt to these evolving consumer expectations.

Register now and mark your calendars:
📅 December 4, 2025
🕒 09:00 – 15:30 WIB
📍 Le Meridien Jakarta
🔗 RSVP: populix.id/rsvp-io2026

✨ FREE access to the Populix Industry Outlook 2026 Report ✨

Don’t miss your chance to hear from Fanbul and other top industry experts! Secure your seat today!

#Populix #NextGenResearch #IndustryOutlook2026 #business",https://www.instagram.com/p/DROlfLGEsKV/
populix.co,"Meet Jonathan Benhi, our CTO & Co-Founder, who will be presenting one of the most forward-thinking sessions at Populix Industry Outlook 2026.

He will unpack how AI technology is transforming the future of market research through synthetic respondents, simulated using thousands of real consumer research data points. This shift empowers brands and decision-makers to move faster and stay competitive in an ever-evolving market.

Register now and mark your calendars!
📅 December 4, 2025
🕒 09.00 – 15.30 WIB
📍 Le Meridien Jakarta
🔗 RSVP: populix.id/rsvp-io2026 — or simply scan the QR on the poster.

✨FREE access to the Populix Industry Outlook 2026 Report. ✨

Join us as we bring together a stellar lineup of panelists; including industry leaders, brands, media, and policymakers.

Seats are limited, secure yours today!

#Populix #NextGenResearch #IndustryOutlook2026 #business #marketresearch",https://www.instagram.com/p/DRUHt85khWM/
populix.co,"Meet Indah Tanip, our Senior Research Director, who will be joining as one of the speakers at Populix Industry Outlook 2026!

With over 15 years of leadership in market research across regional and global projects, she is widely recognized for her analytical rigor, cross-market perspective, and ability to translate data into strategic, customer-centric decisions.

At Industry Outlook 2026, Indah will present key insights from our Report, exploring how Indonesian SMEs and brands can build loyalty by leveraging pop culture and winning the hearts of Gen MZ.

Register now and mark your calendars:
📅 December 4, 2025
🕒 09:00 – 15:30 WIB
📍 Le Meridien Jakarta
🔗 RSVP: populix.id/rsvp-io2026

✨ FREE access to the Populix Industry Outlook 2026 Report ✨

Don’t miss your chance to learn from Indah and other top industry experts! Secure your seat today.

#Populix #IndustryOutlook2026 #NextGenResearch #ConsumerInsights #BusinessStrategy",https://www.instagram.com/p/DRTnHE4kk_H/
populix.co,"Populix Industry Outlook 2026 is just around the corner, and we’re thrilled to offer your organization or brand the opportunity to become a key partner!

Join us as we bring together industry leaders, brands, and innovators to explore how businesses can make faster, smarter decisions in today’s unpredictable market dynamics.

This is your chance to engage with decision-makers, showcase your brand, and play a pivotal role in shaping the future of Indonesia’s market.

Ready to sponsor or want to learn more?

Visit here for details 👉  info.populix.co/events/industry-outlook-2026

 or contact our team today!

#Populix #NextGenResearch #IndustryOutlook #marketresearch #event #callforsponsor",https://www.instagram.com/p/DQ_nosOklEB/
populix.co,"Meet Aryo Wibisono, who will be joining as a speaker at Populix Industry Outlook 2026!

Before serving as the Head of Brand & Communications at Kopi Kenangan, where he leads brand strategy and communications across its ecosystem, Aryo built a strong track record in brand strategy and communications for both F&B brands and global clients.

At Industry Outlook 2026, Aryo will join the panel discussion “How Gen MZ Redefines Brand Value and What Brands Must Do to Stay Relevant.” The session will explore Gen MZ’s brand preferences and how brands can build trust and loyalty through transparency, strong values, and global-minded local positioning.

Register now and mark your calendars:
📅 December 4, 2025
🕒 09:00 – 15:30 WIB
📍 Le Meridien Jakarta
🔗 RSVP: populix.id/rsvp-io2026

✨ FREE access to the Populix Industry Outlook 2026 Report ✨

Don’t miss your chance to hear from Aryo and other top industry experts. Secure your seat today!

#Populix #NextGenResearch #IndustryOutlook2026 #Business",https://www.instagram.com/p/DRbls94EjUq/
populix.co,"Meet Andita Rasyid, who will be joining as a speaker at Populix Industry Outlook 2026!

With extensive experience at leading multinational companies, Andita is currently serving as the VP of Marketing & Innovation at Lemonilo, a brand renowned for its healthy food products.

At Industry Outlook 2026, Andita will join the panel in the session “What Moves a Generation: Exploring Gen MZ’s Emotional Triggers.” She will share insights on how Gen MZ responds to influencer-driven ads, the impact of brand ambassadors on their choices, and the key factors that influence their purchasing decisions.

Register now and mark your calendars:
📅 December 4, 2025
🕒 09.00 – 15.30 WIB
📍 Le Meridien Jakarta
🔗 RSVP: populix.id/rsvp-io2026

✨ FREE access to the Populix Industry Outlook 2026 Report ✨

Don’t miss your chance to hear from Andita and other top industry experts! Secure your seat today!

#Populix #NextGenResearch #IndustryOutlook2026 #business",https://www.instagram.com/p/DRMWe9PksRv/
populix.co,"We are pleased to feature Vivi Zabkie, our Policy & Society Research Director, who will deliver one of the core sections of our report.

At Industry Outlook 2026, she will break down how Indonesian SMEs and brands are shaping consumer loyalty, navigating global market pressures, and identifying new opportunities amid rising geopolitical tensions. Her presentation offers a comprehensive view of the forces influencing business resilience and strategic growth in the year ahead.

Register now and mark your calendars!
📅 December 4, 2025
🕒 09.00 – 15.30 WIB
📍 Le Meridien Jakarta
🔗 RSVP: populix.id/rsvp-io2026 

✨ FREE access to Populix Industry Outlook 2026 Report ✨

Join us as we bring together a stellar lineup of panelists, including leaders in industry, brands, media, and policymakers, and don’t miss the chance to gain valuable insights shaping Indonesia’s business landscape.

Seats are limited, secure yours today!
#Populix #NextGenResearch #IndustryOutlook2026 #business #marketresearch",https://www.instagram.com/p/DRb5gXMkiLJ/
populix.co,"Populix proudly presents Industry Outlook 2026!

Since its inception, Populix Industry Outlook has become an essential forum for business leaders, policymakers, and researchers seeking strategic guidance for navigating the future.

This year’s theme will focus on navigating today’s fast-paced market, where speed is no longer a competitive advantage but the cost of relevance. Additionally, businesses must navigate challenges such as geopolitical tensions, shifting trade dynamics, and volatile public sentiment.

Register now and mark your calendars!
📅 December 4, 2025
🕒 09.00 - 15.30 WIB
📍 Le Meridien Jakarta
🔗 RSVP: populix.id/rsvp-io2026
 (or scan the QR)
✨ FREE access to the Populix Industry Outlook 2026 Report for attendees. ✨

Join us as we bring together a stellar lineup of panelists, featuring industry leaders, brands, media, and policymakers, and don’t miss the opportunity to gain valuable insights.

Seats are limited, so register now to be part of this strategic event!

#Populix #NextGenResearch #IndustryOutlook2026 #business",https://www.instagram.com/p/DREXWMXEuws/
populix.co,"What does “authentic content” really look like in today’s digital era? Is it truly spontaneous, or thoughtfully curated to appear natural and relatable?

Populix data shows that 83% of people say they can tell when a brand’s public statements are only performative. These insights were then elaborated into a real-time dialogue with industry players, brands, and media.

From strategic storytelling to value-driven communication, the conversation revealed that authenticity is no longer just about what appears real, but what resonates as real.

Curious how they see performative content and authenticity in today’s digital world?
🎥 Watch the full highlight and hear their insights!

#Populix #NextGenResearch #IdeaFest2025 #ideatalks #performative",https://www.instagram.com/p/DQq6_fHEh01/
populix.co,"What does loyalty really mean in love today?

From the rising buzz around celebrity affairs on social media to endless “what would you do?” conversations, one thing’s clear: loyalty still matters deeply to many Indonesians.

While cheating might seem like a private matter, people’s reactions reveal something deeper: the emotions, values, and boundaries that shape modern relationships.

👉 Swipe to see what our survey reveals
------
Sebenernya, apa sih arti kesetiaan dalam hubungan di jaman sekarang?

Dari hebohnya gosip perselingkuhan selebriti di medsos sampai obrolan “kalau kamu digituin, bakal gimana?”, satu hal jelas: buat banyak orang Indonesia, setia masih sangat penting

Walau selingkuh keliatannya urusan pribadi, reaksi orang justru nunjukin hal yang lebih dalam mengenai emosi, nilai, dan batasan dalam hubungan masa kini.

👉 Swipe buat liat hasil surveinya!

#Populix #NextGenResearch #selingkuh #cheating #lovetalks #relationships #PolicyandSocietyResearch",https://www.instagram.com/p/DQnujs2Ehjr/
populix.co,"What do people think about the emerging subcultures shaping today’s trends, especially those popular among Gen Z? 🤔

We asked the audience at our Ideatalks Live Case Study session how they’re reacting to the evolving lifestyles shaping culture. Check out what they had to say! 👇🏻

#Populix #NextGenResearch #IdeaFest2025 #IdeaTalks #CultivatetheCulture",https://www.instagram.com/p/DQ8-YRnkgeA/
populix.co,"Throughout 2025, Indonesia has seen a wave of workforce reductions across various industries, signaling growing pressure on both companies and employees amid economic uncertainty. This situation carries emotional weight for both workers and HR professionals navigating the process.

To understand both perspectives, Populix and KitaLulus will release a collaborative study that uncovers the emotional and legal pressures faced by HR, the unmet needs of employees, and the perception gaps between companies and their people.

Join us in HR Outlook Discussion: “Navigating Crisis with Empathy & Transparency”

📅 Friday, 21 November 2025
🕘 09.00–11.45 WIB (Registration starts at 09.00)
📍 GoWork Menara Rajawali, Jakarta
🔗 Register at populix.id/hro2025

You’ll hear from policymakers, HR leaders, and employee representatives as they unpack the findings from our study and explore how organizations can uphold dignity, transparency, and resilience amid economic uncertainty.

🎙️Panelists
-Steven Jimmy (Co-Founder, KitaLulus)
-Surya Lukita Warman, B.Eng., M.Sc. (Kepala Pusat Pasar Kerja, Kementerian Ketenagakerjaan Republik Indonesia)
-Vivi Zabkie (Policy & Society Research Director, Populix)
-Gemini Aryanto (Group Chief People & Culture Officer, Kenangan Brands)
-Elly Rosita Silaban, S.E. (Presiden, Konfederasi Serikat Buruh Seluruh Indonesia)
-Pramudya Iriawan Buntoro (Direktur Utama, BPJS Ketenagakerjaan)
-Jonas Danny (AVP of Human Resources, Populix)

Don’t miss this insightful discussion!✨

#Populix #NextGenResearch #KitaLulus #HumanResources #Workforce #Karir #Layoffs #PHK #TenagaKerja #tenagakerjaindonesia",https://www.instagram.com/p/DQ34OQXkh3Y/
populix.co,"From padel to matcha cafés and creative markets, these emerging subcultures are shaping new ways of belonging. But can brands keep up and connect authentically in this era of niche communities?

At the “Cultural Collaboration: Turning Subculture Trends into Brand Equity” session at @ideafestid 2025, leaders from communities, brands, media, and the creative ecosystem shared valuable insights on how to build authentic connections with these new forms of cultural capital, not just chase trends.

Swipe to explore some of the most interesting takes from the session ➡️

#Populix #NextGenResearch #IdeaFest2025 #IdeaTalks #CultivatetheCulture",https://www.instagram.com/p/DQ6b9sBEjkq/
populix.co,"Is performative always a bad thing?

In today’s world, every post, campaign, or statement is watched closely. The line between genuine expression and strategic performance is becoming harder to see.

When a brand takes a stand: is it driven by true purpose, or by how it wants to be perceived? And if the message still raises awareness or has an impact, does the intention behind it really matter?

👉 Swipe through to see what our speakers shared at Populix’s Live Case Study Session: “Performative Content: Real or Rehearsed? The Brand’s Way of Being ‘Authentic’” at Ideatalks, IdeaFest 2025.

#Populix #NextGenResearch #IdeaFest2025 #ideatalks #performative",https://www.instagram.com/p/DQ6DBfdkvKD/
populix.co,"In today’s landscape, subculture is strategy. Padel isn’t just a sport; it’s a symbol of access. Matcha isn’t just a drink; it’s an aesthetic, a ritual, a soft-status cue.

For brands, these communities represent new cultural capital; spaces of influence and belonging that money alone can’t buy. However, according to Populix research, 61% of respondents said most brands try too hard to connect with certain lifestyles or cultures, making it feel forced.

So, how can brands authentically connect with Indonesia’s emerging subcultures and achieve mutual respect?

Our panelists from the IdeaTalks session at @IdeaFest 2025 offered fresh perspectives on this topic!

🎥 Listen to a glimpse of their insights.

#Populix #NextGenResearch #IdeaFest2025 #ideatalks #CultivatetheCulture",https://www.instagram.com/p/DQtwp1PEuYH/
populix.co,"Carrying the theme Access to Services: Mental Health in Catastrophes and Emergencies, this year’s World Mental Health Day reminds us that mental health support should never stop, especially in times of crisis.

Traumatic events, like disasters or life-threatening situations, can affect us physically, emotionally, and psychologically.

Our latest survey looks at how people cope and what types of support help the most. Swipe to see the findings 👉
—-——
Hari Kesehatan Mental Sedunia merupakan pengingat akan pentingnya kesehatan mental, terutama di masa krisis. 

Peristiwa traumatis, seperti bencana atau situasi yang mengancam keselamatan jiwa, bisa menimbulkan dampak fisik, emosional, hingga psikologis. 

Survei terbaru kami membahas bagaimana orang menghadapi tantangan ini dan jenis dukungan apa yang paling membantu. Geser untuk melihat hasilnya 👉

#Populix #NextGenResearch #MentalHealth #WorldMentalHealthDay #MentalHealthAwareness",https://www.instagram.com/p/DPntNH4EgeH/
populix.co,"Proud to share that we’ll be joining @ideafestid 2025 as the Official Data Partner!

Under the theme {Cult}ivate the Culture, we’ll be hosting a Live Case Study for the first time —an interactive dialogue where audiences, industry players, creative communities, and brands can exchange ideas and become part of Indonesia’s evolving cultural narrative.

Together with IdeaFest, we’ll transform data into real-time conversations captured on the ground, sparking meaningful discussions.

Stay tuned for more details. See you on November 2nd at IdeaFest 2025!

#Populix #NextGenResearch #Ideafest2025",https://www.instagram.com/p/DP8JL31jO2L/
populix.co,"Travel is more than just an escape; every journey tells a story about what travelers seek when they step beyond their borders.

For many from Singapore, destinations that offer nature, relaxation, and family-friendly experiences remain top of mind. This trend presents exciting opportunities for Indonesia and other SEA countries to become preferred getaway spots.

Explore the full report “Singaporean Outbound Tourism & Opportunities for Indonesia” and uncover the growing opportunities for the tourism industry.

🔗 populix.id/populixSGtravel (tap the link in bio)

—-——
Liburan bukan cuma soal kabur dari rutinitas, tapi juga tentang mencari pengalaman baru dan makna di setiap perjalanan.

Bagi banyak warga Singapura, destinasi yang menawarkan keindahan alam, suasana tenang, dan aktivitas ramah keluarga jadi pilihan utama. Tren ini membuka peluang besar bagi Indonesia dan negara-negara Asia Tenggara lainnya untuk tampil sebagai destinasi liburan unggulan dengan keindahan alam dan keragaman budayanya.

Lihat report lengkapnya dan temukan peluang baru bagi industri pariwisata di

🔗populix.id/populixSGtravel (link di bio)

#Populix #NextGenResearch #MarketResearch #ConsumerInsights #TourismIndustry #SoutheastAsia",https://www.instagram.com/p/DPvxYtTEkrN/
populix.co,"Populix had the privilege to collaborate with @kumparan in launching the “Indonesia AI Report 2025” at the Kumparan AI for Indonesia forum.

With the theme “Accelerating Impact with Applied AI,” the event brought together key stakeholders from various sectors, including government, businesses, and experts, as well as communities, to share insights, inspiration, and real-world solutions for meaningful and sustainable AI adoption.

Populix also had the opportunity to present our research findings on AI adoption and the intersection of AI with social, ethical, and cultural dynamics.

It was an honor to be part of a forum that drives Indonesia toward a more responsible and impactful AI future.

📘 Read the full “Indonesia AI Report 2025” via the link in bio or click link below ⬇️

kump.pr/aireport2025

———

Populix berkesempatan untuk berkolaborasi dengan @kumparan dalam peluncuran “Indonesia AI Report 2025” di forum Kumparan AI for Indonesia.

Dengan mengusung tema “Accelerating Impact with Applied AI,” acara ini mempertemukan para pihak-pihak yang memiliki kepentingan, mulai dari pemerintah, pelaku bisnis, pakar, hingga komunitas untuk berbagi wawasan, inspirasi, serta solusi nyata dalam mendorong adopsi AI yang berdampak dan berkelanjutan.

Populix juga berkesempatan memaparkan temuan riset kami terkait adopsi AI dan persinggungan antara AI dengan dinamika sosial, etika, dan budaya. Merupakan sebuah kehormatan bagi kami untuk menjadi bagian dari forum yang mendorong Indonesia menuju masa depan AI yang lebih bertanggung jawab dan berdampak positif.

📘 Baca selengkapnya “Indonesia AI Report 2025” melalui tautan di bio atau tautan dibawah ini ⬇️

kump.pr/aireport2025!

#Populix #NextGenResearch  #MarketResearch #ConsumerInsight #AI #Kumparan #AIadoption",https://www.instagram.com/p/DQYQIRikjjX/
populix.co,"When it comes to choosing an ASEAN destination for leisure, nearly half of Singaporeans have traveled to Indonesia over the past two years.

However, their awareness of Indonesian tourist destinations remains centered on just two big names: Bali and Jakarta. This highlights the vast, untapped potential to promote other hidden gems across the archipelago.

✨ Discover the opportunities that lie ahead for Indonesia’s tourism industry in our latest Populix report, “Singaporean Outbound Tourism & Opportunities for Indonesia.”

🔗 Dive deeper into the insights: populix.id/populixSGtravel (tap the link in bio)

---
Kalau bicara soal destinasi liburan di kawasan ASEAN, hampir setengah warga Singapura ternyata sudah pernah berkunjung ke Indonesia dalam dua tahun terakhir

Namun, sebagian besar masih mengenal Indonesia hanya lewat dua nama besar: Bali dan Jakarta. Padahal, masih banyak potensi destinasi lain yang belum tereksplorasi dan bisa jadi daya tarik baru bagi wisatawan

Temukan lebih jauh peluang yang bisa dimanfaatkan untuk mengembangkan pariwisata Indonesia lewat laporan terbaru Populix, “Singaporean Outbound Tourism & Opportunities for Indonesia.”

🔗 Baca insight lengkapnya di populix.id/populixSGtravel (klik link di bio)

#Populix #NextGenResearch #PariwisataIndonesia #TravelInsight #SingaporeTravel #MarketResearch #wonderfulindonesia",https://www.instagram.com/p/DPyQ7nTkp27/
populix.co,"Partnering with @ideafestid as the Official Data Partner, Populix will be bringing Live Case Study sessions to IdeaTalks!

It’s a live qualitative research format that brings together Populix insights, audience perspectives, and voices from the creative, brand, and community spaces, turning both panelists and audiences into active participants in real-time exploration.

🗓️ Sunday, November 2, 2025
📍 JICC Jakarta

🎙️ Session 1 “Performative Content: Real or Rehearsed? The Indonesian Way of Being ‘Authentic’”

- M. Hilmi (Head of Content, Whiteboard Journal)
- Fanbul (Founder, Minutes of Managers & CEO, INFIPOP)
- Desi Puspita (Co-Founder & Co-CEO, SIMPUL GROUP)
- Dami Sidharta (Co-Founder & Chief Creative Officer, Moonfolk)

🎙️ Session 2 “Cultural Collaboration: Turning Subculture Trends into Brand Equity”

- Bhisma Diandra (Representative, USS Running Club)
- Gary Evano (Partner & Managing Director, Puyo Group (Matchaman))
- Hana Irena (Editor-in-Chief, Wonderwhy SEA)
- Anton Wirjono (Founder, Brightspot & The Goods Dept)

🎟️ Secure your spot now at loket.com/ideafest2025

See you at IdeaFest 2025! 

#Populix #IdeaFest2025 #CultivatetheCulture",https://www.instagram.com/p/DQLcjepkuSY/
populix.co,"In a world where every story is curated and every “authentic moment” can be rehearsed, how do we know when a brand truly means what it says?

Join us at @IdeaFestid 2025, where we will host a special Live Case Study session at Ideatalks, exploring: “Performative Content: Real or Rehearsed? A Brand’s Way of Being ‘Authentic’.”

Unlike a typical panel, this session brings the audience into the discussion, backed by research insights and perspectives from industry players, brands, and communities.

SAVE THE DATE!
🗓️ Sunday, November 2, 2025
🕒 10.45 - 11.30 WIB
📍 JICC Jakarta 

🎙️ Featuring: 
- M. Hilmi (Head of Content, Whiteboard Journal)
- Fanbul (Founder, Minutes of Managers & CEO, INFIPOP)
- Desi Puspita (Co-Founder & Co-CEO, SIMPUL GROUP)
- Dami Sidharta (Co-Founder & Chief Creative Officer, Moonfolk)

Ready to take a stance? 

🎟️ Secure your spot now at loket.com/ideafest2025

#Populix #IdeaFest2025 #Ideatalks #PerformativeContent #MarketResearch #CultureAndCreativity",https://www.instagram.com/p/DQbLPJvkhJr/
populix.co,"Travel is rarely a spontaneous act; it’s something people plan, budget, and dream about. ✈️

From choosing where to stay to setting aside a little extra for local finds, every decision reflects what travelers value most in their journey. For many in Singapore, planning ahead and knowing when to go is part of the experience itself, making each trip not just a getaway, but a well-designed escape.

Discover how Singaporeans plan their excursions and the opportunities that lie ahead for Indonesia’s tourism industry.

🔗 Download the full report at populix.id/populixSGtravel (link in bio)

—

#Populix #NextGenResearch #PariwisataIndonesia #TravelInsight #SingaporeTravel #MarketResearch #wonderfulindonesia",https://www.instagram.com/p/DP3jRedkja2/
populix.co,"Did you know? 6 out of 10 respondents have experienced a toxic relationship; it's more common than we think!

Toxic relationships don’t always involve physical violence. Often, the harm comes from subtle, repeated behaviors like belittling comments, passive-aggressiveness, manipulation, or emotional neglect. As awareness increases, it’s important to foster open conversations and recognize the subtle forms of abuse that can occur behind closed doors

Check out our survey findings on public awareness of this issue ➡️
-------
Tahukah kamu? 6 dari 10 responden mengaku pernah berada dalam hubungan toxic—ternyata lebih umum dari yang kita kira.

Hubungan toxic tidak selalu melibatkan kekerasan fisik. Dampaknya sering kali muncul melalui perilaku yang tampak sepele namun berulang, seperti komentar merendahkan, sikap pasif-agresif, manipulasi, atau pengabaian emosional.

Seiring meningkatnya kesadaran, penting untuk membuka ruang diskusi yang sehat dan mengenali bentuk-bentuk kekerasan yang kerap tersembunyi di balik hubungan pribadi.

📊 Simak hasil survei kami terkait tingkat kesadaran publik terhadap isu ini ➡️

#Populix #NextGenResearch #PolicyandSocietyResearch #toxicrelationships #relationships",https://www.instagram.com/p/DUAo7ykEhfw/
populix.co,"Meet Sarah Merci, who will be joining as a speaker at Populix Industry Outlook 2026!

As Head of Marketing F&B ID at Kawan Lama Group, and with extensive experience in marketing and brand leadership, Sarah has built impactful strategies and driven growth in the food & beverage industry.

At Industry Outlook 2026, Sarah will join the panel discussion “What Moves a Generation: Exploring Gen MZ’s Emotional Triggers.” Along with other panelists, she will explore Gen MZ’s attitudes toward influencer content, examining their trust in long-form reviews, perceptions of transparency, and the impact of product placements on purchasing decisions.

Register now and mark your calendars:
📅 December 4, 2025
🕒 09.00 – 15.30 WIB
📍 Le Meridien Jakarta
🔗 RSVP: populix.id/rsvp-io2026

✨ FREE access to the Populix Industry Outlook 2026 Report ✨

Don’t miss your chance to hear from Sarah and other top industry experts. Secure your seat today!

#Populix #NextGenResearch #IndustryOutlook2026 #business #marketresearch",https://www.instagram.com/p/DReIABNkluW/
populix.co,"Happy International Podcast Day! 🎙️ 

Today, we celebrate the creators, stories, and communities that make podcasts such a powerful medium.
At Populix, we’re always keeping up with the latest podcast trends, exploring how this evolving medium is reshaping the content landscape and engaging audiences across Indonesia. Swipe through to see which 
podcasters and genres are making the biggest impact!➡️

📊 Want the full picture? Download Populix’s report on podcast trends and listening habits in Indonesia here: 🔗populix.id/populixpodcast

—-——
Selamat Hari Podcast Internasional! 🎙️ 

Hari ini kita merayakan para kreator, storyteller, dan komunitas yang membuat podcast menjadi media yang begitu berpengaruh.

Populix selalu berupaya menghadirkan insights seputar tren podcast terbaru, sekaligus melihat bagaimana medium ini terus berkembang dan membentuk cara audiens di Indonesia menikmati konten. Studi terbaru kami juga mengungkap podcaster dan genre yang paling berkesan menurut pendengar podcast di Indonesia. Geser untuk lihat selengkapnya ➡️

📊 Mau tahu insights selengkapnya? Unduh laporan Populix tentang tren dan kebiasaan mendengarkan podcast di Indonesia di 🔗populix.id/populixpodcast

#Populix #NextGenResearch #Podcast #contentconsumption #podcastindonesia #digitalcontent",https://www.instagram.com/p/DPOK-y_Eobq/
populix.co,"How are Indonesians navigating today’s economy? 

Our latest Consumer Confidence Index 2025 offers a fresh lens into the mood, behaviors, and financial outlook shaping the nation’s consumer landscape.

Drawing insights from 1,100 voices across Indonesia, the index highlights how consumers are adapting, planning, and responding to ongoing economic shifts. For businesses, this perspective is crucial in identifying risks, anticipating demand, and aligning strategies with real consumer sentiment.

📥 Want to see the bigger picture? Download the full Consumer Confidence Index 2025 here 🔗populix.id/PopulixCCI2025 (link in bio)
—-——

Bagaimana masyarakat Indonesia menghadapi kondisi ekonomi saat ini? 

Consumer Confidence Index 2025 terbaru dari Populix memberikan gambaran terkini tentang tingkat keyakinan, perilaku, dan perencanaan finansial mereka di masa depan yang akan memengaruhi keputusan sehari-hari.

Dengan melibatkan 1.100 responden dari berbagai wilayah Indonesia, indeks ini menyoroti bagaimana masyarakat beradaptasi dan merespons dinamika ekonomi yang terus berubah. Bagi bisnis, ini adalah kesempatan untuk lebih memahami perilaku konsumen, mengidentifikasi potensi risiko, dan menyesuaikan strategi dengan sentimen pasar yang ada.

📥 Ingin melihat gambaran lengkapnya? Unduh laporan lengkap Consumer Confidence Index 2025 di 🔗populix.id/PopulixCCI2025 (link in bio) 

#Populix #NextGenResearch #ConsumerConfidenceIndex #consumerbehavior #marketresearch #economicoutlook #consumerinsights #consumerconfidence",https://www.instagram.com/p/DOszxeUkr1u/
populix.co,"The educational backgrounds of DPR RI members for the 2024–2029 period have sparked public debate over their qualifications and competence. According to BPS data, 63 members completed high school, and 211 others did not disclose their educational history.

This highlights the irony: while the general public must meet strict educational standards to qualify for jobs, some public leaders may lack the knowledge and skills required to govern effectively.

👉 Swipe through the slides to see how the public views the role of education in leadership.

----
Latar belakang pendidikan anggota DPR RI periode 2024–2029 memicu perdebatan publik soal kualifikasi dan kompetensi mereka.
Menurut data BPS, ada 63 anggota hanya lulusan SMA, dan 211 anggota lainnya bahkan tidak mencantumkan riwayat pendidikan.

Hal ini menimbulkan ironi: masyarakat umum harus memenuhi standar pendidikan ketat untuk bisa lolos kerja, sementara sebagian pemimpin publik justru mungkin tidak memiliki bekal pengetahuan dan keterampilan yang cukup untuk memimpin secara efektif.

👉 Geser slide untuk lihat bagaimana pandangan masyarakat tentang peran pendidikan dalam kepemimpinan.

#Populix #NextGenResearch #PolicyandSocietyResearch #PublicPerception #DPR #dewanperwakilanrakyat",https://www.instagram.com/p/DPQ1KxXEp0d/
populix.co,"Amid today’s economic uncertainty, many Indonesians face anxiety over job security, fairness, and the struggle to meet daily needs. These challenges are shaping how they view the future and make financial decisions.

Our full Consumer Confidence Index 2025 provides a clear picture of consumers’ priorities and concerns. For businesses and policymakers, these insights serve as a guide to making more informed, relevant, and market-driven decisions.

📥 Uncover deeper insights by downloading the report for FREE at populix.id/PopulixCCI2025 or click the link in our bio
----
Di tengah ketidakpastian ekonomi saat ini, banyak masyarakat Indonesia merasa cemas terkait keamanan pekerjaan, keadilan, serta tantangan dalam memenuhi kebutuhan sehari-hari. Kondisi ini turut membentuk cara mereka memandang masa depan dan mengambil keputusan finansial.

Laporan lengkap Consumer Confidence Index 2025 dari Populix memberikan gambaran yang lebih jelas mengenai prioritas dan kekhawatiran konsumen. Bagi pelaku bisnis maupun pembuat kebijakan, insight ini bisa menjadi acuan untuk merumuskan langkah yang lebih tepat, relevan, dan berorientasi pasar.

📥 Dapatkan insight lengkapnya dengan mengunduh laporan GRATIS di populix.id/PopulixCCI2025 atau klik tautan di bio kami.

#Populix #NextGenResearch #ConsumerConfidenceIndex #consumerbehavior #marketresearch #economicoutlook #consumerinsights #consumerconfidence",https://www.instagram.com/p/DOx5ofbksK0/
populix.co,"We’re thrilled to have kicked off our first-ever Populix Out for Dinner with the theme ‘Cracking Gen MZ’s Cart: Value, Taste, Attention! 🍽️’

Out-For-Club brings together marketers, strategists, and decision-makers at the same table, where great food meets even better conversations, sparking fresh ideas. In this exclusive gathering, we partnered with @ismaya, whose venue perfectly captured the spirit of ‘sit, gather, and share.’ 

Over dinner, we explored how Gen Z and Millennials are reshaping the consumer landscape; from lifestyle and entertainment spending to digital behavior. We also delved into how social media and pop culture trends are redefining brand discovery, influencing purchasing decisions, and creating exciting opportunities for brands to connect with these generations.

Stay tuned for our next exciting event! 👋🏻

#Populix #NextGenResearch #OutForDinner #GenZ #Millennials #ConsumerInsights #MarketResearch",https://www.instagram.com/p/DPLrG4lEtcP/
populix.co,"The podcast scene in Indonesia is shifting from audio to video, opening up new ways for creators and brands to engage audiences with content that’s both seen and heard. Listeners are increasingly drawn to immersive ways of enjoying stories and ideas.

This shift presents opportunities for creators, brands, and media to craft content that truly resonates. By understanding which formats keep audiences engaged and spotting emerging consumption trends, storytellers and marketers can make smarter, more impactful decisions.

📊 Want the full picture? Download Populix’s report on podcast trends and listening habits in Indonesia di 🔗populix.id/populixpodcast

—-——

Tren podcast di Indonesia kini sedang bergeser dari format audio ke video, membuka cara baru bagi kreator dan brand untuk menyajikan konten yang bisa dilihat sekaligus didengar. Pendengar pun semakin tertarik menikmati cerita dan ide secara lebih imersif.

Perubahan ini menghadirkan peluang bagi kreator, brand, dan media untuk membuat konten yang benar-benar mengena di hati audiens. Dengan memahami tren dan kebiasaan yang membuat pendengar podcast di Indonesia tetap engaged, para storyteller dan marketer bisa menciptakan konten yang lebih berdampak.

📊 Mau tahu insights selengkapnya? Unduh laporan Populix tentang tren dan kebiasaan mendengarkan podcast di Indonesia di 🔗populix.id/populixpodcast

#Populix #NextGenResearch #Podcast #contentconsumption #podcastindonesia #digitalcontent",https://www.instagram.com/p/DOqN_huEnjL/
populix.co,"According to Populix’s latest report, 48% of Gen Z and Millennials have used Buy Now, Pay Later (BNPL) or digital credit services, though their spending patterns and motivations differ.

Gen Z tends to use BNPL for lifestyle purchases such as fashion, gadgets, and entertainment seeing it as a practical way to manage short-term cash flow. Millennials, on the other hand, take a more pragmatic approach, often using BNPL for household needs or work-related expenses.

This trend highlights how younger generations are increasingly embracing digital financial solutions to maintain financial stability amid rising living costs.

Discover more insights on Trends Shaping Digital Finance among Gen Z & Millennials in the Populix Report Vol.3: Trends Shaping Digital Finance, F&B, and Skincare.

👉 Download the full report at: populix.id/genz&millennialsvol-3
----
Menurut laporan Populix, 48% Gen Z dan Milenial telah menggunakan layanan Beli Sekarang, Bayar Nanti (BNPL) atau kredit digital meskipun dengan pola dan motivasi yang berbeda.

Gen Z cenderung menggunakan BNPL untuk pembelian gaya hidup seperti fesyen, gadget, dan hiburan  menjadikannya solusi praktis dalam mengelola arus kas jangka pendek. Sedangkan Milenial lebih pragmatis dan memanfaatkan BNPL untuk kebutuhan rumah tangga maupun pengeluaran terkait pekerjaan.

Tren ini menunjukkan bagaimana generasi muda semakin adaptif terhadap solusi keuangan digital dalam menjaga kestabilan finansial di tengah meningkatnya kebutuhan hidup.

Pelajari lebih dalam tren keuangan digital dan perilaku generasi muda Indonesia dalam Populix Report Vol.3: Trends Shaping Digital Finance, F&B, and Skincare.

👉 Unduh laporannya di: populix.id/genz&millennialsvol-3

#Populix #NextGenResearch #marketresearch #BNPL #financial #consumerinsight",https://www.instagram.com/p/DPgVv1YEnWr/
populix.co,"As food poisoning cases under the Makan Bergizi Gratis (MBG) program continue to rise, affecting more than 6,400 individuals, public concerns over the program’s safety and food quality are growing, raising serious questions about its management.

With hundreds of trillions allocated, the issue goes beyond mistakes in how the program is run; it highlights the urgent need for stronger quality control and transparent governance. Our latest survey reveals how the public expects the government to respond and restore trust in the program.

👉 Swipe the slide to see what the public said

—

Seiring dengan meningkatnya kasus keracunan makanan dalam program Makan Bergizi Gratis (MBG) dengan lebih dari 6.400 orang yang terdampak, publik semakin kekhawatiran akan pengelolaan dan kualitas makanan pada program MBG yang menghabiskan anggaran ratusan triliun.

Survei terbaru dar Populix, mengungkapkan bagaimana harapan publik terhadap langkah pemerintah dalam menanggapi isu ini

👉 Swipe untuk melihat hasil surveinya

 #Populix #NextGenResearch #marketresearch #MBG #MakananBergiziGratis #consumerinsight",https://www.instagram.com/p/DPlXXujkjCf/
populix.co,"Toward the end of the year, travel activity intensifies as travelers align their holidays with extended breaks and festive seasons, and Singaporean travelers are no exception.

This growing travel momentum presents a key opportunity for destinations and industry players to engage this market.

Looking to attract more visitors from Singapore? Explore our report, “Singaporean Outbound Tourism & Opportunities for Indonesia,” to uncover emerging trends and opportunities within the tourism industry.

🔗 populix.id/populixSGtravel (tap the link in bio)
---------
Menjelang akhir tahun, aktivitas perjalanan meningkat seiring wisatawan menyesuaikan liburan dengan periode cuti panjang dan musim perayaan dan wisatawan Singapura pun tak terkecuali.

Momentum perjalanan yang terus menguat ini membuka peluang strategis bagi destinasi dan pelaku industri pariwisata untuk menjangkau pasar tersebut secara lebih efektif.

Lihat report lengkapnya dan temukan peluang baru bagi industri pariwisata di 🔗 populix.id/populixSGtravel (tap the link in bio)

#Populix #NextGenResearch #MarketResearch #ConsumerInsights #TourismIndustry SoutheastAsia",https://www.instagram.com/p/DSmhJz1ku5B/
populix.co,"The economic landscape is shifting. Consumers are evolving. In a market that won’t wait, can you stay ahead?

Just 2 days to go until we dive into how brands, institutions, and decision-makers stay relevant in a world where timing is everything.

Get ready for breakthrough insights and bold conversations on Southeast Asia’s fast-moving market dynamics, how Gen MZ redefines brand value, the rise of AI-driven innovation in market research, and more.

Mark your calendars!
📅 December 4, 2025
🕒 09.00 – 15.30 WIB
📍 Le Meridien Jakarta
🔗 RSVP: populix.id/rsvp-io2026

🎥 LIVESTREAM: youtube.com/@Populixco

✨ FREE access to Populix Industry Outlook 2026 Report ✨

Seats are limited—secure yours today!

#Populix #NextGenResearch #IndustryOutlook2026 #Business #MarketResearch",https://www.instagram.com/p/DRvvOcRkvtB/
populix.co,"Radioactive materials like Cesium-137 may be invisible, but their impact can last for decades, affecting both health and the environment.

After the recent news about radioactive findings, how aware are Indonesians of the risks that radiation poses? Do people truly understand how dangerous it can be? Or does it only sound alarming when it hits the headlines? 

👉 Swipe through to see what our latest survey reveals about public awareness of radiation hazards.

—-——
Zat radioaktif seperti Cesium-137 memang tak kasat mata, tapi dampaknya bisa terasa selama puluhan tahun, baik bagi kesehatan maupun lingkungan.

Seiring munculnya berita tentang temuan radiasi baru-baru ini, seberapa jauh masyarakat Indonesia memahami risiko yang ditimbulkan? Apakah publik benar-benar menyadari bahayanya, atau baru merasa waspada saat isu ini ramai diberitakan? 

👉 Swipe untuk lihat hasil survei kami tentang seberapa besar kesadaran publik terhadap bahaya radiasi.

#Populix #NextGenResearch #Radioakif #Cesium137 #Environment #chemical",https://www.instagram.com/p/DQTtSUhkrJx/
populix.co,"Unexpected expenses are one of the biggest challenges in personal financial management. They can arise at any time, whether it’s an emergency medical bill, urgent repairs, or fluctuating prices of essential goods, and they disrupt carefully laid plans.

In today’s uncertain economic climate, our Consumer Confidence Index 2025 reveals how consumers are managing unexpected expenses to ensure financial stability and resilience.

Download the full report and prepare your business to navigate these challenges effectively. 🔗 populix.id/PopulixCCI2025 (link in bio)

—
Pengeluaran tak terduga adalah salah satu tantangan terbesar dalam manajemen keuangan pribadi. Pengeluaran ini bisa muncul kapan saja, seperti biaya medis, pengeluaran darurat yang mendesak, atau harga barang kebutuhan yang turun naik, yang dapat menggangu rencana keuangan yang sudah disusun dengan hati-hati.

Laporan Consumer Confidence Index 2025 Populix mengungkapkan bagaimana konsumen mengelola pengeluaran tak terduga untuk memastikan stabilitas finansial mereka.

Yuk unduh laporan lengkapnya dan siapkan bisnismu untuk menghadapi tantangan ini secara efektif pada link berikut 🔗populix.id/PopulixCCI2025 atau bisa klik link di bio

#Populix #NextGenResearch #ConsumerConfidenceIndex #consumerbehavior #marketresearch #economicoutlook #consumerinsights #consumerconfidence",https://www.instagram.com/p/DPEFX8HkkN9/
populix.co,"People today crave belonging and shared experiences. Joining a like-minded community offers a way to express our identity while still connecting socially.

But how can brands genuinely tap into these subcultures and build authentic associations with these communities?

Join us at @IdeaFestID 2025 for a special Live Case Study session at Ideatalks, where we’ll dive into:
“Cultural Collaboration: Turning Subculture Trends into Brand Equity.”

This isn’t your typical panel; it’s an interactive discussion that brings the audience into the conversation, fueled by fresh research insights and perspectives from brands, communities, and industry leaders.

📅 Sunday, November 2, 2025
🕓 10.45 – 11.30 WIB
📍 JICC Jakarta

🎙️ Speakers:
- Bhisma Diandra, Community Leader, USS Running Club
- Gary Evano, Partner & Managing Director, Puyo Group
- Hana Irena, Editor-in-Chief, Wonderwhy SEA
- Anton Wirjono, Founder, Brightspot & Goods Dept

Are you ready to take a stance?
🎟️ Get your tickets now at loket.com/ideafest2025 

#Populix #IdeaFest2025 #Ideatalks #PerformativeContent #MarketResearch #CultureAndCreativity",https://www.instagram.com/p/DQeDDB5EsZv/
populix.co,"QRIS is more than just a payment alternative, it has become an integral part of the digital lifestyle of Indonesian society.

Now, QRIS can be used not only in Indonesia but also abroad, including countries like Japan.

But have you ever wondered which payment methods travelers typically used before QRIS? 🤔

👉 Swipe through the post to see the survey results!
-----
QRIS bukan cuma sekadar alternatif pembayaran, tapi sudah jadi bagian penting dari gaya hidup digital di masyarakat.

Sekarang, QRIS bisa dipakai bukan hanya di Indonesia, tapi juga di luar negeri, termasuk Jepang! 

Tapi, pernah kepikiran nggak sih metode pembayaran apa yang biasanya dipakai traveler sebelum ada QRIS? 🤔

👉 Swipe postingan ini untuk lihat hasil surveinya!

#Populix #NextGenResearch #marketresearch #qris #gpn #japan #financial #paymentsolutions",https://www.instagram.com/p/DN0NsOr5Cyc/
populix.co,"For over a week, thousands of Indonesians, including students, workers, activists, and members of civil society, have demonstrated outside the House of Representatives (DPR) office, protesting the lavish allowances of the nation’s lawmakers during a time of economic hardship🏛️💸

The ongoing protests reflect growing dissatisfaction with government policies and profound public unrest, as many feel their voices are not being heard.

Swipe to uncover the findings of our latest survey on how the public is emotionally responding to the ongoing demonstrations➡️

—-———————————

Selama lebih dari seminggu, ribuan orang Indonesia, termasuk mahasiswa, pekerja, aktivis, dan anggota masyarakat sipil, telah berdemonstrasi di depan kantor DPR, memprotes tunjangan mewah anggota DPR di tengah kesulitan ekonomi. 🏛️

Protes yang terus meluas ini mencerminkan ketidakpuasaan terhadap kebijakan pemerintah dan keresahan yang mendalam, di mana publik merasa tidak didengar. Geser untuk mengungkap temuan survei terbaru kami tentang bagaimana publik merespons secara emosional terhadap demonstrasi yang sedang berlangsung ➡️

#Populix #NextGenResearch #PolicyandSocietyResearch #DPR #tunjanganDPR #politik #DPRRI",https://www.instagram.com/p/DOLVVpGEv1H/
populix.co,"Instagram has introduced the Repost feature, allowing users to share other people’s feed posts directly to their own feed.

For brands and creators, this opens up opportunities to expand audience reach and boost engagement.
But, what type of content do audiences tend to repost the most?

👉 Swipe to discover key insights from our survey!
----
Instagram baru saja merilis fitur Repost, di mana pengguna dapat membagikan ulang postingan feed orang lain langsung ke feed mereka sendiri.

Bagi brand maupun kreator, ini menjadi peluang untuk meningkatkan jangkauan audiens sekaligus mendorong engagement.
Namun, konten seperti apa yang paling sering di-repost oleh audiens?

👉 Swipe untuk melihat insight dari survei kami!

#Populix #NextGenResearch #marketresearch #socialmediatrends #Instagram #repost",https://www.instagram.com/p/DN5QJ7Pkhki/
populix.co,"Teachers and lecturers carry the responsibility of shaping Indonesia’s future, yet their welfare continues to be overlooked.

Our latest survey reveals that 9 out of 10 respondents believe the state education budget has been poorly allocated, with the majority emphasizing that improving teacher welfare should be the government’s top priority. 

What do you think should come first educator welfare, equal access, or curriculum quality?

——————
Guru dan dosen memikul tanggung jawab besar dalam membentuk masa depan Indonesia, namun kesejahteraan mereka masih sering terabaikan.

Survei terbaru kami mengungkapkan bahwa 9 dari 10 responden menilai anggaran pendidikan negara dialokasikan dengan buruk, dengan mayoritas menekankan bahwa peningkatan kesejahteraan guru seharusnya menjadi prioritas utama pemerintah.

Menurutmu, apa yang seharusnya didahulukan: kesejahteraan pendidik, akses pendidikan yang merata, atau kualitas kurikulum?

#Populix #NextGenResearch #Education #PolicyandSocietyResearch #publicopinion #pendidikan #pendidikanindonesia #srimulyani #menterikeuangan #educationforall #socialissu",https://www.instagram.com/p/DODya-5kn_2/
populix.co,"That’s a wrap on IdeaFest 2025! 🎉 

Populix is proud to have been the Official Data Partner of this year’s event, where we brought real-time insights to life through our Live Case Study sessions.

It was an honor to be part of this incredible gathering of minds, where data wasn’t just about numbers, but also the stories, the conversations, and the different perspectives that help shape our shared understanding of culture.

Our two Live Case Study sessions were full of inspiring and insightful takes. From “Performative Content: Real or Rehearsed?” to “Cultural Collaboration: Turning Subculture Trends into Brand Equity”, the discussions were rich with insights and real-time reactions.

Both sessions saw dynamic panel discussions and passionate audience engagement, turning these topics into living, breathing conversations.

A huge thank you to everyone who participated in these discussions and helped make our IdeaTalks a memorable experience. Stay curious, stay connected, and keep shaping the future with us!

#Populix #NexGenResearch #IdeaFest2025 #Ideatalks #PerformativeContent #MarketResearch #CultureAndCreativity",https://www.instagram.com/p/DQog8bNEv99/
populix.co,"In the past, we relied heavily on news portals to get accurate information. But today, with social media, anyone can be a citizen journalist making access to information faster and more diverse ⚡️

So, is mass media still relevant as the public’s main reference? Or has it been overtaken by social media?

👉Swipe through the slides to see how the public views the shifting role of media in the digital era.
-----
Dulu, kita selalu mengandalkan portal media untuk cari informasi akurat. Tapi sekarang, dengan media sosial, siapapun bisa jadi citizen journalist dan akses informasi pun jadi lebih cepat dan beragam ⚡️

Lalu… apakah media massa masih relevan sebagai rujukan utama publik? Atau justru sudah tergeser oleh media sosial? 

👉 Geser slide buat lihat bagaimana perubahan pandangan publik soal peran media di era digital.

#Populix #NextGenResearch #PolicyandSocietyResearch #PublicPerception #massmedia #journalist",https://www.instagram.com/p/DOf4i7KkhW2/
populix.co,"Populix is proud to have joined Radiodays Asia 2025 as a local partner in Jakarta! 🌏✨

From inspiring talks to global collaborations, this event brought together the best of radio, podcast, and audio innovation. Big thanks to everyone who connected with us. let’s continue shaping the future of content together! ✨

#Populix #NextGenResearch #RadiodaysAsia #DigitalJournalism #MediaInnovation",https://www.instagram.com/p/DOYMGWBEiBd/
populix.co,"Podcasts are shaping the way Indonesians consume content! 🎧

At Radiodays Asia 2025, Populix had the honor of sharing key insights into how Indonesians consume podcasts; how often they listen, their preferred time of day, the ideal episode duration, and much more. These findings reveal key trends that content creators can leverage to connect with their audience in a more meaningful way.

Curious to learn more? Download our comprehensive report and dive deeper into Indonesian podcast trends at 🔗 populix.id/populixpodcast.

—-——

Podcast kini mengubah audiens dalam menikmati konten! 🎧

Di Radiodays Asia 2025, Populix berbagi insight penting tentang kebiasaan pendengar podcast di Indonesia; mulai dari frekuensi dan waktu favorit untuk mendengarkan podcast, durasi ideal, tipe konten podcast yang disukai, dan masih banyak lagi. Temuan ini mengungkap tren terkini yang dapat dimanfaatkan oleh para kreator konten untuk lebih dekat dan relevan dengan audiens mereka.

Ingin tahu lebih lanjut? Unduh laporan lengkap kami dan gali lebih dalam tren podcast di Indonesia di 🔗 populix.id/populixpodcast.

#Populix #NextGenResearch #Podcast #contentconsumption #podcastindonesia #digitalcontent",https://www.instagram.com/p/DOaycfwkiGj/
populix.co,"Following the recent protests, a coalition of civil society organizations, student groups, and public figures has formulated a set of points to be delivered to the government and parliament, calling them ‘17+8 Tuntutan Rakyat’.

This movement has gained widespread attention on social media, with many people reposting it online.

But the question remains: will this method truly be effective in conveying aspirations to parliament and ensuring they are implemented?

Swipe to see insights from our latest survey on how Indonesians express their aspirations to the government➡️
-----
Setelah aksi demonstrasi yang berlangsung belakangan ini, koalisi organisasi masyarakat sipil, kelompok mahasiswa, dan sejumlah figur publik merumuskan sejumlah poin yang disebut sebagai ‘17+8 Tuntutan Rakyat’.

Gerakan ini mendapat perhatian luas di media sosial, dengan banyak warganet yang ikut membagikannya kembali.

Namun, pertanyaannya: apakah cara ini benar-benar efektif dalam menyampaikan aspirasi kepada parlemen dan memastikan tuntutan tersebut dijalankan?

👉 Geser untuk melihat hasil survei terbaru kami tentang bagaimana masyarakat Indonesia menyalurkan aspirasinya kepada pemerintah

#Populix #NextGenResearch #PolicyandSocietyResearch #DPR #tunjanganDPR #politik #DPRRI #tuntutanrakyat #demoindonesia",https://www.instagram.com/p/DONk1z3kjI8/
populix.co,"On August 27, Populix had the opportunity to participate in HCM Talks: Unleashing Gen Z’s Potential for Business Sustainability of Companies organized by @sbmitbjkt 

The event brought together thought leaders to explore how companies can understand and harness the potential of Generation Z in building sustainable businesses. 

One of the key sessions featured our AVP of HR at Populix, Jonas Danny, who presented findings from Populix’s research report titled “Understanding Gen Z in the Workplace,” outlining how Gen Z’s workplace expectations align with long-term strategies for sustainable growth. 

We are grateful to SBM ITB Jakarta for facilitating such a meaningful forum and for allowing Populix to contribute by presenting our research on Gen Z in the workplace✨
----
Pada tanggal 27 Agustus, Populix berkesempatan untuk turut serta dalam HCM Talks: Unleashing Gen Z’s Potential for Business Sustainability of Companies yang diselenggarakan oleh @sbmitbjkt .

Dalam acara ini, para leaders berdiskusi tentang bagaimana perusahaan bisa lebih memahami sekaligus mengembangkan potensi Gen Z untuk mendorong bisnis

Di sesi utama, Jonas Danny (AVP of HR Populix) berbagi insight dari riset “Understanding Gen Z in the Workplace”. Laporan tersebut mengulas bagaimana ekspektasi Gen Z bisa mendukung strategi bisnis jangka panjang yang berkelanjutan

Kami mengucapkan terima kasih kepada SBM ITB Jakarta atas forum yang penuh makna ini serta kesempatan bagi Populix untuk membagikan hasil riset mengenai Generasi Z di dunia kerja✨

#Populix #PopSurvey #NextGenResearch #genz #workplace #hcmtalks #businesssustainability #futureofworkplace",https://www.instagram.com/p/DOGIEwnkkYo/
populix.co,"Did you know that Populix’s latest survey uncovered alarming stats about how online gambling is spreading in Indonesia; especially among younger generations? 🎲🚨

Listen to our Policy & Society Research Manager, Nazmi Tamara, dive into these shocking insights in the TikTok LIVE hosted by @tempodotco “CEK FAKTA: “Janji Manis, Akhir Pahit Judi Daring” on August 20, 2025. Share or comment with your thoughts!

———

Tahukah kamu bahwa survei terbaru dari Populix mengungkapkan data mengejutkan tentang penyebaran judi daring di Indonesia terutama di kalangan generasi muda? 🎲🚨

Simak pembahasan dari Policy & Society Research Manager kami, Nazmi Tamara, tentang temuan terbaru Populix mengenai Judar pada TikTok LIVE bersama Tempo.co “CEK FAKTA: “Janji Manis, Akhir Pahit Judi Daring” pada 20 Agustus 2025 lalu. Share video ini atau berikan pendapatmu di kolom komentar!

#Populix #NextGenResearch #OnlineGambling #PolicySocietyResearch #JudiDaring",https://www.instagram.com/p/DOIwffSErTR/
populix.co,"Podcasts are quickly becoming a go-to source for entertainment, stories, and insights in Indonesia. Listeners are tuning in for engaging conversations, personal stories, and fresh perspectives that feel authentic and relatable. This growing interest highlights just how much audiences value content that connects with them on a deeper level.

With so many podcasts available, it’s clear that audiences have specific preferences, whether it’s the style of the show or the format they consume. Understanding how listeners engage is key for creators, brands, and media players looking to stay relevant.

Dive deeper into podcast trends, preferences, and listening habits by downloading the full report at 🔗 populix.id/populixpodcast

—-——————

Podcast kini jadi sumber favorit untuk mencari hiburan, mendengarkan cerita, sampai mencari insight yang bermanfaat. Dari percakapan ringan yang seru, cerita personal, hingga perspektif baru, pendengar podcast di Indonesia menyukai konten yang relevan dan terasa punya koneksi personal.

Dengan banyaknya pilihan podcast, jelas bahwa audiens punya preferensi masing-masing, baik dari gaya acara maupun formatnya. Bagi kreator, brand, dan media, memahami cara pendengar menikmati podcast jadi kunci agar tetap relevan.

Mau tahu lebih banyak tren dan preferensi mendengarkan podcast di Indonesia? Unduh laporan lengkapnya di 🔗 populix.id/populixpodcast

#Populix #NextGenResearch #Podcast #contentconsumption #podcastindonesia #digitalcontent",https://www.instagram.com/p/DOfkVXOEk8r/
populix.co,"Medical bills in Indonesia can be very costly. Even with a social health insurance program like BPJS Kesehatan, many Indonesians are seeking additional coverage to better protect themselves.

For insurance and healthcare providers, this highlights a growing demand for products that address coverage gaps and meet consumer needs.

Gain curated insights on health insurance ownership, awareness, and health app usage across different segments in Populix’s Data Hub. 🔗 info.populix.co/data-hub
—

Biaya medis di Indonesia tidaklah murah. Meski sudah ada program jaminan kesehatan sosial seperti BPJS Kesehatan, banyak masyarakat tetap mencari asuransi tambahan untuk mendapatkan proteksi yang lebih baik.

Bagi penyedia asuransi dan layanan kesehatan, hal ini menandakan meningkatnya permintaan akan produk yang dapat menutup celah perlindungan dan menjawab kebutuhan konsumen.

Dapatkan insight terkurasi mengenai kepemilikan asuransi kesehatan, tingkat kesadaran, dan penggunaan aplikasi kesehatan di berbagai segmen melalui Populix Data Hub. 🔗 info.populix.co/data-hub

#Populix #NextGenResearch #marketresearch #consumerinsights #Healthsecurity #Insurance #BPJS",https://www.instagram.com/p/DNVNEikRzv9/
populix.co,"Local food and drink brands are getting more popular, some even going head-to-head with big international names.

According to Populix’s latest study, most consumers still prefer local food, while occasionally exploring international options. This trend is especially strong among Gen Z. Millennials, on the other hand, prioritize taste above all.

Curious what this means for your F&B brand and how you can make the most of it?
Uncover more insights in our full report ⬇️

🔗 Visit populix.id/PopulixFNB
Or tap the link in bio to access the full insights!

——

Merek makanan dan minuman lokal kini semakin populer, bahkan ada yang mampu bersaing langsung dengan brand internasional besar.

Berdasarkan studi terbaru Populix, sebagian besar konsumen masih lebih memilih makanan lokal, meski sesekali mencoba pilihan internasional. Tren ini terlihat paling kuat di kalangan Gen Z. Sementara itu, generasi Milenial lebih mengutamakan rasa di atas segalanya.

Penasaran apa arti temuan ini bagi brand F&B dan bagaimana cara memanfaatkannya?
Temukan insight selengkapnya di laporan kami ⬇️

🔗 Kunjungi populix.id/PopulixFNB
Atau klik tautan di bio untuk mengakses insight lengkapnya!

#Populix #NextGenResearch #MarketResearch #consumerinsights #foodandbeverage #fnbindustry #fnbbusiness #makananviral #kulinerviral",https://www.instagram.com/p/DNFwF9ZTTAs/
populix.co,"From street stalls to premium cafés, new F&B brands pop up every month, each riding the wave of the latest trend. But while hype brings the spotlight, not every brand stands the test of time. In a market this competitive, what truly separates lasting brands from one-hit wonders?

📥 Download our latest Populix Report: Exploring the Hip F&B Phenomenon to uncover what young consumers in Indonesia really want; from brand choices and health-conscious habits to future food trends, local vs. global preferences, and categories poised for growth.

Visit 🔗 populix.id/PopulixFNB

Or tap the link in bio to access the full insights!

———

Dari kedai kaki lima sampai kafe premium, brand F&B baru terus bermunculan dengan masing-masing keunikannya hingga berhasil menarik pasar dan viral. Tapi di balik hype yang cepat naik, tak semua brand bisa bertahan lama. 

Di pasar yang makin kompetitif, apa sih yang bikin sebuah brand F&B bisa tetap eksis?

📥 Unduh laporan terbaru kami Populix Report: Exploring the Hip F&B Phenomenon untuk mengetahui preferensi dan tren konsumen muda di Indonesia; mulai dari alasan memilih brand, kebiasaan konsumsi sehat, tren makanan masa depan, hingga perbandingan kuliner lokal vs. internasional.

Kunjungi 🔗 populix.id/PopulixFNB
Atau klik link di bio untuk akses lengkapnya!

#Populix #NextGenResearch #MarketResearch #consumerinsights #foodandbeverage #fnbindustry #fnbbusiness #makananviral #kulinerviral",https://www.instagram.com/p/DNAsZGfymT4/
populix.co,"We’re excited to share that Populix is joining Radiodays Asia 2025 as a local partner! 🎙️

Radiodays Asia is the premier meeting point for media leaders, innovators, and creators; exploring new technology, content trends, and the future of audio in a rapidly evolving landscape.

Our VP of Research, Indah Tanip, and Head of Policy & Society Research, Vivi Zabkie, will speak at Podcast Day Asia 2025, bringing together the radio, audio, and podcast worlds across Asia & Australia.

MARK YOUR CALENDAR!

🗓 1–3 September 2025
📍 Jakarta, Indonesia
🎟 Register now → radiodaysasia.com

✨Use code “Populix” for a 10% discount on the three-day registration.✨

Populix is honored to be part of this global stage, contributing to conversations shaping the future of audio and podcasting in the region.

Stay tuned for more updates!

#Populix #NextGenResearch #RadiodaysAsia #DigitalJournalism #MediaInnovation",https://www.instagram.com/p/DNxjgD9ZDUh/
populix.co,"Music isn’t just background noise, but it shapes the atmosphere and mood in cafes and restaurants.

But what happens when venues turn off the tunes?

Swipe to see the results from our latest survey and find out how diners really feel ➡️

—
Musik bukan cuma pengiring, tapi kunci suasana di kafe dan restoran.

Lalu, bagaimana rasanya ketika restoran atau kafe  berhenti memutar musik?

Swipe untuk lihat hasil survei dan temukan bagaimana musik memengaruhi suasana makan di kafe atau restoran.➡️

#Populix #NextGenResearch #MarketResearch #consumerinsights #royalti #hakcipta #royaltimusik",https://www.instagram.com/p/DNko8KLycyB/
populix.co,"In the digital age, online transactions have become integral to our daily lives, but many still have concerns about their security. According to Populix’s Industry Outlook 2025 report, 73% of internet users worry about email fraud or fake websites, while other top concerns include unauthorized tracking of user activity and data breaches 📲

For more in-depth insights into online transaction security and other market trends, visit Populix’s Data Hub.
Explore our curated reports to make informed decisions: 🔗 info.populix.co/data-hub
---
Di dunia digital sekarang, hampir semua aktivitas online melibatkan transaksi digital, tapi masih banyak orang yang merasa khawatir soal keamanannya. Berdasarkan Industry Outlook 2025 dari Populix, 73% pengguna internet khawatir tentang penipuan email atau situs palsu. Selain itu, ada juga yang khawatir soal pelacakan aktivitas tanpa izin dan kebocoran data.

Mau tahu lebih banyak soal keamanan transaksi online dan tren pasar lainnya? Cek Populix's Data Hub dan temukan laporan-laporan menarik untuk membuat keputusan yang lebih tepat:🔗 info.populix.co/data-hub

#Populix #NextGenResearch #marketresearch #consumerinsights #cybersecurity #OnlineSecurity #DigitalTransactions",https://www.instagram.com/p/DNSojwhz33M/
populix.co,"Healthy living isn't just a trend, it’s becoming a lifestyle. Today’s consumers are no longer just avoiding sugar or carbs, they're examining ingredients, checking sourcing, and choosing brands that match their wellness goals. 🍃

Want to know how this shift is impacting Indonesia’s F&B market?
📥 Download the full report here: populix.id/PopulixFNB
----
Gaya Hidup Sehat Kini Bukan Sekedar Diet Ketat! 🍽️

Hidup sehat bukan hanya sekedar tren, namun sudah menjadi gaya hidup. Konsumen Indonesia semakin sadar akan kesehatan dan mulai lebih teliti terhadap apa yang mereka konsumsi, mulai dari membaca label gizi, memeriksa bahan baku, hingga memastikan asal-usul produk 🌿

Ingin tahu perubahan ini memengaruhi industri F&B di Indonesia?
📥 Unduh laporan lengkapnya di: populix.id/PopulixFNB

#Populix #NextGenResearch #marketresearch #foodandbeverage #trenFnB #fnbindustry #fnbbusiness #makananviral #kulinerviral #HealthyLifestyle",https://www.instagram.com/p/DNDQjdSTFyD/
populix.co,"To celebrate Indonesia’s Independence Day, the animated film Merah Putih: One for All is officially showing in only a limited number of cinemas.

Even before its release, the movie trailer had already drawn significant public criticism over its quality, with some cinemas even canceling their screenings.

So, what are the public’s expectations for the quality of local animated films? Swipe to see the results of our survey 👉🏻
----
Dalam rangka merayakan Hari Kemerdekaan Indonesia, film animasi Merah Putih: One For All resmi tayang di bioskop-bioskop terbatas.

Bahkan sebelum dirilis, trailer filmnya telah menuai kritik publik yang signifikan atas kualitasnya, bahkan beberapa bioskop membatalkan penayangannya.

Lalu, apa ekspektasi publik terhadap kualitas film animasi lokal? Geser untuk melihat hasil survei kami 👉🏻

#Populix #NextGenResearch #marketresearch #movieindustry #film #cinema #movieindonesia #filmindonesia #animasifilm #merahputihoneforall",https://www.instagram.com/p/DNXx2riRqVp/
populix.co,"Happy Independence Day 🇮🇩

As Indonesia turns 80, our pride shines through both timeless traditions and the new ways we celebrate.

In our latest survey, we asked Indonesians what makes them most proud of our nation. Here’s what they told us ➡️

————

Selamat Hari Kemerdekaan 🇮🇩

Genap 80 tahun Indonesia merdeka, rasa bangga kita terus hidup; tercermin dalam tradisi yang dijaga sekaligus cara-cara baru dalam merayakan.

Lewat survei terbaru Populix, kami bertanya: hal apa yang paling membuat masyarakat bangga menjadi orang Indonesia? Inilah jawabannya ➡️

#Populix #NextGenResearch #HUTRI80 #independencedayindonesia",https://www.instagram.com/p/DNcP4KNypkT/
populix.co,"In an era where online gaming is growing rapidly, countless platforms are competing for attention. Yet one of the most popular and beloved among players worldwide is Roblox. From children and teenagers to aspiring game developers, people continue to flock to this platform.

Curious what makes it so engaging? 

👉 Swipe through the post to discover the insights or contact Populix to learn how research can uncover what drives your audience.

———

Di tengah pesatnya perkembangan game online, banyak platform yang bersaing untuk merebut perhatian. Tapi salah satu yang paling populer saat ini adalah Roblox. Dari anak-anak, remaja, hingga pengembang pemula, semakin banyak orang yang memainkan game satu ini.

Penasaran apa yang membuatnya begitu menarik?

👉 Geser postingan ini untuk melihat insight lengkapnya atau hubungi Populix untuk mengetahui bagaimana riset bisa membantumu memahami perilaku audiens.

#Populix #NextGenResearch #consumerinsights #marketresearch #roblox #OnlineGaming #RobloxIndonesia",https://www.instagram.com/p/DNp41xiyzSa/
populix.co,"The investment landscape in Indonesia offers a diverse range of products, from gold and mutual funds to stocks and cryptocurrency. However, despite high awareness of these investment options, there is still a significant gap in actual participation, with only a small portion of people actively investing.

Want to explore deeper insights? Visit Populix’s interactive Data Hub for curated Industry Outlook 2025 insights on investment behaviors, digital banks, e-commerce, and more. Gain valuable data on adoption, barriers, and perceived benefits in the evolving digital landscape.

Discover more today! 🔗 info.populix.co/data-hub

———————

Lanskap investasi di Indonesia menawarkan berbagai produk, mulai dari emas, reksa dana, saham, cryptocurrency, dan lainnya. Namun, meskipun tingkat kesadaran terhadap pilihan investasi ini cukup tinggi, masih terdapat kesenjangan signifikan antara pengetahuan dan partisipasi aktual, dengan hanya sebagian kecil orang yang benar-benar berinvestasi.

Ingin mengeksplorasi insights lebih dalam? Kunjungi laman Data Hub Populix untuk insights dari laporan Industry Outlook 2025 tentang perilaku investasi, bank digital, e-commerce, dan banyak lagi.

Lihat selengkapnya di 🔗 info.populix.co/data-hub

#Populix #NextGenResearch #marketresearch #consumerinsights #investment #digitaleconomy #finance #mutualfunds #gold #stockmarket",https://www.instagram.com/p/DNQDdQ9yoJL/
populix.co,"Not all insights come from numbers; some come from real conversations. Whether it’s uncovering consumer behavior or testing new ideas, qualitative research starts with the right environment.

Populix Insight Hub was built for that purpose. Designed to support FGDs, in-depth interviews, and more, it’s a space where researchers, strategists, and decision-makers can focus on what matters: listening, observing, and uncovering deeper truths.

Thinking of running a session soon? 

Let’s talk. Reach out at
📧support@populix.co
🔗 info.populix.co/contact-us

——————

Tak semua insight berupa angka; banyak juga yang lahir dari obrolan yang bermakna. 

Untuk menggali perilaku konsumen dan mengeksplorasi ide baru, dibutuhkan ruang yang kondusif untuk mendukung dialog yang mendalam dan observasi yang tajam.

Populix Insight Hub hadir untuk kebutuhan itu. Dirancang khusus untuk FGD, wawancara mendalam, dan sesi observasi lainnya, Insight Hub jadi tempat yang tepat bagi tim riset, brand, atau organisasi untuk menggali insight yang lebih dalam dan berdampak.

Punya rencana riset dalam waktu dekat? Yuk diskusi dengan kami di
📧support@populix.co atau kunjungi 🔗info.populix.co/contact-us 

#Populix #NextGenResearch #InsightHub #QualitativeResearch #FocusGroupDiscussion #FGDRoom #MarketResearch #InDepthInterview",https://www.instagram.com/p/DMfI3CGSBVV/
populix.co,"Kebebasan pers adalah pilar utama demokrasi.

Jurnalis memiliki peran penting dalam mengungkapkan kebenaran, memberikan informasi kepada publik, dan mengawasi kekuasaan. Ketika keselamatan jurnalis terancam, kebebasan pers dan fungsi demokrasi menjadi terganggu. Indeks Keselamatan Jurnalis pun jadi alat ukur dan evaluasi kondisi keselamatan jurnalis di berbagai wilayah Indonesia.

Karena itu, untuk meningkatkan kesadaran publik terkait kondisi jurnalisme saat ini, Populix dan Yayasan Tifa (@tifafoundation_id) menghadirkan lomba artikel yang secara khusus membahas Indeks Keselamatan Jurnalis 2024. 

Harapannya, lomba ini memantik diskusi di ruang-ruang publik dan turut berkontribusi dalam kebijakan dan advokasi untuk kebebasan pers di Indonesia.

Seperti apa proses penjurian lomba?

Simak selengkapnya di postingan ini untuk melihat bagaimana tahap penilaian dilakukan oleh para juri➡️

#LombaArtikel2024 #IndeksKeselamatanJurnalis #TIFAFoundation #Populix #WritingCompetition #JurnalismeAman",https://www.instagram.com/p/DMclDJOyun8/
populix.co,"Ever wonder how Gen Z & Millennials spend their money? 🤔

Populix’s recent study reveals that 74% of respondents are allocating most of their money to essential expenses like groceries, rent, transportation, and bills. This trend is especially pronounced among Millennials, who often face greater financial responsibilities as they navigate major life milestones.

On the flip side, 17% of respondents, particularly Gen Z, are spending more on lifestyle and entertainment, like concerts, fashion, dining out, and travel. While essentials dominate their budgets, younger generations still prioritize experiences and personal enjoyment alongside their responsibilities.

Curious to see the full data on how they’re navigating financial habits in the digital age?
🔍 Uncover more insights in our full report: populix.id/YouthFinancial

—

Penasaran bagaimana Gen Z & Milenial menggunakan uang mereka? 🤔

Studi terbaru dari Populix mengungkap bahwa 74% responden mengalokasikan sebagian besar pengeluaran mereka untuk kebutuhan pokok seperti belanja bulanan, sewa, transportasi, dan tagihan. 

Tren ini paling terlihat pada kelompok Milenial, yang sedang memasuki fase kehidupan dengan tanggung jawab finansial yang lebih besar.

Di sisi lain, 17% responden terutama dari kalangan Gen Z, lebih banyak menghabiskan uang untuk gaya hidup dan hiburan,seperti konser, fashion, makan di luar, hingga traveling. Meskipun kebutuhan pokok tetap mendominasi pengeluaran, generasi ini juga cenderung memikirkan experience dan hiburan.

Penasaran dengan data lengkapnya soal bagaimana kedua generasi tersebut mengatur keuangan di era digital?

🔍 Temukan insight selengkapnya dalam laporan kami: populix.id/YouthFinancial

#Populix #NextGenResearch #marketresearch #manajemenkeuangan #risetpasar #financialplanning #genZ #millennials #finance",https://www.instagram.com/p/DMPfh-PxnBN/
populix.co,"Gen Z is now the largest group entering the workforce, and companies are hiring them fast. 

Populix’s latest survey shows that many Gen Z professionals stay in roles outside their comfort zone, not because it’s easy, but because it offers something more to continuous learning, growth, and get a meaningful support.

They’re not afraid of discomfort, as long as it leads somewhere. But organizations that can balance challenge with development and recognition will be the ones who win their loyalty.

Read the full survey in the post above for detailed insights. Don’t forget to like, comment, and share! 🦄

—

Gen Z kini menjadi kelompok terbesar yang memasuki dunia kerja, dan perusahaan pun berlomba-lomba untuk merekrut mereka.

Survei terbaru Populix menunjukkan bahwa, banyak profesional Gen Z bertahan di peran yang menantang, bukan karena mudah, tetapi karena menawarkan sesuatu yang lebih seperti ruang untuk mereka mereka melakukan terus-menerus untuk tumbuh.

Mereka tidak takut keluar dari zona nyaman, selama ada tujuan yang jelas. Organisasi yang mampu menyeimbangkan tantangan dengan pengembangan dan apresiasi akan menjadi yang paling berhasil memenangkan loyalitas mereka untuk bertahan.

Yuk baca hasil survei lengkapnya di postingan atas untuk insight yang lebih detail. Jangan lupa like, komen, dan share ya! 🦄

#PopulixSurvey #GenZCareers #FutureOfWork #EmployeeExperience #CareerGrowth #TalentRetention #WorkplaceInsights",https://www.instagram.com/p/DMcJAwwxfoC/
populix.co,"A new policy encouraging fathers to take their children to school sparked widespread discussion last week. Introduced as a response to Indonesia’s high rate of fatherlessness, the initiative has drawn varied public reactions.

Our survey found that public opinion on the policy is far from unanimous 🤳

🔎 Curious to learn more about how people respond to social policies?
Reach out to us via the link in our bio!
----
Aturan baru yang mendorong ayah untuk mengantarkan anak ke sekolah sempat ramai diperbincangkan minggu lalu. Kebijakan ini muncul sebagai langkah mengatasi tingginya angka fatherlessness di Indonesia. 

Survei kami juga menunjukkan adanya respons publik yang beragam terhadap kebijakan ini. 

🔎 Ingin tahu lebih dalam soal opini publik terhadap kebijakan sosial? Hubungi kami dengan klik link di bio!

#Populix #NextGenResearch #policysocialresearch #fatherlessness #fatherless #socialinsight",https://www.instagram.com/p/DMhtEf8xj1a/
populix.co,"As we approach the International Battery Summit 2025, it’s crucial to reflect on the insights shared by Prof. Dr. rer. nat. Evvy Kartini, Founder of the National Battery Research Institute (@nbri.indonesia) during the recent EV Outlook discussion.

The focus is clear: battery innovation will play a pivotal role in shaping the future of sustainable energy and driving local industry growth.

With the theme “Powering the Future: Advancing the Global Energy Transition with Battery Technology,” this summit will bring together global leaders, experts, and innovators to drive the future of battery technology and clean energy. 

Don’t miss the chance to be part of the conversation driving the global energy transition.

SAVE THE DATE!

📅 5–6 August 2025
📍Hotel Mulia, Jakarta, Indonesia
🔗  register at ibatterysummit.com

We look forward to seeing you there!

#Populix #InternationalBatterySummit #BatteryRecycling #IBS2025 #EnergyTransition #CleanEnergy #CircularEconomy #BatteryInnovation #SustainableFuture",https://www.instagram.com/p/DMXeapISPDj/
populix.co,"🔋As the world accelerates toward cleaner energy solutions, the International Battery Summit 2025 sets the stage for critical collaboration across sectors.
⠀
This year’s summit will dive into advanced battery technologies and the evolving battery industry landscape, spanning the entire value chain from upstream raw materials to downstream applications.

🗓 August 5–6, 2025
📍 Hotel Mulia, Jakarta Selatan
🚀 Book your seat here:🔗 https://ibatterysummit.com

----
🔋Dalam upaya global menuju energi bersih, International Battery Summit 2025 hadir sebagai ajang kolaborasi lintas sektor yang strategis.

Acara ini akan mengupas tuntas inovasi teknologi baterai terkini dan arah perkembangan industri baterai, mulai dari sisi produksi hingga distribusi.
🗓 Agustus 5–6, 2025
📍 Hotel Mulia, Jakarta Selatan
🚀 Book your seat here: 🔗https://ibatterysummit.com

#IBS2025 #BatteryTechnology #CleanEnergy #Sustainability #EnergyTransition #IndonesiaEnergy",https://www.instagram.com/p/DMsEpkPz-bL/
populix.co,"Social media has democratized content creation, and consumers increasingly trust the voices they follow online. As influence becomes more decentralized, understanding what drives audience connection is more important than ever.

Today, followers aren’t just passive viewers, but they’re willing to pay for content that delivers real value, whether in the form of insights, community, or authenticity.

Swipe through to see what motivates Indonesians to subscribe to exclusive content 👉

📩 Want to explore this topic further? Connect with our experts at info.populix.co/contact-us

—————————
Media sosial kini memungkinkan siapa saja menjadi kreator, dan audiens semakin percaya pada suara yang mereka ikuti secara online.

Saat ini, followers bukan lagi hanya penonton pasif, tapi mereka bersedia untuk membayar demi mendapat konten ekslusif, insight baru hingga menjadi bagian dari komunitas privat.

Yuk swipe untuk melihat apa saja yang membuat banyak orang tertarik berlangganan konten eksklusif di Instagram.👉

📩 Ingin tahu lebih dalam soal perilaku audiens dan tren kreator di Indonesia? Hubungi tim kami di info.populix.co/contact-us 

#Populix #NextGenResearch #MediaSosial #EkonomiKreator #InfluencerMarketing #RisetPasar #PerilakuKonsumen",https://www.instagram.com/p/DMzyHwnS2xy/
populix.co,"The recent news about PPATK temporarily blocking dormant bank accounts has caused a lot of attention, with concerns over their misuse for illegal activities. While this policy has since been reversed and dormant accounts reactivated, the topic is still a hot discussion.

It’s no surprise that the policy faced resistance. Recent data from Populix shows that 50% of Indonesians have 2 or more bank accounts, yet many don’t check them regularly. 

This underscores the need for thorough research before implementing policies to avoid unintended consequences.

Looking for insights to make informed decisions? Contact us for research support at 🔗 info.populix.co/contact-us

—————————

Berita terbaru mengenai kebijakan pemblokiran rekening bank yang pasif oleh PPATK telah memicu perdebatan di masyarakat. Meskipun kebijakan ini telah sedang dikaji ulang dan rekening dormant diaktifkan kembali, topik ini tetap menjadi perbincangan hangat.

Tidak mengherankan jika kebijakan ini mendapat banyak penolakan. Data terbaru dari Populix menunjukkan bahwa 50% orang Indonesia memiliki 2 atau lebih rekening bank, namun banyak yang tidak memeriksanya secara rutin. 
.

Butuh wawasan mendalam untuk mengambil keputusan yang lebih tepat? Hubungi kami di 🔗info.populix.co/contact-us.

#Populix #NextGenResearch #publicpolicy #finance #ppatk #rekening",https://www.instagram.com/p/DM9epdqSLEA/
populix.co,"Matcha is having a moment 🍵

This powdered green tea isn’t just a trend, it’s becoming a premium lifestyle drink. But with rising popularity comes scarcity, as global demand starts to outpace supply.

So, what do Indonesians think about the matcha hype?🤔

Catch the insights from our survey in this Reels!
—

Matcha lagi naik daun! 🍵

Teh hijau bubuk ini bukan sekadar tren, tapi mulai dianggap sebagai minuman gaya hidup premium. Tapi, karena popularitasnya terus meningkat, permintaan global pun 
melampaui pekiraan yang bikin matcha makin langka! 

Lalu, gimana pendapat orang Indonesia soal hype matcha ini? 🧐

Yuk, simak hasil surveinya di Reels ini!

-—
#Populix #ConsumerTrends #Matcha #MatchaTrend #foodandbeverage #MarketResearch #fnbindustry #viralfood #matchalover",https://www.instagram.com/p/DMusnbyzHdR/
populix.co,"Wrapped up our EV Outlook Discussion with @forwot! 

It was an insightful session diving into Indonesia’s electric vehicle landscape, from consumer perspectives to infrastructure challenges and industry opportunities.

Big thanks to all the panelists and everyone who joined and contributed to the conversation! 🙌

This discussion marks an important step toward understanding ecosystem challenges and unlocking collaborative solutions for the future of EVs in Indonesia.

📥 Grab Populix’s whitepaper on EV dynamics in Indonesia:
https://populix.id/evrep1 (or tap the link in our bio)

Stay tuned for more takeaways from the session! 🚗🔋

#Populix #NextGenResearch #electricvehicles  #automotiveindustry #marketinsights",https://www.instagram.com/p/DLotecGR7Ap/
populix.co,"How important is the development of electric vehicles (EVs) in supporting Indonesia’s clean energy transition?

During the EV Outlook Discussion hosted by Populix in collaboration with  Forum Wartawan Otomotif (@forwot ), we asked participants to share their thoughts, ranging from industry challenges to how EV adoption can help accelerate the country’s shift toward cleaner energy.

Curious to hear what they had to say?
Let’s hear their answers in this video! ⬆️

-——————

Seberapa penting peran kendaraan listrik (EV) dalam mendukung transisi energi bersih di Indonesia?

Dalam diskusi EV Outlook yang diselenggarakan oleh Populix bersama Forum Wartawan Otomotif (@forwot ), kami mengajak para peserta untuk berbagi pandangan mereka; mulai dari tantangan industri hingga bagaimana adopsi EV dapat mempercepat peralihan Indonesia menuju energi yang lebih berkelanjutan.

Penasaran bagaimana tanggapan mereka? Yuk, simak jawabannya di video berikut ini! ⬆️

#Populix #NextGenResearch #ElectricVehicles #AutomotiveIndustry #MarketResearch #ConsumerInsights #Otomotif",https://www.instagram.com/p/DL7G7EJRJ5P/
populix.co,"The development of electric vehicles (EVs) is inseparable from battery technology, a crucial component that powers the vehicle.

During the EV Outlook Discussion held by Populix in collaboration with Forum Wartawan Otomotif @FORWOT , Prof. Dr. rer. nat. Evvy Kartini emphasized that batteries are the core of the global energy transition toward net-zero emissions. 

She also highlighted the importance of Indonesia’s downstreaming program as a critical foundation for building a strong battery industry, an integral part of the EV ecosystem.

Want to learn more about EV adoption in Indonesia? Read the full report here:
🔗https://populix.id/evrep1 (or click the link in our bio)

———
Perkembangan kendaraan listrik (EV) sangat bergantung pada kemajuan teknologi baterai, komponen utama yang menjadi sumber daya penggerak kendaraan.

Dalam sesi EV Outlook Discussion yang diselenggarakan oleh Populix bersama Forum Wartawan Otomotif (@FORWOT), Prof. Dr. rer. nat. Evvy Kartini menekankan bahwa baterai merupakan jantung dari transisi energi menuju net-zero emission. 

Ia juga menyoroti pentingnya program hilirisasi sebagai fondasi pengembangan industri baterai nasional yang menjadi bagian vital dari ekosistem kendaraan listrik.

Ingin tahu lebih banyak tentang dinamika adopsi EV di Indonesia? Baca laporan lengkapnya di sini: 🔗 https://populix.id/evrep1 (atau klik tautan di bio kami)

#Populix #NextGenReserch #electricvehicles #automotiveindustry #marketresearch #consumerinsights #otomotif",https://www.instagram.com/p/DL3_tqVTP90/
populix.co,"How do young people today manage their paychecks in an uncertain economy?

With the rising cost of living and growing financial responsibilities, Gen Z and Millennials are becoming more intentional about how they handle their money once it lands in their account.

According to our latest study, 42% of respondents say they divide their income into spending and savings right after getting paid, a habit that’s especially common among Millennials. This shows a growing awareness around budgeting and financial planning among today’s youth.

Curious to see the full picture?
📊 Read the full report “Millennials & Gen Z Report: Navigating Youth Financial Habits in the Digital Age” at populix.id/YouthFinancial

———————————————————

Bagaimana cara generasi muda saat ini mengatur keuangan mereka di tengah kondisi ekonomi yang penuh ketidakpastian?

Dengan meningkatnya biaya hidup dan tanggung jawab finansial, Gen Z dan Milenial kini semakin sadar dalam mengelola keuangan mereka secara lebih bijak.

Berdasarkan studi terbaru Populix, 42% responden, khususnya Milenial, mengaku langsung membagi penghasilannya ke dalam beberapa kategori, seperti pos pengeluaran dan tabungan. Hal ini mencerminkan tingkat kesadaran yang semakin tinggi terhadap pentingnya perencanaan keuangan di kalangan anak muda.

Penasaran dengan insight lengkapnya?
📊 Baca laporan “Millennials & Gen Z Report: Navigating Youth Financial Habits in the Digital Age” di populix.id/YouthFinancial

#Populix #NextGenResearch #marketresearch #manajemenkeuangan #risetpasar #financialplanning #genZ #millennials #finance",https://www.instagram.com/p/DMJ-mDRS_Pf/
populix.co,"In @channelnewsasia Insider’s special coverage, Populix CEO and Co-Founder, Timothy Astandu shared his views on the ‘brain drain’ phenomenon, the growing trend of highly skilled and educated Indonesians pursuing careers abroad. He emphasized that this could become a serious concern for the country, as it risks losing a valuable pool of quality human resources.

Watch the full video on CNA Insider’s YouTube channel: https://populix.id/populixCNA

📊 Uncover the motivations behind Indonesian professionals working abroad in the complete Populix report:populix.id/IndonesianWorkforce

——————————————
Dalam liputan khusus CNA Insider, CEO & Co-Founder Populix, Timothy Astandu, membagikan pandangannya tentang fenomena ‘brain drain’, yakni tren meningkatnya profesional Indonesia yang terampil dan berpendidikan yang memilih berkarier di luar negeri. Ia menekankan bahwa kondisi ini bisa menjadi perhatian serius bagi negara karena berisiko kehilangan sumber daya manusia berkualitas.

🎥 Tonton video lengkapnya di kanal YouTube CNA Insider: https://populix.id/populixCNA

📊 Temukan motivasi di balik keputusan profesional Indonesia bekerja di luar negeri dalam laporan lengkap dari Populix: populix.id/IndonesianWorkforce

#Populix #NextGenResearch #Career #careerdevelopment #karir #KaburAjaDulu",https://www.instagram.com/p/DL9rHDTRxwI/
populix.co,"The automotive industry has been undergoing continuous transformation over the years. 🚗

In the EV Outlook discussion hosted by Populix and @forwot , Susan Adi Putra, our Associate Head of Quantitative Research, shared findings from Populix’s report that highlight how consumer perceptions are shaping the future of electric vehicles (EVs). He cited that technological advancements and charging infrastructure are among the key drivers influencing future EV usage.

These insights signal growing optimism toward Indonesia’s automotive market, which is becoming increasingly open to innovation. So, what does this mean for the future of the industry? What challenges and opportunities lie ahead?

📥 Explore the full insights in the Populix x FORWOT EV Outlook report:
https://populix.id/evrep1 (or click the link in our bio)

——
Industri otomotif tengah memasuki fase transisi dari tahun ke tahun 🚗 

Dalam diskusi EV Outlook yang diselenggarakan oleh Populix dan @forwot , Susan Adi Putra, Associate Head of Quantitative Research Populix, membagikan temuan dari laporan terbaru Populix yang menunjukkan bagaimana persepsi konsumen membentuk masa depan kendaraan listrik (EV) di Indonesia. Ia menyampaikan bahwa kemajuan teknologi dan infrastruktur pengisian daya menjadi dua faktor kunci yang mendorong penggunaan EV di masa depan.

Insight ini mencerminkan optimisme yang semakin meningkat terhadap pasar otomotif Indonesia, yang kini semakin terbuka terhadap inovasi. Lantas, apa makna semua ini bagi masa depan industri? Tantangan dan peluang apa saja yang akan muncul?

📥 Temukan jawabannya di laporan lengkap Populix:
https://populix.id/evrep1 (atau klik link di bio)

#Populix #NextGenReserch #electricvehicles #automotiveindustry #marketresearch #consumerinsights #otomotif",https://www.instagram.com/p/DLzYYNPTAu8/
populix.co,"The electric vehicle (EV) market in Indonesia is showing promising growth, but key challenges remain, especially around infrastructure and user experience.

So, what do Indonesian consumers really think about EVs? And why does it matter for automakers?

📊 Find the answers in Populix’s report on Indonesia’s evolving EV landscape.

📥 Grab your copy now at https://populix.id/evrep1 (or tap the link in our bio)

——————
Perkembangan kendaraan listrik di Indonesia terus menunjukkan tren positif. Namun, masih ada sejumlah tantangan yang menghambat pertumbuhannya, terutama dari sisi infrastruktur dan pengalaman pengguna.

Lalu, bagaimana persepsi masyarakat Indonesia terhadap kendaraan listrik?

Temukan insight lengkapnya dalam laporan Populix yang mengupas dinamika EV di tanah air.

📥 Unduh sekarang di: https://populix.id/evrep1 (atau klik link di bio)

#Populix #NextGenResearch #AutomotiveIndustry #ElectricVehicle #kendaraanlistrik  #otomotif #marketresearch #risetpasar",https://www.instagram.com/p/DLrnzbYRWT0/
populix.co,"🎬 A New Chapter for Indonesian Cinema

After decade of being dominated by horror, more and more local films are now bringing fresh stories and bold visuals to the big screen! From heartwarming local animation like JUMBO to imaginative fantasy dramas like SORE, Indonesian audiences are showing growing enthusiasm for new and diverse genres. 

Curious about the latest audience trends?

Get in touch with us at 🔗 info.populix.co/contact-us
---

🎬 A New Chapter for Indonesian Cinema

Setelah lama didominasi genre horor, kini makin banyak film lokal yang hadir dengan cerita segar dan visual yang berani beda! Dari animasi lokal yang hangat seperti JUMBO hingga drama fantasi seperti SORE, penonton Indonesia kini semakin antusias menyambut genre-genre yang berbeda.

Penasaran sama tren selera penonton?

Hubungi kami di 🔗info.populix.co/contact-us

#Populix #NextGenResearch #marketresearch #movieindustry #film #cinema #movieindonesia #filmindonesia #soreistridarimasadepan #jumbo",https://www.instagram.com/p/DMpmWe6zqGs/
populix.co,"Hajj is a sacred obligation for every Muslim who is physically and financially able to undertake the journey.

But as costs continue to rise, this spiritual goal is becoming increasingly out of reach.

From long wait times to rising expenses, the path to Hajj is growing more complex for many Indonesians.

Swipe to discover how financial realities are influencing Hajj preparation in Indonesia.🕋➡️

——————

Haji adalah kewajiban suci bagi setiap Muslim yang mampu secara fisik dan financial.

Namun, seiring meningkatnya biaya, impian untuk menunaikan ibadah ini terasa semakin sulit diwujudkan.

Dari lamanya masa tunggu hingga biaya yang terus melonjak, perjalanan menuju Haji kini menjadi tantangan besar bagi mayoritas umat Muslim di Indonesia.

Swipe untuk melihat bagaimana umat Muslim Indonesia menyesuaikan rencana hajinya 🕋➡️

#Populix #NextGenResearch #MarketResearch #Hajj2025 #haji2025 #hajiplus #hajifuroda #HajiIndonesia",https://www.instagram.com/p/DKt4OJlxI9L/
populix.co,"Gen Z makes up the latest wave of young professionals entering the workforce. However, they often face stereotypes and criticism, one of the most common being that they frequently switch jobs in a short span of time.

Are they really less committed, or is there more to the story? 

Our 2024 study, Gen Z Stereotypes in the Workplace, explores how long Gen Z plan to stay in their jobs and what they value most in a workplace.

📊 Swipe to get a glimpse of the insights →

——————————

Gen Z kini jadi angkatan kerja baru yang mulai aktif di dunia profesional. Tapi sayangnya, mereka sering mendapat cap negatif, salah satunya dianggap sebagai ‘kutu loncat’ yang suka berpindah-pindah kerja dalam waktu singkat.

Benarkah mereka kurang loyal, atau sebenarnya ada alasan lain di baliknya?

Studi Populix tahun 2024 berjudul Stereotip Gen Z di Dunia Kerja membahas lebih dalam tentang aspirasi karier Gen Z dan hal-hal yang mereka nilai dari tempat kerja.

📊 Swipe untuk lihat insight lengkapnya →

#Populix #NextGenResearch #GenZ #career #research #genzstereotypes #workforce",https://www.instagram.com/p/DKzAWRSztFa/
populix.co,"Gen Z and Millennials are becoming more selective when it comes to choosing skincare. They are no longer just following trends, but also considering values, ingredients, and environmental impact. 🌿

Populix surveyed 1,100 Gen Z and Millennial respondents across Indonesia to find out which skincare trends are expected to stay relevant in the future.

👉 Swipe to explore the insights & scan the QR code to download the full report.

——————————

Gen Z dan Milenial semakin selektif dalam memilih produk, bukan hanya mengikuti tren, tapi juga mempertimbangkan nilai, kandungan, hingga dampak lingkungan🌿

Populix melakukan survei terhadap 1.100 responden di seluruh Indonesia untuk melihat tren skincare apa saja yang diprediksi akan tetap relevan ke depannya.

👉 Swipe untuk melihat insight-nya & scan QR code untuk mengunduh laporan lengkapnya.

#Populix #NextGenResearch #MarketResearch #Beauty #SkincareTrends #ConsumerBehavior #skincarelokal",https://www.instagram.com/p/DK9TrgvTMh7/
populix.co,"The back-to-school season is here, and it’s more than just a time for new uniforms and fresh stationery 🎒📚

For brands and retailers, this period marks one of the most important shopping moments that signals broader consumer behaviors ahead of the holiday season.

Populix’s latest report reveals that 63% of parents still prefer shopping in local stationery stores, highlighting the continued importance of physical retail, even as online options grow.

Want to dive deeper into the data? 📊
Grab the full report today! Limited offer: ̶I̶D̶R̶ ̶2̶,̶5̶0̶0̶,̶0̶0̶0̶now only IDR 1,250,000

🔗 Scan the QR code or click the link in our bio to access it now!
—-———————————————

Libur sekolah menjelang tahun ajaran baru adalah momen penting bagi brand dan pelaku retail untuk memahami perilaku belanja keluarga.

Laporan terbaru Populix mengungkap bahwa 63% orang tua masih lebih memilih berbelanja kebutuhan sekolah di toko alat tulis fisik. Ini menegaskan bahwa peran retail offline tetap kuat, meskipun pilihan belanja online semakin beragam.

Penasaran dengan insight lengkapnya? 📊
Unduh laporan lengkapnya sekarang dan nikmati diskon eksklusif 50%!
🔗 Scan QR code atau klik tautan di bio kami untuk mengakses laporan.

#Populix #NextGenResearch #MarketResearch #backtoschool #retail #libursekolah #tahunajaranbaru",https://www.instagram.com/p/DLGxqSfT_qH/
populix.co,"School holidays are here, and families are making memories!

But where do they go for entertainment and quality time?

Our study reveals that Indonesian families seek out various leisure and entertainment activities, from playgrounds and arcades to amusement parks🎡🎢

You can learn more about this trend in our premium report, “Navigating Family Trends: Insights into Kids’ Playsite Preferences.” This comprehensive study dives deep into Indonesian families’ preferences for visiting playsites during peak holiday seasons, with enhanced analysis across various profiles and demographics.

Grab the full report today!
Limited offer: I̶D̶R̶ 2̶,5̶0̶0̶,0̶0̶0̶ now only IDR 1,250,000 

🔗 Scan the QR code or click the link in our bio to access it now!

-————————-

Libur sekolah telah tiba! Kira-kira, ke mana saja keluarga Indonesia menghabiskan waktu libur kali ini?

Studi Populix mengungkap bahwa banyak keluarga memilih mengisi waktu dengan mengunjungi pusat rekreasi dan hiburan, mulai dari playground, arcade, hingga taman hiburan. 🎡🎢

Temukan insight lengkapnya dalam laporan premium Populix berjudul “Navigating Family Trends: Insights into Kids’ Playsite Preferences.”

Laporan komprehensif ini mengulas preferensi keluarga Indonesia dalam memilih tempat bermain selama musim liburan, lengkap dengan analisis mendalam berdasarkan profil dan demografi.

Dapatkan laporannya hari ini!
Promo terbatas: I̶D̶R̶ 2̶,5̶0̶0̶,0̶0̶0̶  sekarang hanya IDR 1.250.000

🔗 Scan QR code atau klik tautan di bio kami untuk akses langsung ke laporannya!

#Populix #NextGenResearch #MarketResearch  #holiday #libursekolah #tahunajaranbaru #libursemester",https://www.instagram.com/p/DLPW61RTRVR/
populix.co,"Buying a home is one of the most significant financial decisions many of us will ever make.

Despite a strong desire for homeownership, younger generations (Gen Z and Millennials) are facing a steeper and more complex journey than ever before.

👉 Swipe to uncover the real truth behind their homebuying considerations, and explore deeper insights through our enterprise solutions by contacting us at info.populix.co/contact-us
—————————————————

Membeli rumah adalah salah satu keputusan finansial terbesar dalam hidup banyak orang.

Meski keinginan memiliki rumah tinggi, generasi muda (Gen Z dan Millennial) dihadapkan pada tantangan yang semakin kompleks dalam mewujudkan kepemilikan rumah.

👉 Geser untuk mengungkap realita di balik pertimbangan mereka dalam membeli rumah, dan temukan insight yang lebih mendalam lewat enterprise solutions kami dengan menghubungi info.populix.co/contact-us

#Populix #NextGenResearch #MarketResearch #Homeownership #property #kreditpemilikanrumah #risetpasar",https://www.instagram.com/p/DLXJfrSz0cY/
populix.co,"How is Indonesia’s Electric Vehicle (EV) landscape evolving, and what do consumers really think?

Populix, in collaboration with Forum Wartawan Otomotif (FORWOT), invites you to join the Outlook Discussion: Exploring EV Dynamics in Indonesia, Consumers’ Perception & Market Insights.

🗓️ Tuesday, July 1, 2025 | 15:30–18:00 WIB
📍 Dailah Sajian Nusantara, Jl. Brawijaya III No. 9, Kebayoran Baru

In this session, you will hear directly from key industry figures:
•⁠ ⁠Susan Adi Putra – Associate Head of Research for Automotive, Populix
•⁠ ⁠Luther T. Panjaitan – Head of Marketing PR & Government Relations, BYD Indonesia
•⁠ ⁠William Kusuma – Head of CEO Office, ALVA
•⁠ ⁠Prof. Dr. rer. nat. Evvy Kartini – Founder, National Battery Research Institute

🎟️ Register now via: populix.id/pf1
Seats are limited, don’t miss this insightful discussion!

———————

Bagaimana perkembangan lanskap kendaraan listrik di Indonesia, dan seperti apa pandangan konsumen tentang EV?

Populix bersama Forum Wartawan Otomotif (FORWOT) akan menggelar Outlook Discussion: Mengupas Dinamika EV di Indonesia, Tanggapan Konsumen, & Insight Pasar.

Selasa, 1 Juli 2025, 15.30–18.00 WIB
Dailah Sajian Nusantara, Jl. Brawijaya III No. 9, Kebayoran Baru

Diskusi ini menghadirkan langsung pemaparan dari:
•⁠ ⁠Susan Adi Putra – Assc. Head of Research for Automotive, Populix
•⁠ ⁠Luther T. Panjaitan – Head of Marketing PR & Government Relations, BYD Indonesia
•⁠ ⁠​William Kusuma - Head of CEO Office, ALVA
•⁠ ⁠⁠Prof. Dr. rer. nat. Evvy Kartini - Founder National Battery Research Institute

​🎟️ Segera daftar sekarang via: populix.id/pf1
Tempat terbatas, pastikan kamu menjadi bagian dari diskusi strategis ini!

#Populix #NextGenResearch #ElectricVehicle #Automotive #otomotif #kendaraanlistrik #mobillistrik #industriotomotif #otomotifindonesia #risetpasar #marketresearch #marketinsights",https://www.instagram.com/p/DLhL9yqxSyF/
populix.co,"Weddings aren’t just about picking the perfect venue or decorations anymore.

For Gen Z and Millennial couples, planning a wedding means thinking through timelines, financial prep, and making sure everyone’s on the same page.👰🏻🤵🏻‍♂️

Our study dives into how these two generations approach wedding planning, highlighting both their differences and shared values, especially around financial decision-making and key factors in choosing a wedding date. 📆💍

🔍 Curious to learn more? Check out the full report here: https://populix.id/WeddingPlanning

—
Pernikahan zaman sekarang nggak cuma soal pilih venue atau dekorasi yang sempurna.

Bagi pasangan Gen Z dan Milenial, merencanakan pernikahan juga melibatkan banyak hal, mulai dari atur timeline, persiapan finansial, hingga kesepakatan dengan berbagai pihak yang terlibat 👰🏻🤵🏻‍♂️

Dalam laporan ""Pre & Post Wedding: Financial Planning & Management"", Populix mengulas bagaimana kedua generasi ini merencanakan pernikahan, menyoroti perbedaan dan kesamaan mereka, terutama dalam hal pengambilan keputusan keuangan dan hal penting lainnya.

🔍 Penasaran sama hasil lengkapnya?
 Cek laporan selengkapnya di sini: https://populix.id/WeddingPlanning

#Populix #NextGenResearch #ConsumerTrends #WeddingPlanning #GenZ #Millennials #MarketInsights #FinancialPlanning",https://www.instagram.com/p/DLZm2kVx3fr/
populix.co,"On Tuesday, July 1st, Populix proudly hosted an insightful Outlook Discussion in collaboration with FORWOT (Forum Wartawan Otomotif), exploring the future of electric vehicles in Indonesia, consumer perceptions, and market readiness.

The session was moderated by Susan Adi Putra, Associate Head of Automotive Research at Populix, and featured perspectives from key industry leaders:
🔹 Patricia Ayu, Public Relations Supervisor BYD (four-wheeled EVs)
🔹 William Kusuma, Head of CEO Office, ALVA (two-wheeled EVs)
🔹 Prof. Dr. rer. nat. Evvy Kartini, Co-Founder of NBRI, a pioneer in battery manufacturing research in Indonesia.

Thank you to all the speakers, moderator, and attendees who contributed to this insightful discussion! 🙌

Curious about what went on during the event? Check out the highlights in this video!
📩 And don’t forget to download the full report here: https://populix.id/evrep1

#Populix #NextGenResearch #EVIndonesia #FORWOT #MarketResearch #EventRecap #ElectricVehicle #Indonesia #Event",https://www.instagram.com/p/DLmmi8ATfhV/
populix.co,"🎉 SELAMAT KEPADA PARA PEMENANG!

Populix bersama @tifafoundation_id resmi menutup rangkaian kompetisi Lomba Artikel Analisis Data: Indeks Keselamatan Jurnalis 2024 dengan apresiasi yang tinggi bagi seluruh peserta yang telah menyuarakan isu keselamatan jurnalis melalui tulisan berbasis data.

Seluruh karya telah dinilai secara menyeluruh oleh tim juri melalui proses evaluasi dan kalibrasi yang ketat. Setelah meninjau kualitas analisis, kedalaman interpretasi, orisinalitas, struktur tulisan, dan visualisasi data, terpilihlah artikel-artikel terbaik dari masing-masing kategori kelompok seperti yang tertera pada postingan di atas.

🎁 Para pemenang berhak mendapatkan hadiah senilai:

Kategori A & B
🥇 Juara 1: Rp2.500.000
🥈 Juara 2: Rp1.500.000
🥉 Juara 3: Rp1.000.000
🏅 Juara Favorit: Rp500.000

Seluruh pemenang akan dihubungi langsung oleh tim Populix melalui email dalam 7 hari ke depan.

Sekali lagi, terima kasih atas partisipasi luar biasa dari seluruh peserta! 🙌

Sampai jumpa di kesempatan berikutnya!

#LombaArtikel2024 #IndeksKeselamatanJurnalis #TIFAFoundation #Populix #WritingCompetition #JurnalismeAman",https://www.instagram.com/p/DLkFdmLTinB/
populix.co,"According to Populix's study, one of the key barriers hindering the adoption of electric vehicles (EVs) in Indonesia is the limited availability of battery charging stations.

As the EV industry continues to grow, infrastructure development has become a top priority.

In the recent EV Outlook discussion hosted by Populix in collaboration with FORWOT, William Kusuma, Head of CEO Office at @alvaauto.ev , shared how the company is addressing this challenge by establishing boost charging stations across Indonesia, making it easier for ALVA users to access fast and reliable charging services.

This advancement marks a significant step toward building an EV-ready environment one that not only drives innovation in vehicles but also ensures accessible, widespread infrastructure to support the transition.

Curious about more insights on EV dynamics?
📥 Download the full EV Outlook 2025 report here:
🔗 https://populix.id/evrep1 (or click the link in our bio)

-------
Menurut riset Populix, salah satu hambatan utama dalam adopsi kendaraan listrik (EV) di Indonesia adalah terbatasnya ketersediaan stasiun pengisian daya baterai.

Dalam diskusi EV Outlook yang diselenggarakan oleh Populix bersama FORWOT, William Kusuma, Head of CEO Office di @alvaauto.ev , membagikan bagaimana ALVA menjawab tantangan ini dengan membangun boost charging station di berbagai wilayah Indonesia untuk memudahkan pengguna.

Langkah ini menjadi bukti nyata terbentuknya ekosistem EV yang siap pakai bukan hanya mengandalkan inovasi kendaraan, tetapi juga memperkuat ketersediaan infrastruktur pendukung yang luas dan mudah diakses.

Penasaran dengan insight lainnya?
📥 Unduh laporan lengkap EV Outlook 2025 di sini: 🔗 https://populix.id/evrep1 (atau klik tautan di bio)

#Populix #NextGenReserch #electricvehicles #automotiveindustry #marketresearch #consumerinsights #otomotif",https://www.instagram.com/p/DL17lYLxv93/
populix.co,"Men and women shop for local skincare with different priorities.

👨 For men, affordability takes the lead, effectiveness (37%) and accessibility in nearby stores (29%) also rank high.

👩 Meanwhile, 53% of women go for local products because they work best for their skin. Price comes second (38%), followed by formulas suited for tropical climates (26%).

Want deeper insights into Indonesia’s skincare market?

Populix’s latest report offers an in-depth look at purchasing habits, regional and gender-based preferences, and emerging trends.

🔗 Download the full report via link in bio.

————————————————

Laki-laki dan perempuan ternyata punya alasan yang berbeda saat memutuskan memilih skincare lokal.

👨 Bagi pria, harga yang murah jadi alasan utama. Selain itu, efektivitas (37%) dan ketersediaan di toko terdekat (29%) juga menjadi faktor penting.

👩 Sementara itu, 53% responden wanita memilih produk lokal karena lebih cocok di kulit mereka. Harga (38%) menempati urutan kedua, disusul oleh formula yang dinilai lebih sesuai dengan iklim tropis (26%).

Ingin tahu lebih banyak soal perilaku konsumen skincare di Indonesia?

Laporan terbaru Populix membahas pola belanja, preferensi berdasarkan gender & wilayah, sampai tren skincare yang akan diminati di masa depan.

Klik link di bio untuk akses laporan lengkapnya!

#Populix #NextGenResearch #MarketResearch #Beauty #SkincareTrends #ConsumerBehavior #skincarelokal",https://www.instagram.com/p/DJ3qTv0z9rK/
populix.co,"Have you ever been interested in pursuing a career abroad? 🌏

For many Indonesian professionals today, the decision to work overseas is no longer just about relocating; it’s a strategic move to broaden their perspectives, deepen their experience, and accelerate career growth 💼

In an increasingly global job market, pursuing a cross-border career is now seen as a way to enhance competitiveness, expand international networks, and test one’s capabilities in more complex and dynamic work environments.

Curious to explore what’s driving this trend among Indonesia’s workforce? Download the full report 🔗https://populix.id/IndonesianWorkforce

----------

Pernah terpikirkan untuk membangun karier di luar negeri?

Bagi para profesional Indonesia, bekerja lintas negara adalah cara untuk keluar dari zona nyaman dan membuka peluang yang mungkin tak bisa ditemukan di dalam negeri.

Tak hanya itu, semakin bakin banyak yang melihat peluang karier internasional sebagai cara untuk meningkatkan daya saing, menambah wawasan dan pengalaman, memperluas koneksi, dan mengasah kemampuan di lingkungan kerja yang lebih kompleks dan dinamis.

Penasaran kenapa tren ini makin populer di kalangan pekerja Indonesia?
📥 Unduh laporan lengkapnya di: https://populix.id/IndonesianWorkforce

#Populix #NextGenResearch #workforce #workingabroad #kaburajadulu",https://www.instagram.com/p/DKJyPq2Rkld/
populix.co,"⏳ H-7 MENUJU PENUTUPAN PENDAFTARAN!

Beberapa peserta sudah mengirimkan karya terbaik mereka—memaparkan analisa dan pandangannya terkait isu keselamatan jurnalis di Indonesia.

Sekarang saatnya giliran kamu! Segera publikasikan dan submit artikelmu untuk raih kesempatan memenangkan total hadiah senilai Rp10 juta!

📅 Batas akhir pengumpulan: 24 Mei 2025
🔗 informasi lebih lanjut: info.populix.co/articles/lomba-ikj2024

Follow @tifafoundation_id & @populix.co untuk info dan update terbaru.

#LombaArtikel2024 #IndeksKeselamatanJurnalis #TIFAFoundation #Populix #JurnalismeAman #WritingCompetition",https://www.instagram.com/p/DJtf20JziQA/
populix.co,"The tech industry keeps evolving, with AI, automation, and digital transformation moving faster than ever. But with rapid change comes new challenges for both companies and professionals.

Our latest Tech Talent Confidence Index, in collaboration with @wenetwork.asia, reveals that while most tech professionals in Indonesia feel confident about their skills, employers don’t always agree.

What’s really behind this disconnect? Scan the QR code to download the full report and uncover the insights shaping Indonesia’s tech workforce.

—————————————

AI, otomatisasi, dan transformasi digital terus berkembang tanpa henti. Laju inovasi ini membawa tantangan baru bagi perusahaan dan para profesional di bidangnya.

Laporan Tech Talent Confidence Index mengungkap bahwa meski sebagian besar tech talent di Indonesia merasa percaya diri dengan kemampuan mereka, pandangan dari sisi perusahaan ternyata berbeda.

Apa yang jadi penyebabnya? Scan QR code-nya untuk unduh laporan lengkap dan temukan insights seputar kondisi tech talent di Indonesia saat ini

#Populix  #WeNetwork #TechTalentConfidenceIndex #TechTalent #Indonesia #JobSecurity #career #skills",https://www.instagram.com/p/DKHGk0fT6zT/
populix.co,"📢 PENDAFTARAN RESMI DITUTUP!

Terima kasih untuk seluruh peserta yang telah berpartisipasi dalam Lomba Artikel Analisis Data: Indeks Keselamatan Jurnalis 2024. Kami sangat mengapresiasi setiap ide, waktu, dan upaya yang telah kamu curahkan dalam menyuarakan isu keselamatan jurnalis melalui tulisan berbasis data.

Seluruh karya tulis akan masuk ke tahap penjurian dan dinilai oleh para ahli berdasarkan kualitas analisis data, kedalaman interpretasi, orisinalitas & inovasi, struktur artikel, serta kreativitas dalam penyajian data dan visualisasi. Kami percaya, setiap tulisan memiliki sudut pandang unik yang layak diapresiasi.

Untuk kamu yang sudah mendaftar namun belum mengirimkan artikel, kamu masih punya waktu!

📄 Batas akhir pengumpulan artikel DIPERPANJANG hingga 4 Juni 2025.

🏅 Nantikan pengumuman pemenangnya pada 17 Juni 2025!

📲 Jangan lupa follow @populix.co dan @tifafoundation_id agar tidak ketinggalan update selanjutnya!

#LombaArtikel2024 #IndeksKeselamatanJurnalis #Populix #TIFAFoundation #JurnalismeAman #WritingCompetition",https://www.instagram.com/p/DKB_MNrTre6/
populix.co,"⏰ Tinggal 1 Hari Lagi!

Batas akhir pengumpulan artikel Lomba Artikel Analisis Data: Indeks Keselamatan Jurnalis 2024 akan ditutup besok, 4 Juni 2025!

Beberapa peserta sudah mengirimkan karya terbaik mereka dan memaparkan analisa dan pandangannya terkait isu keselamatan jurnalis di Indonesia.

📩 Jangan sampai ketinggalan untuk mempublikasikan dan mengirimkan artikelmu!

Selanjutnya, seluruh karya tulis akan masuk ke tahap penjurian mulai dari 5 - 20 Juni 2025.

Karya terbaik dari masing-masing kelompok peserta kategori A (Mahasiswa S1 & S2) dan kategori B (Mahasiswa S3 dan dosen aktif) akan diumumkan pada 23 Juni 2025. 

Follow @tifafoundation_id & @populix.co untuk info dan update terbaru.

#LombaArtikel2024 #IndeksKeselamatanJurnalis #TIFAFoundation #Populix #JurnalismeAman #WritingCompetition",https://www.instagram.com/p/DKbSBPQvTh3/
populix.co,"Still Googling everything? Or have you started asking AI instead?

We ran a quick survey to find out where people are turning for answers in 2025, amid the rise of Large Language Model (LLM)-based chatbots like ChatGPT and Gemini.

Swipe to see what the data says ➡️

-————————————-

Masih suka cari informasi di Google, atau sekarang lebih sering tanya ke AI?

Populix melakukan survei singkat untuk melihat bagaimana orang-orang mencari informasi di tengah maraknya penggunaan chatbot berbasis Large Language Models (LLMs) seperti ChatGPT dan Gemini.

Yuk, swipe untuk lihat hasilnya ➡️

#Populix #NextGenResearch #ConsumerBehavior #ChatGPT #Gemini #ArtificialIntelligence #technology #teknologi",https://www.instagram.com/p/DKMNop7zMlq/
populix.co,"Peduli dengan isu keselamatan jurnalis? Saatnya bersuara lewat tulisan berbasis data!

Yayasan TIFA berkolaborasi dengan Populix akan menggelar Lomba Artikel Analisis Data Indeks Keselamatan Jurnalis 2024.

Kompetisi ini mengajak mahasiswa hingga dosen untuk mengasah kemampuan analisis data berbasis riset dan memperdalam pemahaman soal isu keselamatan jurnalis di Indonesia.

Mengacu pada temuan Indeks Keselamatan Jurnalis 2024, peserta didorong untuk menggali insight dan berkontribusi dalam kajian akademik, advokasi, maupun arah kebijakan.

🏆 Total hadiah Rp10 JUTA
📅 Pendaftaran dibuka: 24 April 2025

Follow @tifafoundation_id dan @populix.co untuk info lengkap dan update terbaru.

Jangan lewatkan kesempatan untuk unjuk kemampuan analisis dan menulismu!

#Populix #NextGenResearch #TifaFoundation #YayasanTifa #LombaArtikel #LombaKaryaTulis #WritingCompetition #IndeksKeselamatanJurnalis",https://www.instagram.com/p/DIvq3uvzbgs/
populix.co,"Awal tahun 2025 ini, masyarakat Indonesia dibuat terpukau dengan kehadiran film animasi karya anak bangsa yang berjudul JUMBO! 🇮🇩

Diproduksi oleh lebih dari 200 animator lokal dan butuh waktu 5 tahun untuk diselesaikan film ini jadi bukti nyata kalau industri animasi Indonesia gak kalah keren! 🔥✨

Menurut hasil survei Populix, dari 4.539 responden, 34% di antaranya nonton Jumbo karena ingin mendukung industri animasi dalam negeri. Kalau kamu udah nonton belum? Atau masih masukin Jumbo ke daftar watchlist? 👀👇

#Populix #PopulixInsights #NexGenResearch #Survey #FilmJumbo #AnimasiIndonesia #KaryaAnakBangsa #DataPopulix",https://www.instagram.com/p/DIg8fc9yl-j/
populix.co,"In today’s digital age, managing money has become more personalized and tech-driven than ever. From mobile banking to budgeting apps, young generation have plenty of tools at their fingertips.

Populix’s latest study reveals that 53% of Gen Z and Millennials use e-wallets to manage their everyday finances, followed by 40% who use mobile banking and 24% who rely on digital banks. In contrast, less than 10% still use manual tracking methods like spreadsheets or financial planner apps.

This reflects a broader shift toward digital-first financial behavior, where convenience, instant access, and mobile-native solutions are redefining how the younger generation manages their money.

🔍 Uncover more insights in our full report  populix.id/YouthFinancial

—————————

Di era digital saat ini, pengelolaan keuangan menjadi semakin praktis berkat hadirnya berbagai aplikasi yang menyediakan fitur budgeting.

Studi terbaru Populix mengungkap bahwa 53% Gen Z dan Milenial menggunakan e-wallet untuk mengatur keuangan sehari-hari, diikuti oleh 40% yang menggunakan mobile banking dan 24% yang mengandalkan bank digital. Sebaliknya, kurang dari 10% masih menggunakan metode manual seperti spreadsheet atau aplikasi perencana keuangan.

Temuan ini jadi bukti bahwa gaya kelola keuangan generasi muda kini makin serba digital dan mobile.

🔍 Temukan insight lengkapnya di laporan kami: populix.id/YouthFinancial

#Populix #NextGenResearch #marketresearch #manajemenkeuangan #risetpasar #financialplanning #genZ #millennials #finance",https://www.instagram.com/p/DMNCu0pSzcD/
populix.co,"REGISTRATION IS NOW OPEN! 📣

Saatnya kamu berkontribusi lewat tulisan berbasis data untuk mendukung keselamatan jurnalis di Indonesia.

Kebebasan pers adalah pilar penting demokrasi. Namun, jurnalis di Indonesia masih kerap menghadapi berbagai ancaman saat menjalankan tugasnya. Bersama @tifafoundation_id, Populix menghadirkan Indeks Keselamatan Jurnalis 2024—sebuah inisiatif riset yang mengukur dan mengevaluasi kondisi keselamatan jurnalis di berbagai wilayah Indonesia.

Berdasarkan data dari indeks ini, kami mengundang mahasiswa aktif hingga dosen untuk menunjukkan kemampuan menulis dan analisis, serta menyuarakan opini terkait isu keselamatan jurnalis melalui artikel berbasis riset.

🏆 Total hadiah: Rp10 JUTA
📅 Periode pengumpulan: 24 April – 24 Mei 2025
👥 Terbuka untuk mahasiswa S1–S3 & dosen aktif di seluruh Indonesia
🔗 Scan QR di poster atau kunjungi: https://info.populix.co/articles/lomba-ikj2024

Jangan sampai ketinggalan! Follow @tifafoundation_id dan @populix.co untuk info terbaru seputar lomba ini.

#Populix #NextGenResearch #TifaFoundation #YayasanTifa #LombaArtikel #LombaKaryaTulis #WritingCompetition #IndeksKeselamatanJurnalis",https://www.instagram.com/p/DI0yfuKTXz5/
populix.co,"As we commemorate May Day, it’s a timely reminder that the fight for fair wages is far from over.

Populix’s latest survey among Indonesian workers, titled “Survei Kesadaran Hak-Hak Dasar Karyawan” (August 2024), reveals a concerning reality: 32% of respondents are still earning below the minimum wage standard (UMP/UMR) in their region.

While many reported salaries that meet or slightly exceed minimum wage levels, a significant portion remains underpaid, highlighting ongoing challenges in achieving fair and equitable compensation for Indonesian workers.

What are your hopes for the future of labor rights in Indonesia? Share your thoughts with us below👇

——

Dalam memperingati Hari Buruh, kita diingatkan kembali bahwa perjuangan untuk upah yang layak masih jauh dari selesai.

Survei terbaru Populix terhadap pekerja di Indonesia, yang berjudul “Survei Kesadaran Hak-Hak Dasar Karyawan” (Agustus 2024), mengungkapkan fakta bahwa 32% responden mengaku menerima gaji di bawah standar upah minimum (UMP/UMR) di wilayah mereka.

Meski sebagian besar sudah menerima gaji sesuai UMP/UMR, masih banyak pekerja yang belum menikmati upah layak. Hal ini menandakan bahwa kesenjangan upah masih menjadi tantangan besar bagi pekerja Indonesia.

Apa harapan kamu untuk masa depan pekerja di Indonesia? Yuk share di komentar!👇

#Populix #NextGenResearch #LaborDay #MayDay #MayDay2025 #InternationalWorkersDay #HariBuruh #HakPekerja #KesejahteraanPekerja",https://www.instagram.com/p/DJGQeYRzr3d/
populix.co,"For millions of Indonesians, motorcycles aren’t just transportation; they’re part of everyday life. From daily commutes, food deliveries to weekend trips and emerging EV habits, 2-wheelers are deeply embedded in how Indonesians live, work, and move.

Populix’s exclusive 2-Wheelers Panel connects you with over 80,000 real riders across the country. From ICE to EV users, we uncover key behaviors like purchase triggers, maintenance routines, and charging challenges—giving brands in automotive, finance, energy, and lifestyle a strategic edge.

Ready to tap into this panel?🛵📊

Let’s talk and unlock sharper insights to fuel your next move!

#Populix #NextGenResearch #Automotive #consumerinsights #ElectricVehicles #ConsumerBehavior",https://www.instagram.com/p/DJYVXJWz5Px/
populix.co,"We’re proud to announce the successful completion of our Series B first round funding.

This milestone is more than just a company achievement—it reflects the growing trust in the power of insights and the strength of local innovation to thrive beyond borders, even in today’s dynamic market environment.

👉 Tap through the slides to read more about our journey and what’s next.

#Populix #NextGenResearch  #StartupFunding #Funding #ConsumerInsights",https://www.instagram.com/p/DItJ6jxz32V/
populix.co,"Electric vehicles are growing fast in Indonesia, but there are still some big challenges to overcome.

From consumer sentiment to ground-level challenges, navigating this market requires sharp insight.

Curious how your brand can move smarter in Indonesia’s evolving EV space? Let’s talk with our research experts at 🔗  info.populix.co/contact-us

—————————————————-
Potensi industri kendaraan listrik di Indonesia semakin besar, tapi bukan berarti tanpa tantangan.

Dari kesiapan infrastruktur hingga kepercayaan konsumen, banyak faktor yang perlu dipahami agar langkah bisnis di sektor ini berjalan tepat sasaran.

Ingin memahami lebih dalam dinamika pasar EV di Indonesia? Yuk, diskusikan bersama tim kami di🔗 info.populix.co/contact-us

#Populix #NextGenResearch #automotive #electricvehicle #kendaraanlistrik #mobillistrik #consumerinsights #otomotif #otomotifindonesia",https://www.instagram.com/p/DJq7emgTUTZ/
populix.co,"More and more Indonesian consumers, especially Millennials and Gen Z are turning to local skincare brands that feel more relevant, more affordable, and better tailored to their needs.

But global brands aren’t standing still. K-beauty remains the most influential player in global skincare trends, with 72% of respondents showing interest.

So, what truly drives skincare choices today? Populix unpacks it all in our latest study. From purchasing habits and regional or gender-based preferences to emerging trends, this report offers key insights for beauty brands navigating an evolving market.

📲 Tap the link in bio or scan the QR code to access the full report.

——————————————-

Semakin banyak konsumen Indonesia, terutama Milenial dan Gen Z yang beralih ke brand skincare lokal yang dinilai lebih relevan, lebih terjangkau, dan lebih sesuai dengan kebutuhan mereka.

Namun, k-beauty masih menjadi pemain paling berpengaruh dalam tren skincare global, dengan 72% responden menunjukkan ketertarikan.

Lantas, apa yang benar-benar memengaruhi keputusan konsumen dalam memilih produk skincare? 

Semua terjawab dalam laporan terbaru dari Populix. Mulai dari kebiasaan belanja, preferensi berdasarkan wilayah dan gender, hingga tren yang sedang berkembang—laporan ini menyajikan insight penting bagi brand kecantikan yang ingin tetap relevan di market.

📲 Klik link di bio atau scan QR code untuk akses laporan lengkapnya.

#Populix #NextGenResearch #MarketResearch #ConsumerInisghts #Beauty #Skincare #consumerbehavior #beautytrends #skincarebpom",https://www.instagram.com/p/DJtJU3dz-PE/
populix.co,"Eid al-Adha Mubarak to everyone celebrating! 🐐🌙

As part of this sacred occasion, many Muslims observe the qurban ritual, a profound act of devotion and giving for those who are able. Our latest survey shows that 32% of Indonesian Muslim respondents have performed qurban, with 18% doing so every year.

Swipe to explore the insights behind this sacred ritual ➡️

—-——————————————————

Selamat Hari Raya Iduladha untuk semua yang merayakan! 🐐🌙

Dalam momen suci ini, banyak umat Muslim menjalankan ibadah qurban, sebuah bentuk pengabdian dan kepedulian yang dijalankan oleh mereka yang mampu. Survei terbaru kami menunjukkan bahwa 32% responden Muslim di Indonesia pernah berqurban, dan 18% di antaranya bahkan melakukannya setiap tahun.

Yuk, swipe untuk lihat lebih banyak insight ➡️

#Populix #NextGenReserach #IdulAdha2025 #Qurban",https://www.instagram.com/p/DKiuxqUz_g6/
populix.co,"More and more consumers are paying closer attention to how much sugar they consume, especially from packaged beverages. In fact, over half of respondents in our latest survey said they actively check sugar levels before making a purchase.

As health awareness grows, so does the demand for transparency. How well does your product align with this growing concern?🤔

————————————————————-

Semakin banyak konsumen yang mulai memperhatikan asupan gula mereka, terutama dari minuman kemasan. Faktanya, lebih dari setengah responden dalam survei Populix mengaku selalu memeriksa kadar gula pada kemasan sebelum membeli produk minuman.

Seiring dengan kesadaran akan gaya hidup sehat, dan konsumen sekarang lebih kritis soal kandungan produk. Jadi, seberapa relevan bisnismu dengan perubahan perilaku konsumen saat ini?🤔

#Populix #NextGenResearch #ConsumerInsights #MarketResearch #PerilakuKonsumen #GayaHidupSehat",https://www.instagram.com/p/DJblnbPTF98/
populix.co,"Happy National Batik Day, everyone! 

As a symbol of heritage, batik continues to evolve, blending tradition with modern fashion trends. Designers are increasingly incorporating batik into contemporary collections, bridging traditional craftsmanship with modern style and boosting the local textile industry. 

But how do Indonesians embrace batik, and when are they most likely to wear it? 
Swipe to discover public opinions on Batik ➡️
----
Selamat Hari Batik Nasional! 🎉

Sebagai simbol warisan budaya, batik terus berkembang seiring waktu, berpadu dengan tren fesyen modern. Kini, semakin banyak desainer yang menghadirkan batik dalam koleksi kontemporer, menghubungkan kerajinan tradisional dengan gaya masa kini sekaligus mendorong industri tekstil lokal.

Tapi, bagaimana sebenarnya masyarakat Indonesia memaknai batik dan kapan mereka paling sering memakainya? 🤔

👉 Geser slide untuk lihat opini publik tentang Batik!
#Populix #NextGenResearch #haribatik #batiknasional #batiknusantara",https://www.instagram.com/p/DPTejbakiPa/
populix.co,"According to a Populix survey of 3,657  respondents, 89.5% said the presence of a halal logo is important when dining at restaurants. Only 6.7% felt neutral, while 3.7% considered it unimportant. This highlights the significant role halal certification plays in shaping dining decisions.

In a country with the largest Muslim population in the world, food is not only about flavor, but also about trust and transparency. For many consumers, a halal logo reflects safety, ethics, and respect for religious values.

As Indonesia’s F&B industry becomes increasingly competitive, understanding and honoring consumer values can be a key differentiator for brands. So, has your brand taken steps to comply with halal standards and build deeper trust with your customers?🤔

—————————————————————

Menurut survei Populix yang dilakukan ke 3.657 responden, 89,5% menyatakan bahwa keberadaan logo halal sangat penting saat memilih tempat makan. Sebanyak 6,7% menyatakan netral, sementara 3,7% menganggap tak penting. 

Di Indonesia, makanan tak hanya dinilai dari rasa, tapi juga dari kejelasan asal-usul dan kepatuhan terhadap nilai-nilai.

Di tengah ketatnya persaingan industri F&B, sudahkah bisnismu menunjukkan komitmen terhadap transparansi dan kepercayaan pelanggan?🤔

#Populix #NextGenResearch #MarketResearch #ConsumerInsights #foodandbeverages #HalalLogo #HalalIndustry #bisniskuliner",https://www.instagram.com/p/DKg_FfARjQa/
populix.co,"In uncertain times, saving and investing habits often serve as a mirror of consumer confidence. The way people manage their money not only reflects their financial capacity, but also the optimism or caution they hold about the future. 

Understanding this balance is key for businesses aiming to anticipate shifts in demand and adapt strategies accordingly.

📥 Explore more insights in the full Consumer Confidence Index 2025 report, and see how Indonesian consumers are navigating today’s economy 🔗populix.id/PopulixCCI2025 (link in bio)

—-——
Di tengah ketidakpastian ekonomi, kebiasaan menabung dan berinvestasi bisa menjadi gambaran seberapa yakin konsumen menghadapi masa depan. Cara orang mengatur keuangan menunjukkan bukan hanya kemampuan finansial, tapi juga rasa optimis atau justru sikap hati-hati dalam membuat keputusan. 

Bagi bisnis, memahami hal ini penting untuk membaca arah perilaku konsumen dan menyiapkan strategi yang relevan.

📥 Cari tahu lebih banyak di laporan Consumer Confidence Index 2025 dan pelajari bagaimana konsumen Indonesia beradaptasi dengan kondisi ekonomi saat ini:🔗populix.id/PopulixCCI2025 (link in bio)

#Populix #NextGenResearch #ConsumerConfidenceIndex #consumerbehavior #marketresearch #economyoutlook #consumerinsights",https://www.instagram.com/p/DO8QAAokl2W/
populix.co,"Nastar tetap jadi primadona kue kering saat hari raya Lebaran! 🍍✨

Riset terbaru Populix mengungkap bahwa 8 dari 10 milenial & gen-Z memilih nastar sebagai kue kering favorit. Selain itu, banyak yang lebih memilih kue buatan UMKM atau kue kemasan bermerek dengan kualitas rasa dan juga harga jadi pertimbangan utama😍🍪

Kalo kalian tim nastar juga atau ada kue favorit lain? 
🤔👇

#Populix #Nexgenresearch  #Lebaran2025 #KueLebaran #kuekering #kuenastar #kastengel",https://www.instagram.com/p/DHuv7hITWV1/
populix.co,"Ternyata kebanyakan Gen Z berencana pakai jasa Wedding Organizer (WO) untuk mewujudkan pernikahan impian mereka, lho! 👰🏻

Gak heran, sih! WO itu emang membantu banget, mulai dari merancang konsep hingga mengurus semua detail acara. Tentunya, hasilnya bakal berbeda-beda tergantung pilihan WO yang dipakai ✨

Kalau kamu, tertarik gak pakai jasa WO buat wedding impianmu? Coba vote!

#Populix #NextGenResearch #Wedding #Pernikahan #FinancialPlanning #dreamwedding",https://www.instagram.com/p/DGK_i7DTufr/
populix.co,"The Indonesian government has seen notable changes recently, and the public is watching closely. With big names and new faces stepping into key positions, these changes have sparked discussions about what citizens expect from their government moving forward.

Swipe through the post to see how the public feels about the reshuffle, what they hope the new ministers focus on, and the priorities that matter most for more effective governance ➡️

—-——
Baru-baru ini, Presiden Prabowo Subianto melakukan reshuffle Kabinet Merah Putih, dengan hadirnya nama-nama besar dan wajah-wajah baru di posisi-posisi penting. Perubahan ini memicu banyak diskusi mengenai apa yang diharapkan masyarakat dari pemerintah ke depannya.

Geser untuk melihat pandangan publik tentang reshuffle, harapan mereka terhadap menteri baru, dan prioritas yang dianggap paling penting untuk pemerintahan yang lebih efektif ➡️

#Populix #NextGenResearch #KabinetMerahPutih #ReshuffleKabinet #PolicyResearch #SocialResearch #government #pemerintahindonesia",https://www.instagram.com/p/DPBbv_TEkaM/
populix.co,"As Indonesia’s electric vehicle (EV) landscape continues to evolve, gaining insights from key industry leaders is more important than ever.

In a recent EV Outlook discussion hosted by Populix in collaboration with @forwot , experts from BYD Indonesia, ALVA, and the National Battery Research Institute (NBRI) shared their perspectives on the EV market, its challenges, and what lies ahead.

🎥 So, what do industry minds think about the future of EVs in Indonesia?
Let’s hear their thoughts in this video! ⬆️

———————

Seiring pesatnya perkembangan kendaraan listrik (EV) di Indonesia, mendapatkan perspektif dari para pelaku industri sangatlah penting.

Dalam diskusi EV Outlook yang baru-baru ini diselenggarakan oleh Populix bekerja sama dengan Forum Wartawan Otomotif @forwot ,  produsen kendaraan listrik seperti BYD Indonesia dan ALVA, dan National Battery Research Institute (NBRI), berbagi pandangan seputar kondisi pasar EV saat ini, tantangan yang dihadapi, serta proyeksi masa depan industri kendaraan listrik di Indonesia.

🎥 Lantas, bagaimana para pelaku industri melihat masa depan EV di Indonesia?

Yuk, simak pandangan mereka dalam video berikut ini! ⬆️
—

#Populix #NextGenReserch #electricvehicles #automotiveindustry #marketresearch #consumerinsights #otomotif",https://www.instagram.com/p/DL4fA6lxEVA/
populix.co,"Populix featured in CNA Insider’s special coverage on the growing interest of young Indonesian professionals in working overseas

Our research found that 82% of young Indonesians are motivated to work abroad, primarily due to the potential for higher income. Other key factors include career advancement, better quality of life, and international exposure. This trend reflects the growing ambition among Indonesia’s youth to pursue global opportunities; economically, professionally, and personally.

🎥 Watch the full video on CNA Insider’s YouTube channel: https://populix.id/populixCNA
📊 Read the full insights at: populix.id/IndonesianWorkforce

—-------------------------
Liputan khusus CNA Insider ikut menyoroti data Populix terkait meningkatnya minat talenta dalam negeri untuk bekerja di negara lain.

Berdasarkan temuan riset Populix,  82% anak muda Indonesia tertarik bekerja di luar negeri, terutama karena potensi gaji yang lebih tinggi. Faktor lain yang turut mendorong minat ini mencakup peluang pengembangan karier, kualitas hidup yang lebih baik, serta pengalaman internasional. Fenomena ini mencerminkan semangat generasi muda Indonesia yang kian besar untuk mengejar peluang global, baik dari sisi ekonomi, profesional, maupun personal.

🎥 Saksikan liputan lengkapnya di kanal YouTube CNA Insider: https://populix.id/populixCNA
📊 Baca insight selengkapnya di: populix.id/IndonesianWorkforce

#Populix #NextGenResearch #Career #careerdevelopment #karir #KaburAjaDulu",https://www.instagram.com/p/DL6rnLQxW-0/
populix.co,"Populix mengucapkan selamat hari raya Idul Fitri 1446 H 🕌✨

Semoga hari raya ini menjadi kesempatan untuk memperkuat ikatan kekeluargaan 🤝👫
Minal aidzin wal faidzin, mohon maaf lahir dan batin 🙏🏻

#Populix #NextGenResearch #eidulfitr #eidmubarak #idulfitri #maaflahirbatin #eid",https://www.instagram.com/p/DH19f84Tdlp/
populix.co,"White Paper Populix Industry Outlook resmi dirilis🚀

Laporan terbaru kami, Populix Industry Outlook: Navigating Economic and Security Challenges in 2025, kini sudah tersedia untuk diakses!

Whitepaper ini melibatkan 1.190 responden survei dan 6 Focus Group Discussion dan mengupas berbagai topik mulai dari pergeseran prioritas konsumsi di era digital, risiko keamanan siber, dampak transformasi digital dan otomasi terhadap pekerjaan, dan tantangan keamanan kesehatan di era digital. 

Yuk unduh whitepaper-nya sekarang melalui 🔗 populix.id/download2025 dan dapatkan gambaran untuk menavigasi berbagai tantangan ekonomi digital yang muncul di tahun mendatang!

#Populix #NextGenResearch #PopulixIndustryOutlook #IndustryOutlook2025 #marketresearch #event",https://www.instagram.com/p/DDJxptWTzrB/
populix.co,"🔥 Fireside Chat: Future-Ready Workforce di Populix Industry Outlook 2025! 🔥

Dalam sesi inspiratif ini, para pembicara membagikan perspektif mereka tentang perkembangan teknologi, termasuk kemunculan AI, yang telah mengubah cara kita bekerja.

Diskusi ini menekankan bahwa meskipun AI terus berkembang, teknologi ini tidak sepenuhnya dapat menggantikan peran manusia, terutama dalam hal soft skills seperti kempampuan berpikir strategis, empati, dan kepemimpinan.

Terima kasih kepada Antonio Mazza (@wenetwork.asia) dan Rici Ronaldo (@kemnaker) yang telah membagikan pengalaman dan insights terkait tantangan tenaga kerja di masa depan. 🙌✨

Ingin tahu lebih banyak? Tonton tayangan ulangnya di YouTube kami dan unduh white paper eksklusif untuk mendapatkan pemahaman lebih dalam tentang tren dan strategi membangun future-ready workforce!

🎥 YouTube Replay: 🔗 populix.id/liveoutlook2025
📊 White Paper: 🔗 populix.id/outlookreport2025

#Populix #NextGenResearch #IndustryOutlook2025 #Workforce #FutureOfWork #EkonomiDigital",https://www.instagram.com/p/DDeXbUDToiN/
populix.co,"Pada 4 Desember lalu, Populix baru saja mengadakan peluncuran laporan Populix Industry Outlook: Navigating Economic and Security Challenges in 2025. Acara ini menghadirkan diskusi yang inspiratif hingga membuat para peserta antusias mendalami wawasan terbaru tentang tantangan ekonomi dan keamanan di tahun mendatang 📊🌍

Yuk intip apa kata mereka tentang Populix Industry Outlook tahun ini! ⬆️

Penasaran dengan diskusi yang dibahas selama acara berlangsung? Kamu bisa tonton siaran ulangnya pada 🔗populix.id/liveoutlook2025.

Jangan lupa unduh white paper lengkapnya di sini 👉🏻 🔗populix.id/outlookreport2025 

#Populix #NextGenResearch #IndustryOutlook2025 #MarketResearch #EventRecap #DigitalEconomy #askattendees",https://www.instagram.com/p/DDZVz-fzLS_/
populix.co,"Perkembangan AI dan otomatisasi semakin tumbuh pesat di era modern ini. Namun, di balik kecanggihan teknologi yang membuat pekerjaan lebih efisien, riset Populix menunjukkan banyak orang yang khawatir pekerjaannya terancam. 

Lalu bagaimana masyarakat Indonesia harus menghadapi tantangan ini agar tetap bisa bersaing di era digital? 

Simak diskusi selengkapnya besok, pada peluncuran laporan Populix Industry Outlook yang mengusung tema “Navigating Economic and Security Challenges in 2025” yang akan membahas topik seputar peluang dan tantangan di era ekonomi digital di Indonesia, risiko keamanan siber, stabilitas pekerjaan, dan juga keamanan kesehatan! 📊🌐

Catat tanggalnya!
📅 Rabu, 4 Desember 2024
⏰ 09.30 - 13.00 WIB
📍 Thamrin Nine Gold Ballroom, Jakarta
📺 Live di YouTube: populix.id/liveoutlook2025

Kuota offline terbatas, jadi pastikan kamu segera reservasi di:
👉 populix.id/rsvp2025

Sampai jumpa besok! ✨

#Populix #NextGenResearch #PopulixIndustryOutlook #IndustryOutlook2025 #marketresearch #event",https://www.instagram.com/p/DDGkC8xTt0H/
populix.co,"Pada sesi diskusi panel bertajuk “From Innovation to Impact: How Digital Economy is Reshaping Consumer Power” di Populix Industry Outlook 2025, para pembicara berbagi pandangan dan pengalaman mereka tentang perkembangan ekosistem digital di Indonesia.

Terima kasih kepada @arsjadrasjid, @timoventures, @alinewiratmaja dan Patrick Yip @intudovc atas insights dan pengalaman berharga yang dibagikan dalam sesi ini! 🙌✨

Mau tahu lebih banyak dari diskusi panel ini? Saksikan tayangan ulang diskusi Industry Outlook 2025 di YouTube kami dan unduh white paper eksklusif untuk memahami lanskap ekonomi digital yang akan membentuk tahun 2025.

🎥 YouTube Replay: 🔗populix.id/liveoutlook2025
📊 White Paper: 🔗populix.id/outlookreport2025

#Populix #NextGenResearch #IndustryOutlook2025 #EkonomiDigital #EkosistemDigital #DiskusiPanel",https://www.instagram.com/p/DDbyoOSTd1P/
populix.co,"Pada sesi diskusi ‘Elevating Patient Care through Digital Innovation’ di acara Populix Industry Outlook 2025, para narasumber membagikan wawasan mendalam tentang bagaimana inovasi digital dapat meningkatkan kualitas pelayanan kesehatan di Indonesia👩‍⚕️🩺

dr. Ivanna Theresa S., Sp.OG (Direktur Medik dan Dokter Spesialis Kandungan, RS St. Carolus) menekankan pentingnya digitalisasi dalam dunia medis, seperti penerapan electronic medical record (EMR) untuk memberikan pelayanan yang lebih efisien dan terintegrasi. Sementara itu, Doni Hendrawan dari @bpjskesehatan_ri membahas upaya pemerataan pemanfaatan aplikasi Mobile JKN, untuk mempermudah akses layanan kesehatan bagi seluruh masyarakat💡

Terima kasih kepada para narasumber yang telah berbagi wawasan berharga! Jangan lewatkan tayangan ulang sesi ini di YouTube kami dan unduh white paper eksklusif Populix Industry Outlook 2025 untuk mengetahui lebih dalam bagaimana inovasi digital mendorong peningkatan pelayanan kesehatan di era modern.

🎥 YouTube Replay: 🔗 populix.id/liveoutlook2025
📊 White Paper: 🔗 populix.id/outlookreport2025

#Populix #NextGenResearch #IndustryOutlook2025 #DigitalInnovation #Healthcare #PatientCare #HealthTech",https://www.instagram.com/p/DDor248zWz0/
populix.co,"Pada sesi diskusi bertema ‘Cyber Shadows: Safeguarding Financial Innovation in the Digital Age’, para narasumber membagikan perspektif wawasan mendalam mengenai tantangan dan solusi terkait keamanan siber di era yang serba digital. 

Firlie Ganinduto (Wakil Sekretaris Jenderal AFTECH), Hana Abriyansyah (Founder dan CEO @cisometric), dan @alexander.marcel (Google Cloud Security Engineer) mengingatkan kita bahwa meskipun transformasi digital dan kecanggihan teknologi terus berkembang pesat, ancaman siber yang semakin kompleks juga harus menjadi perhatian utama 🔐💻

Jangan lewatkan tayangan ulang diskusi ini di YouTube kami dan unduh white paper Populix Industry Outlook: Navigating Economic and Security Challenges in 2025 untuk pemahaman lebih dalam. 

🎥 YouTube Replay: 🔗 populix.id/liveoutlook2025 
📊 White Paper: 🔗 populix.id/outlookreport2025 

#Populix #NextGenResearch #IndustryOutlook2025 #Cybersecurity #digitalliteracy #Fintech #keamanansiber #teknologi",https://www.instagram.com/p/DDg8AEiT1-y/
populix.co,"⏳ D-1 Menuju Populix Industry Outlook 2025! 🌐

Jangan lewatkan peluncuran laporan Populix Industry Outlook 2025 dan kesempatan untuk memahami lebih dalam tentang peluang dan tantangan yang muncul seiring pesatnya perkembangan ekonomi digital. 

Nantikan acaranya, besok!

📅 Rabu, 4 Desember 2024
⏰ Pukul 09:30 - 13:00 WIB
📍 Thamrin Nine, Gold Ballroom
🔗 RSVP sekarang di populix.id/rsvp2025 (kuota offline terbatas!)
📺 Live Stream di YouTube: populix.id/liveoutlook2025

Dengarkan langsung perspektif para ahli dari berbagi bidang dalam 4 sesi diskusi:

✅ From Innovation to Impact: How Digital Economy is Reshaping Consumer Power
✅ Cyber Shadows: Safeguarding Financial Innovation in the Digital Age
✅ Future-Ready Workforce
✅ Elevating Patient Care through Digital Innovation

💡 Jangan sampai ketinggalan! Tandai sesi-sesi yang paling ingin kamu ikuti dan siapkan pertanyaanmu untuk para pembicara!

#Populix #NextGenResearch #PopulixIndustryOutlook #IndustryOutlook2025 #marketresearch #event",https://www.instagram.com/p/DDHM2-gTAGd/
populix.co,"Populix Industry Outlook: Navigating Economic and Security Challenges in 2025 telah berlangsung dengan sukses! 🎉

Mulai dari pembahasan tentang keamanan siber, transformasi digital di bidang kesehatan, hingga perubahan prioritas konsumen di era digital, acara ini memberikan banyak inspirasi dan wawasan yang relevan untuk masa depan yang lebih aman dan berkelanjutan. Selain itu, acara ini diharapkan dapat meningkatkan optimisme para pelaku bisnis dari berbagai industri untuk terus beradaptasi di era digital yang dinamis.

Terima kasih kepada semua pembicara, moderator dan peserta yang telah hadir dan berkontribusi dalam diskusi penuh wawasan ini. 🙌

Penasaran bagaimana suasana acaranya? Yuk, simak highlight-nya di video ini! 🎥

Buat yang ketinggalan, kamu bisa nonton ulang diskusinya di YouTube Populix di sini: populix.id/liveoutlook2025.

Dan jangan lupa juga download whitepaper lengkapnya di populix.id/outlookreport2025! ⬇️

#Populix #NextGenResearch #IndustryOutlook2025 #MarketResearch #EventRecap #DigitalEconomy",https://www.instagram.com/p/DDYkA14TfPj/
populix.co,"Excited to see the future of electric vehicles and battery innovation unfold! 🚗🔋

At the International Battery Summit 2025, Populix CEO Dr Timothy Astandu, moderated a thought-provoking panel discussion on the growth and market dynamics of the EV battery industry. The conversation highlighted key barriers, opportunities for innovation, and the essential role of battery technology in the global energy transition.

The room was filled with industry leaders, innovators, and experts coming together to drive meaningful change.

A big thank you to @nbri.indonesia and @ibatterysummit for this incredible opportunity to contribute to the conversation shaping the future of the EV industry!

-—

Tak sabar melihat perkembangan masa depan kendaraan listrik dan inovasi baterai! 🚗🔋

Dalam ajang International Battery Summit 2025, CEO Populix Dr. Timothy Astandu memoderatori diskusi panel yang memancing pemikiran seputar pertumbuhan dan dinamika pasar industri baterai kendaraan listrik. Percakapan ini menyoroti hambatan utama, peluang inovasi, serta peran penting teknologi baterai dalam transisi energi global.

Ruangan dipenuhi oleh para pemimpin industri, inovator, dan pakar yang berkumpul untuk mendorong perubahan yang berarti.

Terima kasih sebesar-besarnya kepada @nbri.indonesia dan @ibatterysummit atas kesempatan luar biasa ini untuk berkontribusi dalam percakapan yang membentuk masa depan industri kendaraan listrik!

#Populix #IBS2025 #BatteryTechnology #CleanEnergy #SustainableFuture #ElectricVehicles",https://www.instagram.com/p/DNF-Bdhz4bY/
populix.co,"Bali Climate Week was held for the first time in Indonesia as a cross-sector and multi-level platform to drive collaborative and impactful local climate initiatives.

On this occasion, we’re proud to have collaborated with @wriindonesia to showcase our latest research on Low Emission Zones (LEZ) in Sanur and Ubud. Our study highlights the challenges and opportunities in community mobility and provides a strong foundation for sustainable transportation policies.

It was an honor to join leaders, climate advocates, and communities, and to provide insights that support local initiatives in creating meaningful impact.

We’re always excited to explore new collaborations. Let’s create impact together and connect with us at info.populix.co/contact-us.

—-——

Untuk pertama kalinya di Indonesia, Pekan Iklim Bali 2025 diselenggarakan sebagai ruang temu lintas sektor dan tingkatan untuk mendorong inisiatif iklim lokal yang kolaboratif dan berdampak.

Dalam kesempatan ini, Populix bekerja sama dengan WRI Indonesia menampilkan hasil riset terbaru kami tentang Kawasan Rendah Emisi (LEZ) di Sanur dan Ubud. Studi ini menyoroti tantangan dan peluang mobilitas masyarakat serta menjadi dasar penting bagi kebijakan transportasi yang berkelanjutan.

Kami bangga dapat bergabung dengan para pemimpin, pegiat iklim, dan komunitas, serta berbagi wawasan yang mendukung inisiatif lokal dalam menciptakan dampak yang nyata.

Tetraik untuk berkolaborasi dan bikin dampak bersama? Langsung hubungi kami di info.populix.co/contact-us!

#Populix #NextGenResearch #PolicyandSocietyResearch #PekanIklimBali #LowEmissionZone #ClimateSolutions",https://www.instagram.com/p/DOXkQAYEgfu/
populix.co,"iPhone 16 Resmi Masuk Pre-Order di Indonesia!📱 🇮🇩Tapi yang bikin kaget, 8 dari 10 orang ternyata nggak tertarik buat beli! 😳

Padahal biasanya setiap peluncuran iPhone selalu jadi momen yang ditunggu-tunggu dan langsung nge-tren. Tapi sekarang kenapa ya antusiasmenya mulai menurun?

Coba share pendapat versi kamu, Popstars dan tulis di kolom komentar ya ⬇️

#Populix #NextGenResearch #iPhone16 #PopulixInsight #AppleIndonesia #TechTrend",https://www.instagram.com/p/DIOUWBUzueO/
populix.co,"Apakah kendaraanmu sudah terlindungi asuransi?🚗

Asuransi kendaraan bisa memberikan perlindungan finansial dari kerugian tak terduga dan ketenangan saat berkendara. 

Temukan insight terkait kepemilikan asuransi kendaraan dan sentimen masyarakat terhadap program wajib asuransi kendaraan yang sedang direncanakan pemerintah, pada laporan terbaru Populix yang dapat di akses pada link 🔗bit.ly/CarInsuranceReport

#Populix #NextGenResearch #RisetPasar #SurveiOnline #AsuransiKendaraan",https://www.instagram.com/p/DCG08UuTOzJ/
populix.co,"Selain debat Capres-Cawapres pada pemilu lalu, debat antar calon kepala daerah juga tak kalah penting lho untuk kita simak❗

Melalui debat publik ini, kita bisa memahami program kerja dan visi misi para kandidat, serta melihat seberapa dalam pemahaman mereka terhadap isu-isu lokal dan solusi yang ditawarkan.

Jadi, bagaimana dengan kamu, Popstars? Apakah ikut menyaksikan debat calon kepala daerah kali ini? 🤔

#Populix #NextGenResearch #Pilkada #Politik #debatpilkada",https://www.instagram.com/p/DB8Q9YwTBlz/
populix.co,"Pilkada 2024 udah di depan mata, lho! Udah punya pilihan buat calon pemimpin daerahmu belum? 🤔

Pastikan kandidat pilihanmu udah sesuai sama harapan dan kriteriamu, seperti punya integritas, visi misi yang jelas, dan kemampuan untuk membawa perubahan nyata 🙌🏻📮

Ingat, pilih dengan bijak ya, Popstars! ✨

#Populix #NextGenResearch #Pilkada2024 #pilkada #pilihanbijak #vote",https://www.instagram.com/p/DCOhoekTbQp/
populix.co,"Perkembangan bank digital semakin masif beberapa tahun ke belakang dan semakin diminati karena berbagai faktor yang relevan dengan kebutuhan masyarakat modern.
 
Menurut survei Populix, Seabank termasuk salah satu bank digital paling populer di Indonesia lho! 😱

Kamu juga pakai salah satu bank digital di atas gak nih, Popstars? Coba tag bank digital favoritmu di kolom komentar! 👇🏻

Nah, buat kamu yang mau tahu lebih lanjut tentang tren bank digital 2024, yuk scan QR di atas untuk baca laporan selengkapnya!📈

#Populix #NextGenResearch #surveyonline #bankdigital #bank #banking #bankindonesia #seabankid #jago",https://www.instagram.com/p/DCTwL3pz3_O/
populix.co,"Baru-baru ini, Populix bekerja sama dengan platform pencari kerja @kitalulus, menggali lebih lanjut tentang fenomena job mismatch di Indonesia, di mana riset menunjukkan sekitar 30% responden melamar pekerjaan yang tidak sesuai dengan latar belakang pendidikannya.

Kira-kira apa yang melatarbelakangi masalah ini? Dan seperti kesenjangan antara skill/pendidikan yang dimiliki oleh pencari kerja dengan yang dibutuhkan perusahaan?

Kupas tuntas jawabannya dalam peluncuran laporan Populix x Kita Lulus ‘Bridging the Gap: Understanding Job Mismatch in Today’s Workforce’ di event Naker Fest 2024 yang diselenggarakan oleh @kemnaker, pada

🗓 Sabtu, 24 Agustus 2024
⏰ 14.00 - 15.00 WIB
📍 Jakarta International Expo Kemayoran Hall C
🎙️ Narasumber: Vivi Zabkie, Kepala Riset Sosial, Populix

Yuk, dapatkan insight menariknya dan ajak rekan kamu untuk datang ke Naker Fest 2024! Jangan sampai ketinggalan ya! See youu 👋

#Populix #PowerAllVoice #PowerAllGrowth #Karir #ketenagakerjaan",https://www.instagram.com/p/C-9_4PdyVgE/
populix.co,"Melamar pekerjaan yang tidak sesuai dengan latar belakang pendidikan sebetulnya sah-sah saja, selama punya skill dan memenuhi kualifikasi untuk posisi tersebut 💼🎓

Namun, berdasarkan riset Populix x KitaLulus, ada faktor lainnya yang melatar belakangi para job seeker melamar pekerjaan yang berbeda dengan pendidikan yang ditempuh.

27% responden di antaranya rela ‘banting setir’ demi mendapat pekerjaan apapun tanpa mempertimbangkan latar belakang pendidikan mereka. Selain itu, mereka juga mengaku jika ketersediaan lowongan pekerjaan yang sesuai bidang pendidikan mereka sangat sedikit.

Lalu, hambatan apa lagi ya yang sering dihadapi oleh para job seeker di Indonesia? Geser untuk simak hasil surveinya 👉

Atau, kamu bisa temukan lebih banyak insight pada laporan Populix ‘Bridging the Gap: Understanding Job Mismatch in Today’s Workforce’ pada link 🔗populix.club/report-jobmismatch 📊

#Populix #PowerAllVoice #PowerAllGrowth #ketenagakerjaan #karir #jobseeker #careerswitch",https://www.instagram.com/p/C_M5tAsSH8e/
populix.co,"Tahukah kamu? Ketika banyak pekerja yang sadar akan hak-haknya di tempat kerja, mereka dapat bersama-sama mendorong perubahan kebijakan yang lebih baik💪✨

Nah, kira-kira seberapa aware sih para pekerja tentang Undang-Undang yang mengatur hak-hak mereka sebagai karyawan? Yuk simak jawabannya di video ini!

—
Dan jangan lewatkan diskusi seru Populix yang akan dilaksanakan pada:

🗓: Selasa, 24 September 2024
⏰: 10.00 - 12.00 WIB
📍: Live Zoom Meeting
🎟: FREE REGISTRATION

Narasumber:
1. Jonas Danny M. K. (Head of Human Resources Populix)
2. Muhammad Iqbal (Social Research Sr. Executive Populix)

⭐ Keuntungan buat peserta :
* Sertifikat
* PDF Materi
* Saldo Gopay sampai 100ribu untuk 2 peserta beruntung!

⬇ Registration Link
https://bit.ly/2ndPopulixHRevent

Jika ada info lebih yang ingin ditanyakan, boleh follow dan DM instagram yah 😊

#Populix #PowerAllVoice #marketresearch #surveyonline #karyawan #hakkerja #infopekerja #webinar #webinargratis #infowebinar #infoseminar #sertifikatgratis #mediapromosi #promosiwebinar #promosievent #webinarseptember",https://www.instagram.com/p/DADhFhAMZYR/
populix.co,"Pilkada Serentak 2024 akan menjadi momen penting bagi masyarakat memilih pemimpin daerah yang akan membawa perubahan di wilayahnya🗳️

Dalam proses ini, persepsi publik terhadap calon kepala daerah sangatlah beragam.

Ada yang percaya bahwa calon dari partai politik memiliki dukungan kuat, namun tidak sedikit pula yang lebih mempercayai calon independen yang dianggap tidak terikat kepentingan partai. Selain itu ada juga yang lebih mementingkan sosok calon terlepas dari jalur pencalonan maupun latar belakang partainya.

Bagaimana pandanganmu tentang hal ini?🤔

Yuk share di kolom komentar👇

#Populix #PowerAllVoice #PowerAllGrowth #SocialResearch #Pilkada2024 #pilkadaserentak2024 #politik",https://www.instagram.com/p/C_c3cEzSfK8/
populix.co,"Kalau kamu nemu tipe pekerja kayak gini gimana nih guys? 🤭

#Populix #PowerAllVoice #PowerAllGrowth #marketresearch #surveyonline #pekerja #karyawan #lamarkerja #lingkungankerja #carikerja",https://www.instagram.com/p/C_SpnorSl_F/
populix.co,"Data BPS menunjukkan bahwa saat ini, terdapat 9,9 juta penduduk usia muda di Indonesia yang belum memiliki pekerjaan, dengan mayoritasnya merupakan lulusan SMA dan SMK yang kesulitan mencari kerja.
 
Sementara itu, dalam riset Populix 46% perusahaan malah mengaku mencari karyawan cukup sulit.  Perkaranya, pada sejumlah titik kebutuhan perusahaan dan tenaga kerja yang tersedia tidak match. 

Untuk memahami fenomena job mismatch tersebut, Populix dan @kitalulus melakukan survei ke 1.330 pencari kerja, 100 perusahaan, serta mengolah lebih dari 1 juta data dari platform KitaLulus.  Hasil analisis mengidentifikasi titik-titik job mismatch dari sisi perusahaan dan sisi pencari kerja. 

Temukan insight selengkapnya terkait fenomena job mismatch di Indonesia pada laporan terbaru kami di 🔗populix.club/report-jobmismatch

#Populix #PowerAllVoice #PowerAllGrowth #ketenagakerjaan #karir",https://www.instagram.com/p/C_DNtICyqpK/
populix.co,"Tak lagi sekadar pemanis di atas gaji pokok, benefit kerja kini menjadi salah satu faktor utama bagi para job seeker saat hendak melamar pekerjaan di suatu perusahaan.

Menurut temuan riset terbaru Populix, mayoritas job seeker pada umumnya mencari perusahaan yang menyediakan benefit BPJS ketenagakerjaan dan juga THR.

So, penting banget bagi organisasi atau bisnis untuk menyediakan benefit yang bisa menjadi daya tarik dalam menemukan talenta terbaik✨

Kalau menurut Popstars, benefit apa lagi nih yang wajib masuk checklist kalian saat melamar pekerjaan? 🤔

#Populix #PowerAllVoice #PowerAllGrowth #Karir #ketenagakerjaan #bpjs",https://www.instagram.com/p/C_Cxbkzy6f9/
populix.co,"🚀 The wait is over!

Populix Industry Outlook 2025 kembali hadir dengan tema yang super menarik: ‘Navigating Security and Stability in the Digital Age’! 📲

Di acara ini, Populix akan membahas temuan dari laporan Industry Outlook 2025 yang mencakup peluang dan tantangan di era ekonomi digital di Indonesia, seperti prioritas konsumen di era digital, keamanan siber, stabilitas pekerjaan, dan juga masalah keamanan kesehatan! 📊🌐

Catat tanggalnya!
📅 Rabu, 4 Desember 2024
⏰ 09.30 - 13.00 WIB
📍 Thamrin Nine Gold Ballroom, Jakarta

Kuota offline terbatas, jadi pastikan kamu segera reservasi di:
👉 populix.id/rsvp2025

Jangan sampai ketinggalan! Yuk, gabung sekarang dan bersiap menavigasi masa depan digital bersama Populix! ✨

#Populix #NextGenResearch #PopulixIndustryOutlook #IndustryOutlook2025 #marketresearch #event",https://www.instagram.com/p/DCykwMxzLD4/
populix.co,"🚀 Era digital memberikan banyak kemudahan dalam kehidupan kita sekaligus membuka peluang baru untuk inovasi dan efisiensi di berbagai bidang.

Namun, di balik kemajuan ini, ancaman keamanan siber menjadi perhatian utama. Berdasarkan riset Populix, 2 dari 3 orang Indonesia merasa khawatir terhadap keamanan mereka di dunia digital. 

Responden juga mulai menyadari berbagai ancaman seperti virus, phishing, hingga malware yang berisiko mengganggu privasi dan keamanan mereka. 🔒

📢 Nantikan hasil riset selengkapnya dan strategi menghadapi tantangan keamanan siber dalam Populix Industry Outlook 2025. Jangan lewatkan informasi terbaru seputar acara ini—ikuti terus sosial media @populix.co untuk detail lebih lanjut! ✨

#PopFacts
#Populix
#IndustryOutlook2025
#KeamananSiber
#cybersecurity",https://www.instagram.com/p/DCq4GwdTlow/
populix.co,"Di tengah pesatnya perkembangan teknologi, aplikasi digital telah membawa kemudahan luar biasa dalam kehidupan kita, mulai dari belanja, pesan transportasi online, hingga merencanakan traveling.📲

Namun, di balik kenyamanan tersebut, masih ada hambatan yang dirasakan konsumen dalam mengadopsi layanan digital untuk kebutuhan sehari-hari. Inilah alasan mengapa bisnis perlu terus berinovasi agar pengalaman pengguna semakin maksimal.

Dapatkan lebih banyak insights menarik dan dengarkan langsung perspektif para ahli di acara Populix Industry Outlook: Navigating Economic and Security Challenges in 2025.

📅 Rabu, 4 Desember 2024
⏰ 09:30 - 13:00 WIB
📍 Thamrin Nine, Gold Ballroom
🔗 RSVP di populix.id/rsvp2025 (kuota terbatas)
📺 Live di YouTube: populix.id/liveoutlook2025

Kami tunggu kehadiranmu! 🚀

#Populix #NextGenResearch #PopulixIndustryOutlook #IndustryOutlook2025 #ekonomidigital #digitaleconomy #consumerbehavior",https://www.instagram.com/p/DC85GPkT_Jl/
populix.co,"Di tengah era digital yang semakin berkembang, keamanan siber menjadi perhatian utama bagi masyarakat Indonesia 🤔🇮🇩

Lalu, bagaimana masyarakat melindungi diri dari ancaman di dunia maya? Tonton video ini sampai habis✨ 

Jangan lupa, kamu juga bisa menemukan insights lebih lengkap dan berdiskusi langsung bersama para ahli di Populix Industry Outlook 2025: “Navigating Security and Stability in the Digital Age.” 🚀

Catat tanggalnya!
📅 Rabu, 04 Desember 2024
⏰ 09.30 - 13.00 WIB
📍 Thamrin Nine, Gold Ballroom
🔗RSVP  populix.id/rsvp2025 (kuota offline terbatas)
🎥 Live Stream di YouTube:  populix.id/liveoutlook2025

Follow dan stay tuned terus di Instagram @populix.co untuk informasi lebih detail terkait acara ini! ✨

#Populix #NextGenResearch #PopulixIndustryOutlook #IndustryOutlook2025 #marketresearch #event",https://www.instagram.com/p/DCylVvnTxon/
populix.co,"Siapkah kamu menghadapi peluang dan tantangan ekonomi digital di tahun 2025?🚀

Memasuki 2025, ekonomi digital Indonesia berkembang pesat, membawa dampak signifikan bagi berbagai sektor. Namun, kemajuan ini juga memunculkan kompleksitas dan tantangan baru.

Mengusung tema “Navigating Economic and Security Challenges in 2025”, kami akan meluncurkan laporan Populix Industry Outlook 2025, serta membahas temuan laporan dalam 4 sesi diskusi panel bersama para ahli dari berbagai bidang, dengan topik utama: 

✅ From Innovation to Impact: How Digital Economy is Reshaping Consumer Power
✅ Cyber Shadows: Safeguarding Financial Innovation in the Digital Age
✅ Future-Ready Workforce
✅ Elevating Patient Care through Digital Innovation

Catat tanggalnya!

📅 Rabu, 4 Desember 2024
⏰ Pukul 09:30 - 13:00 WIB
📍 Thamrin Nine, Gold Ballroom
🔗 RSVP di populix.id/rsvp2025 (kuota offline terbatas!)

📺 Live Stream di YouTube: populix.id/liveoutlook2025

Kami tunggu kehadiranmu! 🎉

#Populix #NextGenResearch #IndustryOutlook #MarketResearch #marketoutlook  #digitaleconomy #ekonomidigital",https://www.instagram.com/p/DC6WTCKTZ01/
populix.co,"Siapa sangka di tengah dominasi brand internasional, skincare lokal justru semakin bersinar di tahun 2024? 😉

Berdasarkan laporan terbaru Populix, sebanyak 52% konsumen Indonesia lebih memilih produk kecantikan lokal karena mengutamakan keamanan dan kualitas yang sudah terjamin dengan adanya sertifikasi BPOM lho 🤭

Temukan insight selengkapnya terkait pada premium report terbaru kami berjudul“Market Insights and Strategic Opportunities for Beauty and Fashion Brands in Indonesia”,🔗 populix.club/fashionbeauty atau klik link di bio ✨

#Populix #marketresearch #surveyonline #Survey #Indonesia
⁣#SkincareLokal #TrenSkincare2024 #BeautyCommunity #PerawatanKulit #skincare #lokal #Indonesia",https://www.instagram.com/p/DAVh3BITzht/
populix.co,"Popstars! Kenalan yuk sama para beauty influencer favoritnya responden Populix yang selalu kasih inspirasi makeup dan skincare! 😍💄

Kira-kira ada favorit kamu gak nih? Coba tag beauty influencer favorit kamu di kolom komen ya! ⬇️✨

#Populix #PowerAllVoice #PowerAllGrowth #surveyonline #beauty #beautybloggers #beautyobsessed #makeup #skincare #influencer #selebgram",https://www.instagram.com/p/C7898a4yvtT/
populix.co,"Pernah merasa dilecehkan di lingkungan kerjamu? Kamu NGGAK sendirian!

Survei Populix menunjukkan bahwa 32% kasus PTM “(Perlakuan Tidak Menyenangkan)” di Indonesia tidak terselesaikan.

Tapi kita bisa ubah ini! ✊

Mari bersatu untuk menciptakan lingkungan kerja yang aman dan nyaman bagi semua dengan ikutan diskusi publik yang diselenggarakan oleh Populix yang akan diselenggarakan secara online, pada:

📅: Senin, 24 Juni 2024
⏰ 09.30 - 12.00 WIB
🔴 Live on Populix Zoom
🔗 Link registrasi: http://bit.ly/PopulixHRevent

🌟 FREE entry🌟

Catat tanggalnya dan ikuti diskusinya secara langsung!

#Populix #PowerAllVoice #PowerAllGrowth #WorkplaceWellbeing #KesejahteraanKerja",https://www.instagram.com/p/C8JuJrbSS-h/
populix.co,"Waduh, ternyata masih ada saja perlakuan diskriminasi yang terjadi di kalangan para pekerja wanita 😱😱

Belum lama ini, Populix telah mengadakan survei ke 424 wanita berstatus pekerja untuk mengungkapkan perlakuan-perlakuan tidak menyenangkan apa saja yang mereka sering alami dalam lingkup dunia pekerjaan.

Dilansir dari report  Populix bertajuk: “Women’s Equality in the Workplace”, sebanyak 62% pekerja wanita pernah mengalami perlakuan tidak menyenangkan, dikarenakan mereka pernah menunjukkan ekspresi wajah yang meremehkan dan juga ada 22% yang pernah mengalami tindakan bully dikalangan para pekerja wanita ☹️

Jika anda ingin mendapatkan insight seperti report ini yang membahas lebih mengenai situasi dalam bagaimana menciptakan lingkungan kerja yang lebih inklusif dan mendukung bagi semua karyawan. Jangan lewatkan diskusi Populix yang berjudul: Gen Z and Millennials Under Pressure: Uncovering Negativity Experience and Unpleasant Treatment in the Workplace 📥

Stay Tuned dan Follow Instagram Populix untuk ikuti perkembangan kami untuk info lebih lanjut tentang acara ini! ✨🦄

——

#Populix #PowerAllVoice #PowerAllGrowth #Surveyonline #PopulixEvent #HR #BusinessOwners #WorkplaceWellbeing #KesejahteraanKerja #PopulixEvents",https://www.instagram.com/p/C76x9suyVah/
populix.co,"Sudahkah kamu melakukan backup data secara rutin? Jangan sampai lupa lho!

Karena data penting seperti foto, dokumen, dan file lainnya rawan hilang atau rusak akibat berbagai faktor, seperti terkena virus, kerusakan atau kehilangan perangkat, atau bahkan faktor human error.

Dan yang gak kalah penting, lindungi data kamu dengan cara:

🔒Gunakan  password yang kuat dan unik untuk setiap akun.
🔑Aktifkan two-factor authentication.
📁 Jangan sembaran klik link atau buka file dari sumber yang gak jelas!

Ada lagi nggak nih yang belum Popcorn sebutkan? Yuk tambahin atau share cara lindungi data versi kamu di kolom komentar👇💬

#Populix #SuperPopStar #PowerAllVoice #PowerAllGrowth #SurveiOnline #KeamananData #PDN #pusatdatanasional #kominfo #cybersecurity",https://www.instagram.com/p/C9CZTuNSrjf/
populix.co,"Ternyata, Youtube dan Netflix adalah platform OTT paling populer di Indonesia lho!😱

Nah, kalau kamu biasanya streaming film di platform mana nih? Coba kasih tahu di kolom komen👇🏻 
#Populix #PowerAllVoice #PowerAllGrowth #marketresearch #surveyonline #platform #platformott #streaming #streamingfilm",https://www.instagram.com/p/C91S9E8SyOl/
populix.co,"Coba spill HP pertama kamu apa?📱👇🏻

#Populix #PowerAllVoice #PowerAllGrowth #marketresearch #surveyonline #handphone #smartphone #hpjadul #hp",https://www.instagram.com/p/C9esOu6ygF3/
populix.co,"Following the new US tariffs, most Indonesians say they are not confident in the government’s ability to manage the economic impact. As prices rise, public concern is growing over whether current measures are enough.

Check out the full survey results to see what the public expects next👉

#Populix #NextGenResearch #Indonesia #USTariff #economy",https://www.instagram.com/p/DI3fmzhztHT/
populix.co,"Gaji pekerja baik PNS maupun swasta akan dipotong 3% setiap bulannya pada tanggal 10 untuk iuran Tabungan Perumahan Rakyat (Tapera). Hmm, kira-kira kebijakan ini mampu menyelesaikan masalah kebutuhan rumah di Indonesia nggak ya?🤔

#Populix #PowerAllVoice #PowerAllGrowth #SurveiOnline #Tapera #TabunganPerumahanRakyat #viral",https://www.instagram.com/p/C7oU6revNmh/
populix.co,"Bersiaplah untuk Populix Industry Outlook 2025!✨

Jangan lewatkan peluncuran laporan Populix Industry Outlook 2025 dan diskusi mendalam bersama pembicara inspiratif serta para ahli, mengenai:

✅ Pergeseran Prioritas Konsumsi di Era Digital
✅ Risiko Keamanan Siber
✅ Dampak Ekonomi Digital terhadap Stabilitas Ketenagakerjaan
✅ Tantangan Keamanan Kesehatan

📅 Catat tanggalnya dan follow @populix.co agar tidak ketinggalan informasi terkait reservasi dan line-up pembicara! 

#Populix #NextGenResearch #PopulixIndustryOutlook #IndustryOutlook2025 #marketresearch #event",https://www.instagram.com/p/DCoSLeCzURu/
populix.co,"Yuk, kenalan dengan para juri Lomba Artikel Analisis Data Indeks Keselamatan Jurnalis 2024!

Kompetisi ini akan melibatkan para ahli berpengalaman di bidang jurnalistik, riset sosial, dan advokasi kebebasan pers untuk menilai karya tulis peserta. 

Dalam proses penjurian, mereka akan mengevaluasi karya berdasarkan berbagai aspek penting seperti kualitas analisis data, kedalaman interpretasi, orisinalitas & inovasi, struktur artikel, visualisasi data, serta aspek penting lainnya.

👉 Swipe untuk kenalan lebih dekat dengan para juri hebat ini, dan pastikan kamu daftarkan artikelmu sekarang!

🔗 Info lengkap dan pendaftaran: https://info.populix.co/articles/lomba-ikj2024

#IndeksKeselamatanJurnalis #Populix #TIFAFoundation #JurnalismeAman
#WritingCompetition #lombamahasiswa #lombamenulis #lombakaryatulisilmiah",https://www.instagram.com/p/DJERUpnzZCx/
populix.co,"Populix Industry Outlook kembali digelar tahun ini! 📣

Catat tanggalnya!

📅 Rabu, 04 Desember 2024
⏰ 09.30 - 13.00 WIB
📍 Thamrin Nine, Gold Ballroom

Mengusung tema ‘Navigating Security and Stability in the Digital Age’, acara tahun ini akan membahas temuan hasil studi Populix terkait peluang dan tantangan di balik pertumbuhan ekonomi digital di Indonesia saat ini, mulai dari prioritas dan daya beli konsumen, keamanan siber, keamanan pekerjaan, hingga keamanan kesehatan di era digital.

Follow dan stay tuned terus di Instagram @populix.co untuk informasi lebih detail terkait acara ini! ✨

#Populix #NextGenResearch #PopulixIndustryOutlook #IndustryOutlook2025 #marketresearch #event",https://www.instagram.com/p/DClzy54TeQu/
populix.co,"Pemerintah Indonesia punya rencana untuk menjadikan Indonesia sebagai kiblat industri halal dunia. Kira-kira apa saja yaa peluang dan tantangannya bagi pelaku usaha?

Kamu bisa temukan jawaban selengkapnya di laporan premium Populix ✨ Industry Report Vol. 03✨  pada link di bio, atau kunjungi 🔗 populix.club/halalindustry2024

#Populix #PowerAllVoice #PowerAllGrowth #marketresearch #risetpasar #industrihalal #halalindustry #halal #produkhalal #halalmarket",https://www.instagram.com/p/C5QXkv8SRdF/
populix.co,"🚨SEKILAS INFO MUDIK🚨

Siapa nih yang sudah gak sabar buat Mudik di tahun ini? Mudik atau pulang ke kampung halaman sudah menjadi tradisi yang melekat dengan masyarakat Indonesia setiap menjelang hari raya Idul FItri.

Menurut temuan terbaru survei Populix, puncak arus mudik lebaran tahun ini diperkirakan terjadi pada H-7 dan H-3 lebaran. Kamu salah satu yang akan mudik di hari itu juga nggak nih?

Semoga perjalanan mudiknya lancar dan selamat sampai tujuan yaa!😊

#Populix #PowerAllVoice #PowerAllGrowth #marketresearch #risetpasar #surveyonline #prediksimudik #mudik2024 #lebaran #lebaran2024 #idulfitri #pulangkampung",https://www.instagram.com/p/C5YIfu_LUqx/
populix.co,"Jalan kaki punya segudang manfaat, mulai dari manfaat kesehatan, lingkungan, hingga menghemat pengeluaran bahan bakar kendaraan.

Yuk kurangin budaya mager atau rebahan, dan mulai rajin jalan kaki dari sekarang Popstars!🚶👣

#Populix #PowerAllVoice #PowerAllGrowth #surveyonline #survei #jalankaki #pejalankaki #jalansehat #reels #reelsinstagram",https://www.instagram.com/p/C3r96vwr2mx/
populix.co,"Siapa bilang menikah jadi penghalang bagi para perempuan untuk tetap bekerja? 

Faktanya, 60% wanita Indonesia kini memilih untuk tetap berkarir setelah menikah lho!🫨

Setiap perempuan pastinya punya pilihan dan prioritas masing-masing, baik itu fokus mengurus rumah tangga, buka usaha, atau berkarya di bidang lain. Semuanya sah-sah aja dan patut diapresiasi!👩🏻💼🏡

Nah, kira-kira pendapat kamu gimana nih Popstars? Apakah kamu termasuk salah satu wanita yang memilih untuk tetap berkarir setelah menikah? Yuk, share pengalaman dan pendapatmu di kolom komentar! 💬

#Populix #PowerAllVoice #PowerAllGrowth #marketresearch #risetpasar #surveyonline #wanitakarir #wanitakarirdanirt #careeradviceforwomen #PascaMenikah #kerjasetelahmenikah",https://www.instagram.com/p/C6Gc4zkr3y_/
populix.co,"Di beberapa negara, cuti melahirkan bukan diberikan hanya untuk sang ibu loh, tapi ayah juga bisa ikutan cuti hingga beberapa minggu. Tujuannya adalah agar ayah bisa mendampingi ibu menghadapi perubahan dalam kehidupannya setelah melahirkan dan telibat dalam pengasuhan anak👶

Di Indonesia sendiri, aturan terkait cuti bagi ayah hanya diberikan 2 hari. Hmm, menurut aturan terkait hak cuti ayah di Indonesia perlu dikaji ulang nggak nih?🤔

#Populix #PowerAllVoice #PowerAllGrowth #SurveiOnline #Parenting #PaternityLeave #CutiMelahirkan",https://www.instagram.com/p/C6lXLP-Lv6y/
populix.co,"Selamat hari Minggu Popstars! 👋🏻🦄

Belakangan ini, lagu-lagu hits dari para jebolan Indonesian Idol Wanita Season 10 semakin banyak digemari oleh masyarakat Indonesia, lho! 😍

Lagu-lagu seperti “Kupu-kupu”, “Pesan Terakhir”, “Peri Cintaku”, “Sial”, dan masih banyak lagi yang terus merajai tangga lagu! 👑👏🏻

Nah, kira-kira menurut kalian siapa penyanyi wanita jebolan Indonesian Idol Season 10 yang menjadi favorit kamu nih? share pendapat kalian di kolom komentar! 👇🏻👇🏻

#Populix #PowerAllVoice #PowerAllGrowth #SurveiOnline #indonesianidol #Season10 #penyanyiindonesia",https://www.instagram.com/p/C7JHdlcriuG/
populix.co,"In today’s rapidly shifting economy, the younger generation is redefining what it means to earn a living.

According to Populix’s study, the majority of respondents earn their income from full-time employment, especially Millennials. Meanwhile, 28% report earning through side hustles, with this trend being more prominent among Gen Z.

These choices reflect how young people are becoming increasingly adaptable in navigating the uncertainties of today’s challenging economic climate.

So, how do you keep up with the way this generation earns, saves, and spends?

🔍 Explore the full insights here: https://populix.id/YouthFinancial

----
Di tengah kondisi ekonomi yang terus berubah, generasi muda kini mendefinisikan ulang cara mereka dalam mencari penghasilan.

Berdasarkan studi Populix, mayoritas responden memperoleh penghasilan dari pekerjaan penuh waktu, terutama di kalangan Milenial. Sementara itu, 28% responden menyebutkan bahwa penghasilan mereka berasal dari side hustle, tren yang lebih umum di kalangan Gen Z.

Pilihan ini menunjukkan bagaimana generasi muda semakin adaptif dalam menghadapi ketidakpastian ekonomi saat ini.

Jadi, bagaimana cara kita mengikuti pola pengelolaan keuangan generasi masa kini?

🔍 Pelajari insight lengkapnya di sini: https://populix.id/YouthFinancial

#Populix #NextGenResearch #marketresearch #youthfinancial #financialplanning #genZ #millennials",https://www.instagram.com/p/DMFYW_7R-dt/
populix.co,"Kira-kira baliho kampanye yang dipasang oleh para politisi efektif nggak yaa untuk mendulang suara di Pemilu 2024?🤔

#Populix #PowerAllVoice #PowerAllGrowth #surveyonline #Pilpres2024 #Pemilu2024 #TahunPolitik #baliho #caleg",https://www.instagram.com/p/C29n7rwrmIO/
populix.co,"Ternyata makin banyak nih yang sadar kalau perlindungan kesehatan selain BPJS itu penting ❤️‍🩹

Kira-kira apa ya yang membuat masyarakat mempertimbangkan asuransi kesehatan tambahan? Tonton videonya sampai habis! 💡

Tertarik untuk mengetahui pembahasan lebih lengkap terkait tantangan layanan kesehatan di era digital? Yuk ikuti diskusi dan peluncuran laporan Populix Industry Outlook: Navigating Economic and Security Challenges in the 2025.

📅 Rabu, 4 Desember 2024
⏰ 09.30 - 13.00 WIB
📍 Thamrin Nine, Gold Ballroom, Jakarta
🔗 RSVP sekarang di populix.id/rsvp2025 (kuota offline terbatas!)

Stay tuned di Instagram @populix.co buat informasi ter-update lainnya. Jangan sampai kelewatan, ya! ✨

#Populix #NextGenResearch #PopulixIndustryOutlook #IndustryOutlook2025 #marketresearch #event",https://www.instagram.com/p/DC3UMLszkQq/
